NR. SEQUENZIALE,DATA,N1,N2,N3,N4,N5,N6
2,12/06/1997,32,43,57,62,74,88
3,12/10/1997,32,43,57,62,74,[88]
4,13/12/1997,32,46,59,[62],79,87
5,17/12/1997,36,41,59,64,72,83
6,20/12/1997,34,46,[58],68,72,89
7,24/12/1997,34,49,56,66,77,84
8,27/12/1997,36,42,58,61,71,84
9,31/12/1997,[36],42,58,61,[71],84
10,04/01/1998,37,41,54,64,78,83
11,07/01/1998,[37],41,54,64,78,83
12,08/01/1998,39,43,56,63,76,86
13,14/01/1998,39,43,56,63,76,86
14,17/01/1998,39,43,56,63,76,86
15,21/01/1998,39,43,56,63,76,86
16,24/01/1998,37,47,[56],61,73,87
17,28/01/1998,32,41,57,62,78,86
18,31/01/1998,39,44,56,62,[78],86
19,05/02/1998,39,47,56,69,71,89
20,09/02/1998,39,47,56,69,71,89
21,12/02/1998,32,41,57,62,78,86
22,14/02/1998,32,41,57,62,78,86
23,18/02/1998,32,[41],57,62,78,86
24,21/02/1998,32,42,57,66,76,86
25,25/02/1998,32,41,57,62,78,86
26,28/02/1998,32,41,57,62,78,86
27,01/03/1998,32,41,57,62,78,86
28,06/03/1998,32,41,57,62,78,86
29,10/03/1998,32,41,57,62,78,86
30,14/03/1998,32,41,57,62,78,[86]
31,18/03/1998,32,46,59,62,79,87
32,21/03/1998,32,41,57,62,78,86
33,25/03/1998,32,41,57,[62],78,86
34,28/03/1998,32,42,57,66,76,86
35,02/04/1998,32,42,57,66,76,86
36,03/04/1998,32,41,57,62,78,86
37,04/04/1998,32,41,57,62,78,86
38,07/04/1998,32,41,57,62,78,86
39,11/04/1998,32,41,57,62,78,86
40,15/04/1998,32,41,57,62,78,86
41,18/04/1998,32,41,57,62,78,86
42,22/04/1998,32,41,57,62,78,[86]
43,27/04/1998,32,43,57,[62],74,88
44,29/04/1998,34,46,58,68,72,89
45,08/05/1998,32,41,57,62,78,86
46,09/05/1998,32,41,57,62,78,86
47,12/05/1998,32,41,57,62,78,86
48,13/05/1998,32,[41],[57],62,78,86
49,16/05/1998,32,46,59,62,79,87
50,20/05/1998,32,41,57,62,78,86
51,23/05/1998,32,41,57,62,78,86
52,27/05/1998,32,41,57,62,78,86
53,30/05/1998,32,41,57,62,78,[86]
54,05/06/1998,32,46,59,62,79,87
55,06/06/1998,32,41,57,62,78,86
56,13/06/1998,32,41,57,62,78,[86]
57,17/06/1998,32,43,57,62,74,88
58,20/06/1998,32,41,57,62,78,86
59,24/06/1998,32,41,57,62,78,86
60,27/06/1998,32,41,[57],62,78,86
61,01/07/1998,32,46,59,62,79,87
62,02/07/1998,32,41,57,62,78,86
63,03/07/1998,32,41,[57],[62],78,86
64,10/07/1998,34,41,54,67,76,[83]
65,11/07/1998,32,41,57,62,78,86
66,15/07/1998,[32],41,57,62,78,86
67,18/07/1998,34,41,54,67,76,83
68,22/07/1998,32,41,57,62,[78],86
69,25/07/1998,32,42,57,66,[76],86
70,29/07/1998,32,41,57,[62],78,86
71,04/08/1998,32,42,57,66,76,86
72,07/08/1998,32,41,57,62,[78],86
73,08/08/1998,[32],42,[57],66,76,86
74,17/08/1998,34,46,58,68,72,89
75,19/08/1998,32,41,57,[62],78,86
76,22/08/1998,32,42,57,66,76,86
77,26/08/1998,32,41,57,62,78,86
78,29/08/1998,32,41,57,62,78,86
79,05/09/1998,32,41,57,62,78,86
80,09/09/1998,32,41,57,62,78,86
81,12/09/1998,32,41,57,62,78,86
82,16/09/1998,32,41,57,62,78,86
83,19/09/1998,32,41,[57],62,[78],86
84,23/09/1998,32,46,59,62,79,87
85,26/09/1998,32,42,57,66,76,86
86,30/09/1998,32,41,57,62,78,86
87,01/10/1998,32,41,57,62,78,[86]
88,06/10/1998,32,43,57,62,74,88
89,10/10/1998,32,41,57,62,78,86
90,14/10/1998,32,41,57,62,78,86
91,17/10/1998,32,41,57,62,[78],86
92,21/10/1998,32,42,57,66,76,86
93,24/10/1998,32,41,57,62,78,86
94,28/10/1998,32,41,57,62,78,86
95,31/10/1998,32,41,57,62,78,86
96,02/11/1998,32,41,57,62,[78],86
97,03/11/1998,32,42,57,66,76,86
98,04/11/1998,32,41,57,62,78,86
99,07/11/1998,32,41,[57],62,78,86
100,11/11/1998,32,46,59,62,79,87
101,14/11/1998,32,41,57,62,78,86
102,18/11/1998,32,41,57,62,78,86
103,21/11/1998,[32],41,57,62,78,86
104,25/11/1998,34,41,54,67,76,83
105,28/11/1998,34,41,54,67,76,83
106,08/12/1998,32,41,57,62,78,[86]
107,09/12/1998,32,46,59,62,79,[87]
108,12/12/1998,32,41,57,62,78,[86]
109,16/12/1998,32,[43],57,62,74,88
110,19/12/1998,32,41,57,62,78,86
111,23/12/1998,32,41,57,62,78,86
112,28/12/1998,32,41,57,62,78,86
113,30/12/1998,32,41,57,62,78,86
114,09/01/1999,[32],41,57,62,78,86
115,12/01/1999,34,46,58,68,72,89
116,13/01/1999,32,41,57,62,78,[86]
117,16/01/1999,32,43,57,62,74,88
118,20/01/1999,32,[43],57,62,74,88
119,23/01/1999,32,41,57,62,78,86
120,27/01/1999,32,41,57,62,78,86
121,30/01/1999,32,41,57,62,78,86
122,01/02/1999,32,41,57,62,78,86
123,06/02/1999,32,41,57,62,78,86
124,10/02/1999,32,41,57,62,78,86
125,13/02/1999,32,41,57,62,78,86
126,17/02/1999,32,41,57,62,[78],86
127,20/02/1999,32,42,57,66,76,86
128,24/02/1999,[32],[41],57,62,78,86
129,27/02/1999,34,46,58,68,72,89
130,02/03/1999,32,41,57,62,78,86
131,03/03/1999,32,[41],57,[62],78,86
132,04/03/1999,34,46,58,68,72,89
133,05/03/1999,32,42,57,[66],76,86
134,07/03/1999,32,41,57,62,78,86
135,11/03/1999,32,41,57,62,78,[86]
136,13/03/1999,32,43,57,62,74,88
137,17/03/1999,32,41,57,62,78,86
138,20/03/1999,32,41,57,62,78,86
139,24/03/1999,32,41,57,62,78,86
140,27/03/1999,32,41,57,62,78,86
141,31/03/1999,32,41,57,62,78,86
142,08/04/1999,32,41,57,62,[78],86
143,09/04/1999,32,42,57,66,[76],86
144,12/04/1999,32,43,57,[62],74,88
145,14/04/1999,[34],46,58,68,72,89
146,17/04/1999,[32],41,57,62,78,86
147,21/04/1999,34,46,58,68,72,89
148,24/04/1999,32,41,57,62,78,86
149,28/04/1999,32,41,57,62,78,[86]
150,05/05/1999,32,43,57,62,74,[88]
151,06/05/1999,32,41,57,62,78,86
152,15/05/1999,32,41,57,62,78,86
153,19/05/1999,32,41,57,62,78,86
154,22/05/1999,32,41,57,62,78,86
155,26/05/1999,32,41,57,62,78,86
156,29/05/1999,32,41,57,[62],78,86
157,02/06/1999,32,42,57,66,76,86
158,03/06/1999,32,[41],57,62,78,86
159,10/06/1999,32,42,57,66,76,86
160,11/06/1999,32,41,57,62,78,86
161,16/06/1999,32,[41],57,62,78,[86]
162,19/06/1999,32,43,57,62,74,88
163,23/06/1999,32,41,57,62,78,[86]
164,26/06/1999,32,43,57,62,74,88
165,30/06/1999,32,41,57,62,78,86
166,01/07/1999,32,41,57,62,78,86
167,04/07/1999,32,41,57,62,78,86
168,07/07/1999,32,41,57,62,78,86
169,08/07/1999,32,41,57,62,78,86
170,14/07/1999,32,41,57,62,78,86
171,17/07/1999,32,41,57,62,78,86
172,21/07/1999,32,41,57,62,78,86
173,24/07/1999,32,41,57,62,[78],86
174,28/07/1999,32,42,57,66,76,86
175,31/07/1999,32,41,57,62,78,86
176,05/08/1999,32,41,57,62,78,86
177,09/08/1999,32,41,57,62,78,86
178,14/08/1999,32,41,57,62,78,86
179,18/08/1999,32,41,57,62,78,86
180,21/08/1999,[32],41,57,62,78,86
181,25/08/1999,34,46,58,68,72,[89]
182,28/08/1999,32,41,57,62,78,86
183,01/09/1999,32,41,57,62,78,86
184,06/09/1999,[32],41,57,62,78,86
185,10/09/1999,34,41,54,67,76,83
186,12/09/1999,[32],42,57,66,76,86
187,15/09/1999,34,41,54,67,76,83
188,18/09/1999,32,41,57,62,78,86
189,22/09/1999,32,41,57,62,78,86
190,25/09/1999,32,41,57,62,78,86
191,29/09/1999,32,41,57,62,78,86
192,02/10/1999,32,41,57,62,78,86
193,03/10/1999,32,41,57,62,78,86
194,04/10/1999,[32],41,57,62,78,86
195,07/10/1999,34,41,54,[67],76,83
196,11/10/1999,32,41,57,62,78,86
197,13/10/1999,32,41,57,62,78,86
198,16/10/1999,32,41,57,62,78,86
199,20/10/1999,32,41,57,62,78,86
200,23/10/1999,32,41,[57],62,78,86
201,27/10/1999,[34],41,54,67,[76],83
202,30/10/1999,32,41,57,62,78,86
203,08/11/1999,32,41,57,62,78,86
204,09/11/1999,32,41,[57],62,78,86
205,12/11/1999,34,46,58,68,72,89
206,13/11/1999,32,46,59,62,79,87
207,17/11/1999,32,41,57,62,[78],86
208,20/11/1999,32,42,57,66,[76],86
209,24/11/1999,34,46,[58],68,72,89
210,27/11/1999,32,41,[57],62,78,86
211,05/12/1999,34,41,54,67,76,83
212,06/12/1999,[32],46,59,62,[79],87
213,15/12/1999,34,[41],54,67,76,83
214,18/12/1999,32,[42],[57],66,76,86
215,22/12/1999,[32],46,[59],62,79,87
216,27/12/1999,34,41,54,67,76,83
217,29/12/1999,32,41,57,62,78,86
218,03/01/2000,[32],41,57,62,78,86
219,04/01/2000,34,41,54,67,76,83
220,07/01/2000,32,41,57,[62],78,86
221,15/01/2000,34,46,58,68,72,89
222,19/01/2000,32,41,[57],62,78,86
223,22/01/2000,32,46,59,62,79,87
224,26/01/2000,32,41,[57],[62],78,86
225,29/01/2000,34,41,54,67,76,83
226,02/02/2000,32,41,57,62,78,86
227,08/02/2000,32,41,57,62,[78],86
228,09/02/2000,32,42,[57],66,76,86
229,11/02/2000,32,46,59,62,79,87
230,12/02/2000,32,43,57,62,74,88
231,16/02/2000,32,41,57,62,78,86
232,19/02/2000,32,41,57,62,78,86
233,23/02/2000,32,41,57,62,78,[86]
234,26/02/2000,32,43,[57],62,74,88
235,01/03/2000,32,46,59,[62],79,87
236,05/03/2000,32,42,57,66,76,86
237,06/03/2000,32,42,57,[66],76,86
238,15/03/2000,32,41,57,62,[78],86
239,18/03/2000,32,42,57,66,[76],86
240,22/03/2000,32,41,[57],62,78,86
241,25/03/2000,32,46,59,[62],79,87
242,29/03/2000,32,42,[57],66,76,86
243,03/04/2000,32,46,59,62,79,87
244,10/04/2000,32,41,57,62,78,86
245,11/04/2000,32,41,57,[62],78,86
246,15/04/2000,32,42,57,66,76,[86]
247,19/04/2000,32,43,57,62,[74],[88]
248,22/04/2000,32,41,57,62,78,86
249,26/04/2000,32,41,57,62,78,[86]
250,29/04/2000,32,43,57,62,74,[88]
251,01/05/2000,32,41,57,62,78,86
252,02/05/2000,32,41,57,62,78,[86]
253,04/05/2000,32,43,57,62,74,88
254,07/05/2000,32,41,57,62,78,86
255,08/05/2000,32,41,57,62,[78],86
256,13/05/2000,[32],42,57,66,76,86
257,17/05/2000,34,41,54,67,76,83
258,20/05/2000,34,[41],54,[67],76,83
259,24/05/2000,34,46,58,68,[72],89
260,27/05/2000,32,41,57,62,78,86
261,31/05/2000,32,41,57,62,78,86
262,05/06/2000,32,41,57,62,78,86
263,09/06/2000,32,41,57,62,78,86
264,12/06/2000,32,41,57,62,78,86
265,14/06/2000,32,41,57,62,78,86
266,17/06/2000,[32],41,57,62,78,86
267,21/06/2000,[34],41,54,67,76,83
268,24/06/2000,32,41,57,62,78,86
269,28/06/2000,32,[41],57,62,78,86
270,06/07/2000,32,42,57,66,76,86
271,10/07/2000,32,41,57,62,78,86
272,15/07/2000,32,41,57,62,78,86
273,19/07/2000,32,41,57,62,78,86
274,22/07/2000,32,41,57,62,78,86
275,26/07/2000,32,41,57,62,78,86
276,29/07/2000,32,41,[57],62,78,86
277,01/08/2000,34,46,58,68,72,89
278,03/08/2000,[32],43,57,62,74,88
279,04/08/2000,34,46,58,68,72,89
280,07/08/2000,32,[41],57,62,78,86
281,11/08/2000,32,43,57,62,74,88
282,16/08/2000,32,43,57,62,74,88
283,19/08/2000,[32],41,57,62,78,86
284,23/08/2000,34,[41],54,67,[76],83
285,26/08/2000,32,43,57,62,74,88
286,30/08/2000,32,41,57,62,[78],86
287,02/09/2000,32,42,57,66,[76],86
288,08/09/2000,32,41,57,[62],78,86
289,09/09/2000,32,42,57,66,76,86
290,12/09/2000,32,41,57,[62],78,86
291,13/09/2000,32,42,57,66,76,86
292,16/09/2000,32,41,57,62,78,[86]
293,20/09/2000,32,43,57,[62],74,88
294,23/09/2000,32,42,57,66,76,86
295,27/09/2000,32,41,57,62,78,86
296,30/09/2000,32,41,57,62,78,86
297,05/10/2000,32,41,57,62,78,[86]
298,06/10/2000,32,43,57,62,74,88
299,14/10/2000,32,41,57,62,78,86
300,18/10/2000,32,[41],57,62,78,86
301,21/10/2000,32,42,57,66,76,86
302,25/10/2000,32,[41],57,62,78,86
303,28/10/2000,32,[43],57,62,74,88
304,03/11/2000,32,41,57,62,78,86
305,10/11/2000,32,41,57,62,78,86
306,11/11/2000,32,41,57,62,78,86
307,15/11/2000,32,41,57,62,78,86
308,18/11/2000,32,41,57,62,78,86
309,22/11/2000,32,41,57,62,78,86
310,25/11/2000,32,41,57,62,78,86
311,29/11/2000,[32],41,57,62,78,86
312,01/12/2000,34,41,54,67,[76],83
313,02/12/2000,32,41,57,62,78,86
314,04/12/2000,32,41,57,[62],78,86
315,07/12/2000,32,42,57,66,76,86
316,08/12/2000,32,41,57,62,78,86
317,13/12/2000,32,41,57,[62],78,86
318,16/12/2000,34,46,58,68,72,89
319,20/12/2000,32,41,57,62,78,86
320,23/12/2000,32,41,57,62,78,86
321,27/12/2000,32,41,57,62,78,86
322,30/12/2000,32,41,57,62,78,86
323,08/01/2001,32,41,57,62,78,86
324,09/01/2001,32,41,57,62,78,86
325,12/01/2001,[32],41,57,62,78,[86]
326,13/01/2001,34,41,54,67,76,[83]
327,17/01/2001,32,46,59,[62],79,87
328,20/01/2001,32,[42],57,66,76,86
329,24/01/2001,32,41,57,62,78,86
330,27/01/2001,32,41,57,62,78,86
331,31/01/2001,32,41,57,62,78,[86]
332,05/02/2001,32,43,57,62,74,88
333,14/02/2001,32,41,57,[62],78,[86]
334,17/02/2001,34,[46],58,68,72,89
335,21/02/2001,32,41,57,[62],78,86
336,24/02/2001,32,42,57,66,76,86
337,28/02/2001,32,42,57,66,76,[86]
338,01/03/2001,34,46,58,68,72,89
339,02/03/2001,32,42,57,66,76,86
340,03/03/2001,32,41,57,62,78,86
341,10/03/2001,32,41,57,62,78,[86]
342,11/03/2001,32,43,57,62,74,88
343,14/03/2001,32,41,57,[62],78,86
344,17/03/2001,34,41,54,67,76,83
345,21/03/2001,32,41,57,62,78,86
346,24/03/2001,32,41,57,62,78,86
347,28/03/2001,32,41,57,62,78,86
348,31/03/2001,[32],41,57,62,78,86
349,04/04/2001,34,41,54,67,76,83
350,06/04/2001,32,46,59,62,79,87
351,07/04/2001,32,41,57,62,78,86
352,08/04/2001,32,41,57,62,78,86
353,14/04/2001,32,41,57,62,78,86
354,18/04/2001,[32],[41],57,62,78,86
355,21/04/2001,34,46,58,68,72,89
356,26/04/2001,32,41,57,62,78,[86]
357,28/04/2001,[32],[43],57,62,74,88
358,05/05/2001,34,41,54,[67],76,83
359,09/05/2001,32,41,57,62,78,86
360,12/05/2001,[32],41,57,62,78,86
361,16/05/2001,34,41,54,67,76,83
362,19/05/2001,32,41,57,62,78,86
363,23/05/2001,32,41,[57],62,78,86
364,26/05/2001,32,46,59,62,79,87
365,30/05/2001,32,41,57,62,78,86
366,06/06/2001,32,41,57,62,78,86
367,10/06/2001,32,41,57,62,78,86
368,13/06/2001,32,41,57,62,[78],86
369,16/06/2001,32,42,57,66,76,86
370,20/06/2001,[32],41,57,62,78,86
371,23/06/2001,36,42,58,61,71,84
372,27/06/2001,[32],41,57,62,78,86
373,30/06/2001,34,41,54,67,76,83
374,02/07/2001,32,41,57,62,78,86
375,03/07/2001,[32],41,57,62,78,86
376,04/07/2001,36,41,59,64,72,83
377,07/07/2001,32,41,57,62,[78],[86]
378,11/07/2001,32,43,57,62,74,88
379,14/07/2001,32,41,57,62,78,86
380,18/07/2001,32,41,57,62,78,86
381,21/07/2001,32,41,57,62,78,86
382,25/07/2001,32,41,57,62,78,86
383,28/07/2001,32,41,57,62,78,86
384,01/08/2001,32,41,57,62,78,86
385,08/08/2001,32,41,57,62,78,86
386,09/08/2001,32,41,57,62,78,86
387,16/08/2001,32,41,57,[62],78,86
388,18/08/2001,32,42,57,66,76,86
389,22/08/2001,32,41,[57],62,78,86
390,25/08/2001,32,46,59,62,79,87
391,29/08/2001,32,41,[57],62,78,[86]
392,05/09/2001,32,46,59,62,79,87
393,06/09/2001,32,[41],57,62,78,86
394,15/09/2001,32,42,57,66,76,86
395,19/09/2001,32,41,[57],62,78,86
396,22/09/2001,32,46,59,62,79,87
397,26/09/2001,32,41,57,[62],78,[86]
398,29/09/2001,34,41,54,67,76,83
399,01/10/2001,32,41,57,62,78,86
400,02/10/2001,32,[41],57,62,78,86
401,03/10/2001,32,42,57,66,76,86
402,10/10/2001,32,41,57,62,78,86
403,11/10/2001,32,41,57,62,78,86
404,12/10/2001,32,41,57,62,78,86
405,13/10/2001,32,41,57,62,78,[86]
406,17/10/2001,32,43,57,62,74,88
407,20/10/2001,32,41,57,62,78,86
408,24/10/2001,32,41,57,62,78,[86]
409,27/10/2001,[32],43,[57],62,74,88
410,31/10/2001,34,41,54,67,76,83
411,04/11/2001,32,[41],57,62,78,86
412,07/11/2001,32,42,57,66,76,86
413,08/11/2001,32,41,57,62,78,86
414,14/11/2001,32,41,57,62,78,86
415,17/11/2001,32,41,57,62,78,86
416,21/11/2001,32,41,57,62,78,86
417,24/11/2001,32,41,57,[62],78,86
418,28/11/2001,[32],42,57,[66],76,86
419,05/12/2001,34,46,58,68,72,[89]
420,09/12/2001,34,41,54,67,76,83
421,12/12/2001,34,41,54,67,76,83
422,15/12/2001,32,42,57,66,76,86
423,19/12/2001,32,41,57,62,78,86
424,22/12/2001,[32],41,57,62,78,86
425,27/12/2001,34,41,54,67,76,83
426,29/12/2001,32,41,57,62,78,86
427,31/12/2001,32,[41],57,62,78,86
428,06/01/2002,32,43,57,62,74,88
429,16/01/2002,32,41,57,62,78,86
430,19/01/2002,32,41,57,62,78,86
431,23/01/2002,32,[41],57,62,78,86
432,26/01/2002,32,42,57,[66],[76],86
433,30/01/2002,32,43,57,62,74,88
434,01/02/2002,32,41,57,62,78,86
435,02/02/2002,32,41,57,62,78,86
436,03/02/2002,32,41,57,62,78,[86]
437,05/02/2002,32,46,59,62,79,87
438,10/02/2002,32,41,57,62,78,86
439,11/02/2002,32,41,57,62,78,86
440,13/02/2002,32,41,57,62,78,86
441,16/02/2002,32,41,57,[62],78,86
442,20/02/2002,32,42,57,[66],76,86
443,23/02/2002,32,43,57,62,74,[88]
444,27/02/2002,32,41,57,62,78,86
445,04/03/2002,32,41,57,62,78,86
446,07/03/2002,32,41,57,62,78,86
447,08/03/2002,[32],41,57,62,78,86
448,12/03/2002,[34],41,54,67,76,83
449,13/03/2002,32,41,57,62,78,86
450,16/03/2002,32,41,57,62,78,86
451,20/03/2002,32,41,57,62,78,86
452,23/03/2002,32,41,57,62,78,86
453,27/03/2002,32,41,57,62,78,86
454,30/03/2002,32,41,[57],62,78,86
455,05/04/2002,32,46,59,62,79,87
456,09/04/2002,32,43,57,62,74,[88]
457,13/04/2002,32,42,57,66,[76],86
458,17/04/2002,32,41,57,62,78,86
459,20/04/2002,32,41,57,[62],78,86
460,24/04/2002,34,41,54,67,76,83
461,27/04/2002,34,[41],54,67,76,83
462,01/05/2002,32,42,57,66,[76],[86]
463,06/05/2002,32,[43],57,62,74,88
464,10/05/2002,32,42,57,66,76,86
465,12/05/2002,32,41,57,62,78,86
466,15/05/2002,32,41,57,62,78,86
467,18/05/2002,32,41,57,62,78,86
468,22/05/2002,32,41,57,62,78,86
469,25/05/2002,32,41,57,[62],78,86
470,29/05/2002,32,42,57,66,76,86
471,02/06/2002,32,41,57,[62],78,86
472,03/06/2002,[32],42,57,66,76,86
473,04/06/2002,34,46,58,68,72,[89]
474,07/06/2002,32,41,57,62,78,[86]
475,11/06/2002,32,43,57,62,74,88
476,15/06/2002,32,41,57,62,78,[86]
477,19/06/2002,32,43,57,62,74,88
478,22/06/2002,32,41,57,62,78,86
479,26/06/2002,32,41,57,62,78,86
480,29/06/2002,32,41,57,62,78,86
481,08/07/2002,32,41,57,62,78,86
482,09/07/2002,32,41,[57],62,78,86
483,12/07/2002,32,46,59,62,79,87
484,13/07/2002,32,41,57,62,78,86
485,17/07/2002,32,41,[57],62,78,86
486,20/07/2002,32,46,59,62,79,87
487,24/07/2002,32,46,59,[62],79,87
488,27/07/2002,32,42,57,66,76,86
489,31/07/2002,32,41,57,[62],78,86
490,05/08/2002,32,42,[57],66,76,[86]
491,06/08/2002,32,46,59,62,79,87
492,14/08/2002,32,43,57,62,74,88
493,17/08/2002,32,41,57,62,78,86
494,21/08/2002,32,41,57,62,78,86
495,24/08/2002,32,41,57,62,78,86
496,28/08/2002,32,41,57,62,78,86
497,31/08/2002,32,41,57,62,78,86
498,01/09/2002,32,41,57,62,78,86
499,02/09/2002,32,41,57,62,78,86
500,03/09/2002,32,41,[57],62,78,[86]
501,10/09/2002,32,46,[59],62,79,87
502,11/09/2002,32,43,57,62,74,88
503,14/09/2002,32,43,57,62,74,[88]
504,18/09/2002,32,46,59,62,79,87
505,21/09/2002,34,41,54,67,[76],83
506,25/09/2002,34,49,[56],66,77,84
507,28/09/2002,36,42,58,[61],71,84
508,04/10/2002,36,41,59,64,72,83
509,07/10/2002,36,42,58,61,71,84
510,08/10/2002,39,43,56,63,76,86
511,12/10/2002,37,41,54,64,[78],83
512,16/10/2002,[37],44,[57],[66],74,81
513,19/10/2002,39,43,56,63,76,86
514,23/10/2002,37,44,[57],66,74,81
515,26/10/2002,37,47,53,66,72,89
516,30/10/2002,39,43,56,63,76,[86]
517,05/11/2002,39,47,56,69,71,89
518,09/11/2002,39,47,56,69,71,[89]
519,13/11/2002,32,43,57,62,74,88
520,16/11/2002,32,41,57,62,78,86
521,20/11/2002,32,41,57,62,78,86
522,23/11/2002,32,41,57,62,78,86
523,27/11/2002,32,41,57,62,78,86
524,30/11/2002,32,41,57,62,78,86
525,01/12/2002,32,41,57,62,78,86
526,06/12/2002,32,41,57,[62],78,[86]
527,10/12/2002,34,41,54,67,76,83
528,12/12/2002,32,41,57,62,78,[86]
529,14/12/2002,32,43,57,62,74,88
530,17/12/2002,32,41,57,62,78,[86]
531,19/12/2002,32,43,57,62,74,[88]
532,21/12/2002,32,41,57,62,78,86
533,24/12/2002,32,41,57,62,78,86
534,27/12/2002,32,[41],57,62,78,86
535,28/12/2002,32,42,57,66,[76],86
536,31/12/2002,34,46,58,68,72,89
537,02/01/2003,32,41,57,62,78,86
538,03/01/2003,32,41,57,62,78,86
539,10/01/2003,32,41,57,62,78,[86]
540,15/01/2003,32,43,57,62,74,88
541,18/01/2003,32,41,57,[62],78,86
542,22/01/2003,32,42,[57],66,76,[86]
543,25/01/2003,32,46,59,62,79,87
544,29/01/2003,32,42,57,66,76,86
545,01/02/2003,32,41,57,62,78,86
546,04/02/2003,32,41,57,62,[78],86
547,07/02/2003,32,42,[57],66,76,86
548,08/02/2003,32,46,59,62,79,87
549,15/02/2003,32,43,57,62,74,88
550,19/02/2003,32,41,57,[62],78,86
551,22/02/2003,32,42,57,66,76,86
552,26/02/2003,32,42,57,66,76,86
553,05/03/2003,32,42,57,66,76,86
554,09/03/2003,32,41,57,62,[78],86
555,11/03/2003,32,42,57,66,76,86
556,12/03/2003,32,41,57,62,78,86
557,15/03/2003,32,41,57,62,78,86
558,19/03/2003,32,41,57,62,78,86
559,22/03/2003,[32],41,57,62,78,86
560,26/03/2003,36,41,59,64,72,83
561,29/03/2003,32,41,57,62,78,86
562,01/04/2003,32,41,57,62,78,86
563,06/04/2003,32,41,57,62,78,86
564,10/04/2003,32,41,57,[62],78,86
565,16/04/2003,32,42,57,66,76,86
566,19/04/2003,32,41,57,62,78,86
567,23/04/2003,32,41,57,62,78,86
568,26/04/2003,32,41,57,[62],78,86
569,30/04/2003,32,42,57,66,76,[86]
570,02/05/2003,32,46,59,62,79,87
571,03/05/2003,32,41,[57],62,78,86
572,04/05/2003,34,46,58,68,72,89
573,07/05/2003,32,41,57,[62],78,86
574,11/05/2003,32,42,57,66,76,86
575,14/05/2003,32,41,57,62,78,86
576,17/05/2003,32,41,57,62,78,86
577,21/05/2003,32,41,57,62,78,86
578,24/05/2003,32,41,57,62,78,86
579,28/05/2003,32,41,57,[62],78,86
580,31/05/2003,34,46,58,68,72,89
581,08/06/2003,32,41,57,62,78,86
582,09/06/2003,32,41,57,62,78,86
583,12/06/2003,32,41,57,62,78,86
584,14/06/2003,32,41,57,62,78,86
585,18/06/2003,32,41,57,62,78,86
586,21/06/2003,32,41,57,62,78,[86]
587,25/06/2003,32,43,57,62,[74],88
588,28/06/2003,32,41,57,62,78,86
589,05/07/2003,32,41,57,62,78,86
590,06/07/2003,32,41,[57],62,78,86
591,16/07/2003,34,46,58,68,72,89
592,19/07/2003,32,41,57,62,78,86
593,23/07/2003,32,41,[57],62,[78],86
594,26/07/2003,32,46,59,62,79,87
595,30/07/2003,32,43,57,62,[74],88
596,01/08/2003,32,41,57,62,78,86
597,02/08/2003,[32],41,57,62,78,86
598,03/08/2003,[34],41,54,67,76,[83]
599,10/08/2003,32,[41],57,62,78,86
600,11/08/2003,32,42,[57],66,76,86
601,13/08/2003,32,46,59,62,79,87
602,16/08/2003,32,43,57,62,74,88
603,20/08/2003,32,41,57,62,78,86
604,23/08/2003,32,41,57,62,78,86
605,27/08/2003,32,41,57,62,78,86
606,30/08/2003,32,41,57,62,78,[86]
607,04/09/2003,32,46,59,62,79,87
608,07/09/2003,32,41,57,62,78,86
609,08/09/2003,32,41,57,62,78,86
610,13/09/2003,32,41,57,62,78,86
611,17/09/2003,32,41,57,62,78,86
612,20/09/2003,32,41,57,62,78,86
613,24/09/2003,32,[41],57,62,78,86
614,27/09/2003,32,42,57,66,76,86
615,05/10/2003,32,41,57,62,78,[86]
616,09/10/2003,32,43,57,62,74,88
617,12/10/2003,32,41,57,[62],78,86
618,15/10/2003,32,42,57,66,76,86
619,18/10/2003,32,[41],57,62,78,86
620,22/10/2003,32,42,57,66,[76],[86]
621,25/10/2003,32,43,57,[62],74,[88]
622,29/10/2003,34,46,58,68,72,89
623,01/11/2003,32,41,57,62,78,86
624,06/11/2003,[32],41,57,62,78,86
625,10/11/2003,34,41,54,67,76,83
626,15/11/2003,32,41,57,62,[78],[86]
627,19/11/2003,32,46,59,62,79,87
628,22/11/2003,32,43,57,62,74,88
629,26/11/2003,32,41,57,62,[78],86
630,29/11/2003,32,43,57,62,74,[88]
631,02/12/2003,32,41,57,62,78,86
632,03/12/2003,32,41,57,62,[78],86
633,04/12/2003,32,42,57,66,76,86
634,07/12/2003,32,41,57,62,78,86
635,11/12/2003,[32],41,57,62,78,86
636,13/12/2003,34,41,54,67,76,83
637,17/12/2003,32,[42],57,66,76,86
638,20/12/2003,32,41,57,62,78,86
639,24/12/2003,32,41,57,62,78,86
640,27/12/2003,32,41,57,62,78,86
641,31/12/2003,32,41,57,62,78,86
642,09/01/2004,32,41,57,62,78,86
643,12/01/2004,32,[41],57,62,78,86
644,14/01/2004,32,42,57,66,76,86
645,17/01/2004,32,41,57,62,78,86
646,21/01/2004,32,41,57,62,78,86
647,24/01/2004,32,41,57,62,78,86
648,28/01/2004,32,[41],57,62,78,86
649,31/01/2004,32,42,57,[66],76,86
650,10/02/2004,32,[41],57,62,78,86
651,14/02/2004,32,42,57,66,76,[86]
652,18/02/2004,32,43,57,62,74,88
653,21/02/2004,32,41,57,62,78,86
654,25/02/2004,32,41,57,62,78,86
655,28/02/2004,32,41,57,62,78,86
656,01/03/2004,[32],41,57,62,78,86
657,03/03/2004,34,41,54,67,76,83
658,04/03/2004,32,41,57,62,78,86
659,05/03/2004,32,41,57,62,78,86
660,06/03/2004,32,41,57,62,78,86
661,07/03/2004,32,41,57,62,78,86
662,11/03/2004,32,41,57,62,78,86
663,13/03/2004,32,41,57,62,78,86
664,17/03/2004,32,41,57,62,78,86
665,20/03/2004,32,[41],57,62,78,86
666,24/03/2004,32,42,57,66,76,86
667,27/03/2004,32,[41],57,62,78,86
668,31/03/2004,[32],42,57,66,76,86
669,02/04/2004,34,41,[54],67,76,83
670,08/04/2004,32,41,57,62,78,86
671,09/04/2004,32,[41],57,62,78,86
672,12/04/2004,32,[42],57,66,76,86
673,14/04/2004,32,41,57,62,78,86
674,17/04/2004,32,41,57,62,78,86
675,21/04/2004,32,41,57,[62],78,86
676,24/04/2004,32,42,57,66,76,[86]
677,28/04/2004,32,43,57,62,74,[88]
678,05/05/2004,32,41,[57],62,78,86
679,06/05/2004,[34],41,54,67,76,83
680,15/05/2004,32,42,57,66,76,[86]
681,19/05/2004,32,43,57,62,74,88
682,22/05/2004,32,41,57,62,78,86
683,26/05/2004,32,41,57,62,78,86
684,29/05/2004,32,41,57,62,78,[86]
685,03/06/2004,32,43,57,62,74,88
686,10/06/2004,32,41,57,62,78,86
687,11/06/2004,32,[41],57,62,78,86
688,16/06/2004,32,42,57,66,76,86
689,19/06/2004,32,41,57,62,78,86
690,23/06/2004,32,41,57,62,78,86
691,26/06/2004,32,41,57,62,78,86
692,30/06/2004,32,41,57,[62],78,86
693,01/07/2004,32,42,57,66,76,86
694,02/07/2004,32,42,57,66,76,86
695,04/07/2004,32,41,57,[62],78,86
696,07/07/2004,32,42,57,66,76,86
697,08/07/2004,32,41,57,62,78,86
698,14/07/2004,32,[41],57,62,78,86
699,17/07/2004,32,42,57,66,[76],86
700,21/07/2004,32,41,57,62,78,86
701,24/07/2004,32,41,57,62,78,86
702,28/07/2004,32,41,57,62,78,86
703,31/07/2004,32,41,57,62,78,86
704,05/08/2004,32,41,57,[62],78,86
705,09/08/2004,32,42,57,66,76,86
706,14/08/2004,32,42,57,66,76,86
707,18/08/2004,32,41,[57],62,78,86
708,21/08/2004,[32],46,59,62,79,87
709,25/08/2004,34,41,54,67,76,83
710,28/08/2004,32,41,[57],62,78,86
711,06/09/2004,32,46,59,62,79,87
712,10/09/2004,[32],41,57,62,78,86
713,12/09/2004,34,41,54,67,76,83
714,15/09/2004,32,41,57,62,78,86
715,18/09/2004,32,41,57,62,78,86
716,22/09/2004,32,41,57,62,78,86
717,25/09/2004,32,41,57,62,78,[86]
718,29/09/2004,32,43,57,62,74,88
719,01/10/2004,[32],42,57,66,76,86
720,03/10/2004,34,41,54,67,76,83
721,04/10/2004,32,[41],57,62,78,86
722,07/10/2004,32,42,57,[66],76,86
723,11/10/2004,32,41,57,62,78,86
724,13/10/2004,32,41,[57],62,78,86
725,16/10/2004,34,41,54,67,76,83
726,20/10/2004,32,41,57,62,78,86
727,23/10/2004,32,41,57,62,78,86
728,27/10/2004,32,41,57,62,78,86
729,30/10/2004,32,41,57,62,78,86
730,02/11/2004,32,41,57,62,78,86
731,08/11/2004,32,41,57,62,78,86
732,09/11/2004,32,41,57,62,[78],86
733,12/11/2004,32,42,57,66,76,86
734,13/11/2004,32,42,57,66,76,86
735,17/11/2004,32,41,57,62,78,86
736,20/11/2004,32,41,57,62,[78],86
737,24/11/2004,32,[43],57,62,74,88
738,27/11/2004,32,41,57,62,78,86
739,05/12/2004,32,41,57,62,78,86
740,06/12/2004,32,41,57,62,78,86
741,15/12/2004,32,41,57,62,78,86
742,18/12/2004,32,41,57,62,78,86
743,22/12/2004,32,41,57,62,78,86
744,27/12/2004,32,41,57,62,78,86
745,29/12/2004,32,41,57,62,[78],86
746,06/01/2005,32,43,57,62,74,88
747,09/01/2005,32,41,57,62,78,86
748,10/01/2005,32,41,57,62,78,86
749,12/01/2005,32,41,57,62,[78],86
750,15/01/2005,32,42,57,66,76,86
751,19/01/2005,32,42,57,66,76,86
752,22/01/2005,32,41,57,[62],78,86
753,26/01/2005,32,42,57,66,76,86
754,29/01/2005,32,41,57,62,[78],86
755,02/02/2005,[32],42,57,66,76,86
756,03/02/2005,34,41,54,67,76,83
757,04/02/2005,32,[42],57,66,76,86
758,07/02/2005,32,41,57,62,78,86
759,08/02/2005,32,41,57,62,78,86
760,11/02/2005,32,41,[57],62,78,86
761,16/02/2005,32,46,59,62,79,87
762,19/02/2005,[32],41,57,62,78,[86]
763,23/02/2005,34,41,54,67,76,83
764,26/02/2005,32,41,57,62,78,86
765,01/03/2005,32,41,57,62,78,86
766,09/03/2005,32,41,57,62,78,86
767,11/03/2005,32,41,57,62,78,86
768,12/03/2005,32,41,57,62,78,86
769,16/03/2005,32,41,57,62,78,86
770,19/03/2005,32,41,57,62,78,86
771,23/03/2005,[32],41,57,62,78,86
772,26/03/2005,34,41,54,67,76,83
773,30/03/2005,32,41,57,62,[78],86
774,05/04/2005,32,42,57,66,76,86
775,06/04/2005,32,41,57,62,78,86
776,08/04/2005,32,41,57,62,78,86
777,10/04/2005,32,41,57,62,78,86
778,13/04/2005,32,41,57,62,78,86
779,16/04/2005,[32],41,57,62,78,86
780,20/04/2005,34,41,54,67,76,83
781,23/04/2005,[32],46,59,62,79,87
782,27/04/2005,34,41,54,67,76,83
783,30/04/2005,32,43,57,62,74,88
784,01/05/2005,32,41,57,62,78,86
785,02/05/2005,32,41,57,62,78,86
786,03/05/2005,32,41,57,62,78,86
787,07/05/2005,32,41,[57],62,78,86
788,11/05/2005,32,46,59,62,79,87
789,14/05/2005,32,43,57,62,74,88
790,18/05/2005,32,41,[57],62,78,86
791,21/05/2005,32,46,59,62,[79],87
792,25/05/2005,32,41,57,62,78,86
793,28/05/2005,32,41,57,62,78,86
794,04/06/2005,32,[41],57,62,78,86
795,08/06/2005,32,42,57,66,76,86
796,09/06/2005,32,41,57,62,78,86
797,10/06/2005,32,41,57,62,78,86
798,12/06/2005,32,41,[57],62,78,86
799,15/06/2005,32,46,59,62,79,87
800,18/06/2005,32,46,59,62,79,87
801,21/06/2005,32,42,57,66,76,86
802,23/06/2005,32,41,57,62,78,[86]
803,25/06/2005,32,43,57,62,74,88
804,28/06/2005,32,41,57,62,78,86
805,30/06/2005,32,41,57,62,78,[86]
806,05/07/2005,32,43,57,62,74,88
807,07/07/2005,32,41,57,62,78,86
808,14/07/2005,32,[41],57,62,78,86
809,16/07/2005,32,42,57,66,76,86
810,19/07/2005,32,41,[57],[62],78,86
811,21/07/2005,[34],41,54,67,76,83
812,23/07/2005,32,[41],57,62,78,[86]
813,26/07/2005,32,[43],57,62,74,88
814,28/07/2005,32,[41],57,62,78,86
815,30/07/2005,32,42,57,66,76,86
816,01/08/2005,32,41,57,62,78,86
817,06/08/2005,[32],41,57,62,78,86
818,09/08/2005,34,41,54,67,76,83
819,10/08/2005,32,41,57,62,78,[86]
820,11/08/2005,32,43,57,62,74,88
821,13/08/2005,32,43,57,62,74,88
822,16/08/2005,32,41,[57],62,78,86
823,18/08/2005,32,46,59,62,79,87
824,20/08/2005,32,41,57,62,78,86
825,23/08/2005,32,41,57,62,78,[86]
826,25/08/2005,32,43,57,62,74,88
827,27/08/2005,32,41,57,62,78,86
828,30/08/2005,32,41,57,62,[78],86
829,02/09/2005,32,42,57,66,76,86
830,03/09/2005,32,41,57,62,78,86
831,04/09/2005,32,41,57,62,78,86
832,07/09/2005,32,41,57,62,78,86
833,08/09/2005,32,41,57,62,78,86
834,12/09/2005,32,41,57,62,78,86
835,13/09/2005,32,41,57,62,78,86
836,15/09/2005,32,41,57,62,78,86
837,17/09/2005,32,41,57,62,78,86
838,20/09/2005,32,41,57,62,78,86
839,22/09/2005,32,41,57,62,78,86
840,24/09/2005,32,[41],57,62,78,86
841,27/09/2005,32,42,57,66,76,86
842,29/09/2005,32,41,57,62,[78],86
843,09/10/2005,32,42,[57],66,76,86
844,11/10/2005,32,46,59,62,79,87
845,12/10/2005,32,41,57,62,78,86
846,13/10/2005,32,41,57,62,78,86
847,15/10/2005,32,41,57,62,78,86
848,18/10/2005,32,41,57,62,[78],86
849,20/10/2005,32,42,57,66,[76],86
850,22/10/2005,32,41,57,62,78,[86]
851,25/10/2005,32,43,[57],62,74,88
852,27/10/2005,32,46,59,[62],[79],87
853,29/10/2005,34,46,58,68,72,89
854,05/11/2005,32,41,57,62,78,86
855,06/11/2005,32,41,57,62,78,86
856,08/11/2005,32,41,57,62,78,86
857,10/11/2005,32,41,57,62,78,86
858,15/11/2005,32,41,57,62,78,86
859,17/11/2005,32,41,57,62,78,86
860,19/11/2005,32,41,57,62,78,86
861,22/11/2005,32,41,57,62,78,86
862,24/11/2005,32,41,[57],62,78,86
863,26/11/2005,[32],46,59,62,79,87
864,29/11/2005,34,46,58,68,72,89
865,01/12/2005,32,41,57,62,78,86
866,02/12/2005,32,41,57,62,78,86
867,03/12/2005,32,41,57,62,78,86
868,07/12/2005,32,[41],57,62,78,86
869,11/12/2005,32,42,[57],66,76,86
870,13/12/2005,32,46,[59],62,79,[87]
871,15/12/2005,32,41,57,62,78,86
872,17/12/2005,32,41,57,62,78,86
873,20/12/2005,32,41,57,62,78,86
874,22/12/2005,32,41,57,62,78,86
875,24/12/2005,32,41,57,62,78,[86]
876,27/12/2005,32,46,59,62,79,87
877,29/12/2005,32,41,57,62,78,86
878,31/12/2005,32,41,[57],62,78,[86]
879,04/01/2006,32,46,59,[62],79,87
880,06/01/2006,32,42,57,[66],76,86
881,07/01/2006,32,41,57,62,78,86
882,08/01/2006,32,41,57,62,78,86
883,14/01/2006,32,41,57,62,78,86
884,17/01/2006,32,41,57,62,[78],86
885,19/01/2006,32,42,57,66,76,86
886,21/01/2006,32,41,57,62,78,86
887,24/01/2006,32,41,57,62,78,86
888,26/01/2006,32,41,57,62,78,86
889,28/01/2006,32,41,57,62,78,86
890,31/01/2006,32,41,57,62,78,86
891,02/02/2006,32,41,57,62,78,86
892,03/02/2006,32,[41],57,62,78,86
893,05/02/2006,32,43,57,[62],[74],88
894,09/02/2006,34,41,[54],67,76,83
895,11/02/2006,32,41,57,62,78,86
896,12/02/2006,32,41,57,62,78,86
897,14/02/2006,32,41,57,62,78,86
898,16/02/2006,32,41,57,62,78,86
899,18/02/2006,32,41,57,62,78,86
900,21/02/2006,32,41,57,62,78,[86]
901,23/02/2006,32,43,57,62,74,88
902,25/02/2006,32,41,57,62,78,[86]
903,28/02/2006,32,43,57,62,74,88
904,01/03/2006,32,41,57,62,78,86
905,06/03/2006,32,41,57,62,78,86
906,08/03/2006,32,41,57,62,78,86
907,10/03/2006,32,[41],57,62,78,86
908,14/03/2006,[32],42,57,66,76,86
909,16/03/2006,34,46,58,68,72,89
910,18/03/2006,32,[41],57,62,78,86
911,21/03/2006,32,42,57,66,76,86
912,23/03/2006,32,[41],57,[62],78,86
913,25/03/2006,34,46,58,68,72,89
914,28/03/2006,32,41,[57],62,78,86
915,30/03/2006,32,46,59,62,79,87
916,02/04/2006,32,42,57,66,[76],86
917,03/04/2006,32,41,57,62,78,86
918,04/04/2006,32,41,57,62,[78],86
919,05/04/2006,32,42,57,66,76,86
920,07/04/2006,32,42,57,66,76,86
921,11/04/2006,32,41,57,62,78,86
922,13/04/2006,32,[41],57,62,78,[86]
923,15/04/2006,32,43,57,62,74,88
924,18/04/2006,32,41,57,62,[78],86
925,20/04/2006,[32],43,57,62,74,88
926,22/04/2006,34,41,54,67,76,[83]
927,26/04/2006,32,41,57,62,78,86
928,27/04/2006,32,41,57,62,[78],86
929,29/04/2006,32,42,57,66,76,86
930,01/05/2006,32,41,57,62,78,86
931,08/05/2006,32,41,57,62,78,86
932,09/05/2006,32,41,57,62,78,86
933,10/05/2006,32,41,57,62,78,86
934,12/05/2006,32,41,57,62,78,86
935,13/05/2006,32,41,57,[62],78,86
936,16/05/2006,[32],42,57,66,76,86
937,18/05/2006,34,41,54,[67],76,83
938,20/05/2006,[32],41,57,62,78,86
939,23/05/2006,34,41,54,67,76,83
940,25/05/2006,32,41,57,62,78,86
941,27/05/2006,32,41,57,62,78,86
942,30/05/2006,32,41,57,62,78,86
943,04/06/2006,32,41,57,62,78,86
944,05/06/2006,32,41,57,62,78,86
945,06/06/2006,32,[41],57,62,78,86
946,07/06/2006,32,42,57,66,76,86
947,13/06/2006,32,41,57,62,78,86
948,15/06/2006,32,41,57,[62],78,86
949,17/06/2006,32,42,57,66,76,86
950,20/06/2006,32,41,57,62,78,86
951,22/06/2006,32,41,57,62,78,86
952,24/06/2006,32,41,57,62,78,86
953,27/06/2006,32,41,57,[62],78,86
954,29/06/2006,36,41,59,64,72,83
955,01/07/2006,32,[43],57,62,74,88
956,02/07/2006,32,46,59,62,79,87
957,03/07/2006,32,41,57,62,78,86
958,09/07/2006,32,41,57,62,78,86
959,10/07/2006,32,41,57,62,78,86
960,11/07/2006,32,41,57,62,78,86
961,12/07/2006,32,41,[57],62,78,86
962,13/07/2006,32,[46],59,62,79,87
963,15/07/2006,32,41,57,62,78,86
964,18/07/2006,32,41,57,62,78,86
965,20/07/2006,32,41,57,62,78,[86]
966,22/07/2006,32,43,57,62,74,88
967,25/07/2006,32,41,57,62,78,86
968,27/07/2006,32,41,57,62,78,86
969,29/07/2006,32,41,57,62,78,86
970,04/08/2006,32,41,57,[62],78,86
971,06/08/2006,32,[42],57,[66],76,86
972,07/08/2006,32,41,57,62,78,86
973,08/08/2006,32,41,57,62,78,86
974,16/08/2006,32,41,[57],62,78,86
975,17/08/2006,32,46,59,[62],79,87
976,19/08/2006,32,42,57,66,76,86
977,22/08/2006,32,41,57,62,78,86
978,24/08/2006,32,41,57,62,78,86
979,26/08/2006,32,41,57,[62],78,86
980,29/08/2006,32,42,[57],66,76,86
981,31/08/2006,34,41,54,67,76,83
982,02/09/2006,32,41,57,62,78,86
983,03/09/2006,32,41,57,62,78,86
984,05/09/2006,32,41,57,[62],78,86
985,09/09/2006,32,42,57,66,76,86
986,11/09/2006,32,41,57,62,78,86
987,12/09/2006,32,41,57,62,78,86
988,14/09/2006,32,41,57,62,78,86
989,16/09/2006,32,[41],57,62,78,86
990,19/09/2006,32,42,57,66,76,86
991,21/09/2006,32,41,57,62,78,86
992,23/09/2006,32,41,57,62,78,86
993,26/09/2006,32,41,57,62,78,86
994,28/09/2006,32,41,57,[62],78,86
995,30/09/2006,32,42,57,[66],76,86
996,01/10/2006,32,41,57,62,78,[86]
997,06/10/2006,32,43,57,62,74,88
998,08/10/2006,32,41,57,62,78,86
999,10/10/2006,32,41,57,62,78,86
1000,14/10/2006,32,41,57,62,78,86
1001,17/10/2006,32,41,57,62,78,86
1002,19/10/2006,32,43,57,62,74,88
1003,21/10/2006,32,43,57,62,74,88
1004,24/10/2006,34,41,54,67,76,83
1005,26/10/2006,34,41,54,67,76,83
1006,28/10/2006,34,49,56,66,77,84
1007,31/10/2006,34,49,56,66,77,84
1008,02/11/2006,36,41,59,64,72,83
1009,03/11/2006,37,41,54,64,78,83
1010,04/11/2006,36,42,58,69,73,83
1011,05/11/2006,37,41,54,64,78,83
1012,07/11/2006,37,41,58,67,[76],81
1013,11/11/2006,37,43,51,63,72,88
1014,14/11/2006,37,47,53,[66],72,89
1015,16/11/2006,37,47,56,61,73,87
1016,18/11/2006,37,47,56,61,73,87
1017,21/11/2006,39,43,56,63,76,86
1018,23/11/2006,39,[44],56,62,78,86
1019,25/11/2006,39,47,54,67,78,86
1020,28/11/2006,39,47,56,69,71,89
1021,30/11/2006,34,41,54,67,76,83
1022,01/12/2006,32,41,57,62,78,86
1023,08/12/2006,32,41,57,62,78,86
1024,09/12/2006,32,41,57,62,78,86
1025,10/12/2006,32,41,57,62,78,86
1026,12/12/2006,32,41,57,62,78,86
1027,14/12/2006,32,41,57,62,[78],86
1028,16/12/2006,32,42,57,66,76,86
1029,19/12/2006,[32],41,57,62,78,86
1030,21/12/2006,34,46,58,68,72,89
1031,23/12/2006,32,41,57,62,78,86
1032,27/12/2006,32,41,57,62,78,86
1033,28/12/2006,32,41,57,62,78,86
1034,30/12/2006,[32],41,57,62,78,86
1035,02/01/2007,34,46,58,68,72,89
1036,03/01/2007,32,41,57,62,78,86
1037,09/01/2007,32,41,[57],62,78,86
1038,12/01/2007,32,46,59,62,79,87
1039,13/01/2007,32,41,57,62,78,86
1040,16/01/2007,32,41,57,62,78,86
1041,18/01/2007,32,41,57,62,78,86
1042,20/01/2007,32,41,57,62,78,86
1043,23/01/2007,32,41,57,62,78,86
1044,25/01/2007,32,41,57,62,78,86
1045,27/01/2007,32,41,57,62,78,86
1046,30/01/2007,32,41,57,62,78,86
1047,01/02/2007,32,41,[57],62,78,86
1048,05/02/2007,34,41,54,67,76,[83]
1049,08/02/2007,32,41,57,62,78,86
1050,10/02/2007,32,41,57,[62],78,86
1051,11/02/2007,32,42,57,66,76,86
1052,13/02/2007,32,41,57,62,78,[86]
1053,15/02/2007,32,46,59,62,79,87
1054,17/02/2007,32,42,57,66,76,86
1055,20/02/2007,32,42,57,66,76,86
1056,22/02/2007,32,41,57,62,78,86
1057,24/02/2007,32,41,57,62,78,86
1058,27/02/2007,32,41,57,62,78,86
1059,02/03/2007,[32],41,57,62,78,86
1060,03/03/2007,34,41,54,67,76,83
1061,04/03/2007,34,41,54,67,76,83
1062,05/03/2007,32,41,57,62,78,86
1063,07/03/2007,32,41,57,62,78,86
1064,11/03/2007,32,41,57,62,78,86
1065,13/03/2007,32,41,57,62,78,86
1066,15/03/2007,32,41,57,62,78,86
1067,17/03/2007,32,41,57,62,78,86
1068,20/03/2007,32,41,57,62,78,86
1069,22/03/2007,[32],41,57,62,78,86
1070,24/03/2007,36,42,58,61,71,84
1071,27/03/2007,32,[46],59,62,79,87
1072,29/03/2007,32,41,57,62,78,86
1073,31/03/2007,32,41,57,62,[78],86
1074,01/04/2007,34,41,54,67,[76],[83]
1075,06/04/2007,32,41,57,62,78,86
1076,08/04/2007,32,[41],57,62,78,86
1077,09/04/2007,32,42,57,[66],76,86
1078,10/04/2007,34,41,54,67,76,83
1079,12/04/2007,32,41,57,62,78,86
1080,14/04/2007,32,41,57,62,[78],86
1081,17/04/2007,32,42,57,66,76,86
1082,19/04/2007,32,41,57,62,78,86
1083,21/04/2007,32,41,57,62,78,86
1084,24/04/2007,32,41,57,62,78,86
1085,26/04/2007,32,41,57,62,78,86
1086,28/04/2007,32,41,57,62,78,86
1087,04/05/2007,32,41,57,62,78,[86]
1088,05/05/2007,32,43,57,62,74,88
1089,06/05/2007,32,41,57,62,78,86
1090,07/05/2007,32,41,57,62,78,[86]
1091,15/05/2007,32,43,57,62,74,[88]
1092,17/05/2007,32,42,57,66,76,86
1093,19/05/2007,32,41,57,62,78,86
1094,22/05/2007,32,41,57,62,78,86
1095,24/05/2007,[32],41,57,62,78,86
1096,26/05/2007,34,41,54,67,76,83
1097,29/05/2007,32,[42],57,66,76,86
1098,31/05/2007,32,41,57,62,78,86
1099,02/06/2007,32,41,57,[62],78,86
1100,03/06/2007,32,42,57,66,76,[86]
1101,09/06/2007,32,43,57,62,74,88
1102,10/06/2007,32,41,57,62,78,86
1103,11/06/2007,[32],41,57,62,[78],86
1104,12/06/2007,34,41,54,67,76,[83]
1105,14/06/2007,32,41,57,62,78,[86]
1106,16/06/2007,[32],[43],57,62,74,88
1107,19/06/2007,34,[41],54,67,76,83
1108,21/06/2007,32,42,57,66,76,86
1109,23/06/2007,32,41,57,62,78,86
1110,26/06/2007,32,41,57,62,78,86
1111,28/06/2007,32,41,57,62,78,86
1112,30/06/2007,32,41,57,62,78,86
1113,04/07/2007,32,41,57,62,78,86
1114,06/07/2007,32,41,57,62,78,86
1115,07/07/2007,[32],41,57,62,78,86
1116,08/07/2007,34,46,58,68,72,89
1117,14/07/2007,32,41,57,62,78,86
1118,17/07/2007,32,41,57,[62],78,86
1119,19/07/2007,32,42,57,66,76,86
1120,21/07/2007,32,42,57,66,76,86
1121,24/07/2007,32,42,57,66,76,86
1122,26/07/2007,32,42,57,66,76,86
1123,28/07/2007,32,41,57,62,78,86
1124,31/07/2007,32,41,57,62,78,86
1125,01/08/2007,32,41,57,62,78,86
1126,02/08/2007,32,41,57,62,78,86
1127,03/08/2007,32,41,57,62,78,86
1128,05/08/2007,32,41,57,62,78,86
1129,09/08/2007,[32],41,57,62,78,86
1130,11/08/2007,34,41,54,67,76,83
1131,14/08/2007,32,42,57,66,76,86
1132,16/08/2007,32,41,57,62,[78],86
1133,18/08/2007,32,42,57,66,76,86
1134,21/08/2007,32,41,57,62,78,86
1135,23/08/2007,32,41,57,62,78,86
1136,25/08/2007,32,41,[57],62,78,86
1137,28/08/2007,32,46,59,62,79,87
1138,30/08/2007,32,41,57,62,78,86
1139,01/09/2007,32,41,57,62,78,[86]
1140,06/09/2007,32,43,57,62,74,88
1141,08/09/2007,32,41,[57],[62],78,86
1142,10/09/2007,36,42,58,61,71,84
1143,13/09/2007,32,46,[59],62,79,87
1144,15/09/2007,32,42,[57],66,76,86
1145,18/09/2007,32,46,59,62,79,87
1146,20/09/2007,32,41,57,62,78,86
1147,22/09/2007,32,41,57,62,78,[86]
1148,25/09/2007,32,43,57,62,74,88
1149,27/09/2007,32,41,57,62,78,86
1150,29/09/2007,32,41,57,62,78,86
1151,02/10/2007,32,41,57,62,78,86
1152,03/10/2007,32,41,57,[62],78,86
1153,04/10/2007,32,42,57,[66],76,86
1154,05/10/2007,[32],43,57,62,74,88
1155,07/10/2007,34,41,54,67,76,[83]
1156,11/10/2007,32,41,57,62,78,86
1157,12/10/2007,32,41,57,62,78,86
1158,13/10/2007,32,[41],57,62,78,[86]
1159,16/10/2007,32,43,57,62,74,88
1160,18/10/2007,32,41,57,[62],78,86
1161,20/10/2007,32,42,[57],66,76,86
1162,23/10/2007,32,46,59,[62],79,87
1163,25/10/2007,32,42,57,66,76,86
1164,27/10/2007,32,41,[57],62,78,86
1165,30/10/2007,32,46,59,62,79,87
1166,01/11/2007,32,41,57,62,78,86
1167,08/11/2007,32,[41],57,[62],78,86
1168,09/11/2007,32,42,57,66,76,86
1169,10/11/2007,32,42,57,66,[76],86
1170,12/11/2007,32,43,57,62,74,88
1171,13/11/2007,32,41,57,[62],78,86
1172,15/11/2007,32,42,57,66,[76],86
1173,17/11/2007,32,41,57,62,78,[86]
1174,20/11/2007,32,43,57,62,74,88
1175,22/11/2007,32,41,[57],62,78,86
1176,24/11/2007,32,46,59,62,79,87
1177,27/11/2007,32,43,57,62,74,88
1178,29/11/2007,32,[41],57,62,78,86
1179,04/12/2007,32,46,59,62,[79],87
1180,05/12/2007,32,41,[57],62,78,86
1181,06/12/2007,34,41,54,67,76,83
1182,07/12/2007,32,41,57,62,78,86
1183,13/12/2007,32,41,57,62,78,86
1184,15/12/2007,32,41,57,62,78,[86]
1185,18/12/2007,32,46,59,62,79,87
1186,20/12/2007,32,41,57,62,78,86
1187,22/12/2007,32,41,57,62,78,86
1188,24/12/2007,32,41,57,62,78,86
1189,27/12/2007,32,41,57,62,78,86
1190,29/12/2007,32,41,57,62,78,86
1191,03/01/2008,32,41,57,62,78,86
1192,04/01/2008,32,41,[57],62,78,86
1193,07/01/2008,32,46,59,62,79,87
1194,15/01/2008,32,41,57,[62],78,86
1195,17/01/2008,32,42,57,66,76,86
1196,19/01/2008,32,41,57,62,78,86
1197,22/01/2008,32,41,57,62,78,86
1198,24/01/2008,32,[41],57,62,78,86
1199,26/01/2008,32,42,57,66,76,86
1200,29/01/2008,32,41,57,62,78,86
1201,31/01/2008,32,41,57,62,78,86
1202,01/02/2008,32,41,57,62,78,86
1203,02/02/2008,32,41,57,62,78,86
1204,05/02/2008,32,41,57,62,78,86
1205,08/02/2008,32,41,57,62,78,86
1206,09/02/2008,32,41,57,62,[78],86
1207,10/02/2008,32,42,57,66,76,[86]
1208,12/02/2008,34,49,56,66,77,84
1209,14/02/2008,32,43,57,62,[74],88
1210,16/02/2008,32,41,57,62,78,86
1211,19/02/2008,32,41,57,62,78,86
1212,21/02/2008,32,41,57,62,78,86
1213,23/02/2008,32,41,57,[62],78,86
1214,26/02/2008,34,46,58,68,72,89
1215,28/02/2008,32,41,57,62,78,86
1216,01/03/2008,32,41,57,62,78,86
1217,04/03/2008,32,41,57,62,78,86
1218,05/03/2008,32,41,57,62,78,86
1219,06/03/2008,[32],41,57,62,78,86
1220,07/03/2008,34,[41],54,67,76,83
1221,11/03/2008,34,46,58,68,72,89
1222,13/03/2008,32,41,57,[62],78,86
1223,15/03/2008,[32],42,57,66,76,86
1224,18/03/2008,34,46,58,68,72,89
1225,20/03/2008,32,42,57,66,76,86
1226,22/03/2008,32,41,57,62,78,86
1227,25/03/2008,32,41,57,62,78,86
1228,27/03/2008,32,41,57,62,78,86
1229,29/03/2008,32,41,57,[62],78,86
1230,03/04/2008,[32],42,57,66,76,86
1231,09/04/2008,34,46,58,68,72,89
1232,10/04/2008,32,41,57,62,78,86
1233,11/04/2008,[32],41,[57],62,78,86
1234,12/04/2008,34,41,54,67,76,83
1235,15/04/2008,32,41,57,62,78,86
1236,17/04/2008,32,41,57,62,78,86
1237,19/04/2008,[32],[41],57,62,78,86
1238,22/04/2008,34,46,58,68,72,89
1239,24/04/2008,32,42,57,66,76,86
1240,26/04/2008,32,41,57,62,78,[86]
1241,29/04/2008,32,43,57,62,74,88
1242,01/05/2008,32,41,57,62,78,[86]
1243,02/05/2008,32,43,57,62,74,88
1244,04/05/2008,32,42,57,66,76,86
1245,06/05/2008,32,42,57,66,76,[86]
1246,07/05/2008,32,43,57,62,74,88
1247,08/05/2008,32,41,57,62,78,86
1248,13/05/2008,32,41,57,62,78,86
1249,15/05/2008,32,41,[57],62,78,86
1250,17/05/2008,34,41,54,67,76,83
1251,20/05/2008,32,41,[57],[62],78,86
1252,22/05/2008,34,46,58,68,72,89
1253,24/05/2008,[32],41,57,62,78,86
1254,27/05/2008,34,41,54,67,76,83
1255,29/05/2008,32,41,57,62,78,86
1256,31/05/2008,32,41,57,62,78,[86]
1257,03/06/2008,[32],43,57,62,74,88
1258,05/06/2008,34,41,54,67,76,83
1259,09/06/2008,32,41,57,62,78,86
1260,11/06/2008,32,41,57,62,78,86
1261,12/06/2008,32,41,57,62,78,[86]
1262,14/06/2008,32,43,57,62,74,88
1263,17/06/2008,32,41,57,62,78,86
1264,19/06/2008,32,41,57,62,78,86
1265,21/06/2008,32,41,57,62,78,86
1266,24/06/2008,32,41,[57],62,78,86
1267,26/06/2008,32,46,59,62,79,87
1268,28/06/2008,32,41,57,62,78,86
1269,02/07/2008,[32],41,57,62,78,86
1270,06/07/2008,34,41,54,67,76,83
1271,08/07/2008,32,43,57,62,74,88
1272,10/07/2008,32,41,57,62,78,86
1273,15/07/2008,32,41,[57],62,78,86
1274,17/07/2008,32,46,59,62,79,87
1275,19/07/2008,32,43,57,62,74,88
1276,22/07/2008,32,41,57,62,[78],86
1277,24/07/2008,32,42,[57],66,76,86
1278,26/07/2008,32,46,59,62,79,87
1279,29/07/2008,32,43,[57],62,74,88
1280,31/07/2008,32,46,59,62,79,87
1281,01/08/2008,32,41,57,62,78,86
1282,03/08/2008,32,41,57,62,78,86
1283,04/08/2008,32,41,57,62,78,86
1284,05/08/2008,32,41,57,62,78,86
1285,07/08/2008,32,41,57,62,78,86
1286,11/08/2008,32,41,57,62,78,86
1287,14/08/2008,[32],41,57,62,78,86
1288,16/08/2008,34,41,54,67,76,83
1289,19/08/2008,32,41,57,62,78,86
1290,21/08/2008,32,41,57,[62],78,86
1291,23/08/2008,32,42,57,66,76,86
1292,26/08/2008,32,41,57,62,78,86
1293,28/08/2008,32,41,57,62,78,86
1294,30/08/2008,32,41,57,62,78,86
1295,02/09/2008,32,41,57,62,78,86
1296,08/09/2008,32,41,57,62,78,86
1297,09/09/2008,32,41,57,62,[78],86
1298,10/09/2008,32,42,57,66,76,86
1299,12/09/2008,32,41,57,62,78,86
1300,13/09/2008,32,[41],57,62,78,86
1301,16/09/2008,[32],42,57,66,76,86
1302,18/09/2008,34,46,58,68,72,89
1303,20/09/2008,34,41,54,67,76,83
1304,23/09/2008,32,41,57,62,78,86
1305,25/09/2008,32,41,57,62,78,86
1306,27/09/2008,32,41,57,62,78,86
1307,30/09/2008,32,41,57,62,[78],86
1308,01/10/2008,32,42,57,66,76,86
1309,04/10/2008,32,41,57,62,78,86
1310,05/10/2008,32,41,57,62,78,86
1311,06/10/2008,32,41,57,[62],78,86
1312,07/10/2008,32,42,57,66,76,86
1313,14/10/2008,32,41,57,62,78,86
1314,16/10/2008,32,41,57,62,78,86
1315,18/10/2008,32,41,57,62,78,86
1316,21/10/2008,32,41,57,62,[78],[86]
1317,23/10/2008,32,43,57,62,[74],88
1318,25/10/2008,[32],41,57,62,78,86
1319,28/10/2008,34,41,54,67,76,83
1320,30/10/2008,32,[41],57,62,78,86
1321,03/11/2008,32,42,57,[66],76,86
1322,09/11/2008,32,46,59,62,79,87
1323,10/11/2008,32,42,57,66,76,86
1324,11/11/2008,32,41,57,62,78,86
1325,12/11/2008,32,41,57,62,78,86
1326,13/11/2008,32,41,57,62,78,[86]
1327,15/11/2008,32,43,57,62,74,88
1328,18/11/2008,32,41,57,62,78,86
1329,20/11/2008,32,41,57,62,78,86
1330,22/11/2008,32,41,57,62,78,86
1331,25/11/2008,32,41,57,62,78,86
1332,27/11/2008,32,41,57,62,78,86
1333,29/11/2008,32,41,57,62,78,86
1334,01/12/2008,32,41,57,62,78,[86]
1335,02/12/2008,32,43,57,62,74,88
1336,04/12/2008,32,41,57,62,78,86
1337,06/12/2008,32,41,[57],62,78,86
1338,07/12/2008,32,46,59,62,79,87
1339,08/12/2008,32,41,57,62,78,86
1340,13/12/2008,[32],41,57,62,78,86
1341,16/12/2008,34,46,58,68,72,89
1342,18/12/2008,32,42,57,66,76,86
1343,20/12/2008,32,41,57,62,78,86
1344,23/12/2008,32,41,57,62,78,86
1345,24/12/2008,[32],41,57,62,78,86
1346,27/12/2008,34,41,54,67,76,83
1347,30/12/2008,[32],41,57,62,78,86
1348,08/01/2009,34,41,54,67,76,83
1349,09/01/2009,32,[41],57,62,78,86
1350,10/01/2009,32,42,57,66,76,86
1351,12/01/2009,32,41,57,62,78,86
1352,13/01/2009,32,41,57,62,78,86
1353,15/01/2009,32,41,57,62,78,86
1354,17/01/2009,32,41,57,62,78,86
1355,20/01/2009,32,41,57,62,78,86
1356,22/01/2009,32,41,57,62,78,86
1357,24/01/2009,32,41,57,62,78,86
1358,27/01/2009,32,41,57,62,78,86
1359,29/01/2009,[32],41,57,62,78,[86]
1360,31/01/2009,34,46,58,68,72,89
1361,01/02/2009,32,41,57,62,78,86
1362,04/02/2009,32,41,57,62,78,86
1363,05/02/2009,32,41,57,62,78,86
1364,07/02/2009,32,41,57,62,78,86
1365,14/02/2009,[32],41,57,62,78,86
1366,17/02/2009,34,41,54,67,76,83
1367,19/02/2009,[32],42,57,66,76,86
1368,21/02/2009,36,[41],59,64,72,83
1369,24/02/2009,32,42,57,66,76,86
1370,26/02/2009,32,41,57,62,78,86
1371,28/02/2009,32,41,57,62,78,86
1372,01/03/2009,32,41,57,62,78,86
1373,02/03/2009,32,41,57,62,78,86
1374,03/03/2009,32,41,57,62,78,86
1375,06/03/2009,[32],41,57,62,78,86
1376,09/03/2009,34,41,[54],67,76,83
1377,10/03/2009,36,41,[59],64,72,[83]
1378,11/03/2009,32,41,57,62,78,86
1379,12/03/2009,32,41,57,62,78,86
1380,14/03/2009,32,41,57,62,78,86
1381,17/03/2009,32,41,57,62,78,86
1382,19/03/2009,32,41,57,62,78,86
1383,21/03/2009,32,41,57,62,78,86
1384,24/03/2009,32,41,57,62,78,86
1385,26/03/2009,32,41,57,62,78,86
1386,28/03/2009,32,41,57,62,78,86
1387,31/03/2009,32,41,57,62,78,86
1388,04/04/2009,32,41,57,62,78,86
1389,06/04/2009,32,41,[57],62,78,86
1390,07/04/2009,32,46,59,62,79,87
1391,08/04/2009,32,41,57,62,78,86
1392,14/04/2009,32,41,57,62,78,86
1393,16/04/2009,32,41,57,[62],78,86
1394,18/04/2009,32,42,57,66,76,[86]
1395,21/04/2009,34,41,54,67,76,83
1396,23/04/2009,32,41,57,62,[78],86
1397,27/04/2009,32,42,57,66,76,86
1398,28/04/2009,[32],41,57,62,78,86
1399,30/04/2009,34,41,54,67,76,83
1400,02/05/2009,32,41,57,62,78,86
1401,03/05/2009,32,41,57,62,78,86
1402,05/05/2009,32,41,57,62,78,86
1403,09/05/2009,32,41,57,62,78,86
1404,11/05/2009,32,41,[57],62,78,86
1405,12/05/2009,32,46,59,62,79,87
1406,14/05/2009,32,[41],57,62,78,86
1407,16/05/2009,32,42,[57],66,76,86
1408,19/05/2009,32,46,59,[62],79,87
1409,21/05/2009,34,41,54,67,76,83
1410,23/05/2009,32,41,57,62,78,86
1411,26/05/2009,32,41,57,62,78,86
1412,28/05/2009,32,41,57,62,78,86
1413,30/05/2009,32,41,57,[62],78,86
1414,06/06/2009,32,42,57,66,76,86
1415,08/06/2009,32,[41],57,62,78,86
1416,10/06/2009,32,42,57,66,76,86
1417,13/06/2009,32,41,57,62,78,86
1418,16/06/2009,32,41,57,62,78,86
1419,18/06/2009,32,41,57,62,78,86
1420,20/06/2009,32,41,57,[62],[78],86
1421,23/06/2009,32,42,57,66,76,86
1422,25/06/2009,32,41,57,[62],78,86
1423,27/06/2009,32,42,57,[66],76,86
1424,30/06/2009,32,41,57,62,[78],86
1425,01/07/2009,32,42,57,[66],76,86
1426,02/07/2009,32,41,57,62,78,86
1427,03/07/2009,32,41,57,62,78,86
1428,04/07/2009,32,41,57,62,78,86
1429,05/07/2009,32,41,57,62,78,86
1430,07/07/2009,32,[41],57,62,78,86
1431,11/07/2009,32,42,57,66,76,86
1432,14/07/2009,32,41,57,[62],78,86
1433,16/07/2009,32,42,57,66,[76],86
1434,18/07/2009,[32],41,57,62,78,86
1435,21/07/2009,36,41,59,64,72,83
1436,23/07/2009,34,41,54,67,76,83
1437,25/07/2009,32,[41],57,62,78,86
1438,28/07/2009,32,42,57,66,76,86
1439,30/07/2009,32,41,57,62,78,86
1440,01/08/2009,32,[41],57,62,78,86
1441,08/08/2009,32,42,57,66,76,86
1442,09/08/2009,32,[41],57,62,78,[86]
1443,10/08/2009,32,43,57,62,74,88
1444,13/08/2009,32,41,57,62,78,86
1445,17/08/2009,32,41,[57],62,78,86
1446,18/08/2009,32,46,59,62,79,87
1447,20/08/2009,32,41,57,62,78,86
1448,22/08/2009,32,41,57,62,78,86
1449,25/08/2009,32,41,57,62,78,[86]
1450,27/08/2009,32,43,57,62,[74],88
1451,29/08/2009,32,41,57,62,78,86
1452,04/09/2009,32,41,57,[62],78,86
1453,05/09/2009,32,42,57,66,76,86
1454,06/09/2009,32,41,57,62,78,86
1455,07/09/2009,32,41,[57],62,78,86
1456,12/09/2009,34,41,54,67,76,83
1457,15/09/2009,34,41,54,67,76,83
1458,17/09/2009,[32],41,57,62,78,86
1459,19/09/2009,36,41,59,64,72,83
1460,22/09/2009,32,41,57,62,78,86
1461,24/09/2009,32,41,57,62,78,86
1462,26/09/2009,32,41,57,62,78,86
1463,29/09/2009,32,41,57,62,78,86
1464,01/10/2009,32,41,57,62,[78],86
1465,02/10/2009,32,42,57,66,76,86
1466,03/10/2009,32,41,[57],62,[78],86
1467,09/10/2009,32,46,59,62,79,87
1468,10/10/2009,32,42,57,66,76,86
1469,11/10/2009,[32],41,57,62,78,86
1470,12/10/2009,34,46,58,68,72,89
1471,13/10/2009,32,41,57,62,78,86
1472,15/10/2009,32,41,57,62,78,86
1473,17/10/2009,32,41,57,62,78,86
1474,20/10/2009,32,[41],57,62,78,86
1475,22/10/2009,32,42,57,66,76,86
1476,24/10/2009,32,41,57,62,78,86
1477,27/10/2009,32,41,57,62,78,86
1478,29/10/2009,32,41,57,62,78,86
1479,31/10/2009,32,[41],57,62,78,86
1480,04/11/2009,32,43,57,62,74,88
1481,06/11/2009,32,41,57,62,78,86
1482,07/11/2009,[32],41,57,62,78,86
1483,08/11/2009,34,41,[54],67,76,83
1484,14/11/2009,32,41,57,62,78,86
1485,17/11/2009,32,41,57,62,78,86
1486,19/11/2009,32,41,[57],[62],78,86
1487,21/11/2009,34,41,54,67,76,[83]
1488,24/11/2009,32,46,59,62,79,[87]
1489,26/11/2009,[32],43,57,62,74,88
1490,28/11/2009,34,41,54,[67],76,83
1491,02/12/2009,[32],43,57,62,74,88
1492,03/12/2009,34,41,54,67,76,83
1493,05/12/2009,32,42,57,66,76,86
1494,09/12/2009,32,41,57,62,78,86
1495,11/12/2009,32,41,57,62,78,86
1496,12/12/2009,32,41,57,62,78,86
1497,15/12/2009,32,41,57,62,78,86
1498,17/12/2009,[32],41,57,62,78,86
1499,19/12/2009,[34],46,58,68,72,89
1500,22/12/2009,32,41,57,62,78,86
1501,24/12/2009,32,41,57,[62],78,86
1502,28/12/2009,32,42,57,66,76,86
1503,29/12/2009,37,41,58,67,76,81
1504,31/12/2009,34,[41],54,67,76,83
1505,04/01/2010,34,46,58,68,72,89
1506,06/01/2010,34,[46],58,68,72,89
1507,07/01/2010,34,49,56,66,[77],84
1508,14/01/2010,36,41,59,64,72,83
1509,16/01/2010,36,42,58,61,71,84
1510,19/01/2010,36,42,58,69,73,83
1511,21/01/2010,37,41,54,64,78,83
1512,23/01/2010,37,41,58,67,76,[81]
1513,26/01/2010,37,43,51,63,72,88
1514,28/01/2010,37,44,57,66,74,81
1515,30/01/2010,37,47,53,66,72,89
1516,01/02/2010,32,41,57,62,78,86
1517,02/02/2010,39,44,56,[62],78,86
1518,03/02/2010,39,47,54,67,78,86
1519,09/02/2010,39,47,54,67,78,86
1520,10/02/2010,32,41,57,62,78,86
1521,11/02/2010,32,41,57,62,78,86
1522,12/02/2010,32,41,[57],62,78,86
1523,13/02/2010,32,46,59,62,79,87
1524,16/02/2010,32,41,57,62,78,86
1525,18/02/2010,32,41,57,62,78,[86]
1526,20/02/2010,32,43,57,62,74,88
1527,23/02/2010,32,41,57,[62],78,86
1528,25/02/2010,32,42,57,66,76,86
1529,27/02/2010,32,41,57,62,78,86
1530,04/03/2010,32,41,[57],62,78,86
1531,05/03/2010,32,46,59,62,79,87
1532,06/03/2010,32,41,57,[62],78,86
1533,07/03/2010,32,42,57,66,76,86
1534,08/03/2010,32,41,57,62,78,[86]
1535,13/03/2010,32,43,57,62,74,88
1536,16/03/2010,32,41,57,62,78,86
1537,18/03/2010,32,41,57,62,78,86
1538,20/03/2010,32,41,57,62,78,86
1539,23/03/2010,32,41,57,62,78,86
1540,25/03/2010,32,41,57,62,78,86
1541,27/03/2010,32,41,57,62,78,86
1542,30/03/2010,32,41,57,62,78,86
1543,02/04/2010,32,41,57,62,78,86
1544,03/04/2010,32,41,57,62,78,86
1545,05/04/2010,32,41,57,62,78,86
1546,09/04/2010,32,41,57,62,78,86
1547,11/04/2010,32,41,57,62,78,86
1548,12/04/2010,32,41,57,62,78,86
1549,13/04/2010,32,41,57,62,78,86
1550,15/04/2010,32,41,57,62,78,86
1551,17/04/2010,32,41,57,62,78,86
1552,20/04/2010,32,[41],57,62,78,86
1553,22/04/2010,32,42,57,66,76,86
1554,24/04/2010,32,41,57,62,78,86
1555,27/04/2010,32,41,57,62,78,86
1556,29/04/2010,32,41,57,[62],78,86
1557,01/05/2010,34,46,58,[68],72,89
1558,06/05/2010,32,43,57,62,74,88
1559,08/05/2010,32,41,[57],62,78,[86]
1560,10/05/2010,34,41,54,67,76,83
1561,13/05/2010,32,43,57,62,74,88
1562,15/05/2010,[32],41,57,62,[78],86
1563,18/05/2010,36,41,59,64,72,[83]
1564,20/05/2010,34,46,58,68,72,89
1565,22/05/2010,[32],41,[57],62,[78],86
1566,25/05/2010,[34],41,54,67,76,83
1567,27/05/2010,32,41,57,62,78,86
1568,29/05/2010,32,41,57,62,78,86
1569,02/06/2010,32,41,57,62,78,86
1570,03/06/2010,32,41,[57],62,[78],86
1571,04/06/2010,32,46,59,62,79,87
1572,05/06/2010,32,41,57,62,78,86
1573,07/06/2010,32,41,[57],62,78,86
1574,11/06/2010,32,46,[59],62,[79],87
1575,15/06/2010,32,42,57,66,76,86
1576,17/06/2010,32,41,57,62,78,[86]
1577,19/06/2010,[32],43,57,62,74,88
1578,22/06/2010,34,41,[54],67,76,[83]
1579,24/06/2010,32,41,57,62,78,86
1580,26/06/2010,32,41,57,62,78,86
1581,29/06/2010,32,[41],57,62,78,86
1582,01/07/2010,32,42,57,66,[76],86
1583,08/07/2010,32,41,57,62,78,86
1584,09/07/2010,32,41,57,62,78,86
1585,10/07/2010,32,41,57,62,78,86
1586,12/07/2010,32,41,57,62,78,86
1587,13/07/2010,32,41,57,62,78,86
1588,15/07/2010,32,41,57,62,78,86
1589,17/07/2010,[32],41,57,62,78,86
1590,20/07/2010,34,41,[54],67,76,83
1591,22/07/2010,32,43,[57],62,74,88
1592,24/07/2010,32,46,59,62,79,87
1593,27/07/2010,32,42,57,66,76,[86]
1594,29/07/2010,32,46,59,62,79,87
1595,31/07/2010,32,41,[57],62,78,86
1596,04/08/2010,32,46,59,62,79,87
1597,05/08/2010,32,41,57,62,78,86
1598,06/08/2010,32,41,57,62,78,[86]
1599,07/08/2010,32,[43],57,62,74,88
1600,14/08/2010,32,41,57,62,[78],[86]
1601,17/08/2010,32,43,57,62,74,88
1602,19/08/2010,32,41,57,62,[78],86
1603,21/08/2010,32,42,57,66,76,86
1604,24/08/2010,32,41,57,62,78,86
1605,26/08/2010,32,41,57,62,78,86
1606,28/08/2010,32,41,57,62,78,86
1607,31/08/2010,32,41,57,62,78,86
1608,01/09/2010,[32],41,57,62,78,86
1609,02/09/2010,34,46,58,68,72,89
1610,03/09/2010,32,41,57,62,78,86
1611,09/09/2010,[32],41,57,62,78,[86]
1612,10/09/2010,34,41,[54],67,76,83
1613,11/09/2010,32,[41],57,[62],78,86
1614,12/09/2010,[32],42,57,66,76,86
1615,14/09/2010,34,49,56,66,77,84
1616,16/09/2010,32,42,57,66,76,86
1617,18/09/2010,32,41,57,62,78,86
1618,21/09/2010,32,41,57,62,78,86
1619,23/09/2010,[32],41,57,62,78,86
1620,25/09/2010,34,41,54,67,76,83
1621,28/09/2010,32,41,[57],62,78,86
1622,30/09/2010,34,49,56,66,77,84
1623,04/10/2010,32,41,57,62,78,86
1624,06/10/2010,32,41,57,62,78,86
1625,07/10/2010,32,41,57,62,78,[86]
1626,08/10/2010,32,43,57,62,74,88
1627,14/10/2010,32,41,57,62,78,86
1628,16/10/2010,32,[41],57,62,78,86
1629,19/10/2010,32,42,[57],66,76,86
1630,21/10/2010,32,46,59,62,79,87
1631,23/10/2010,32,41,57,62,78,86
1632,26/10/2010,[32],41,57,62,78,86
1633,28/10/2010,34,41,54,67,76,83
1634,30/10/2010,34,41,[54],[67],76,83
1635,02/11/2010,[32],41,57,62,78,86
1636,03/11/2010,34,41,54,67,76,83
1637,05/11/2010,32,42,57,66,76,86
1638,09/11/2010,32,41,57,62,78,86
1639,11/11/2010,32,41,57,62,78,86
1640,12/11/2010,32,41,57,62,78,86
1641,13/11/2010,32,41,57,62,78,86
1642,16/11/2010,32,41,57,62,78,86
1643,18/11/2010,[32],41,57,62,78,86
1644,20/11/2010,34,41,54,67,76,83
1645,23/11/2010,32,41,57,62,78,86
1646,25/11/2010,32,41,[57],62,78,86
1647,27/11/2010,32,46,59,62,79,87
1648,30/11/2010,[32],42,57,66,76,86
1649,01/12/2010,34,41,54,67,76,83
1650,06/12/2010,32,41,57,[62],78,86
1651,08/12/2010,32,42,57,[66],76,86
1652,10/12/2010,32,41,57,62,78,86
1653,14/12/2010,32,41,57,62,78,86
1654,16/12/2010,32,41,57,62,78,[86]
1655,18/12/2010,32,43,57,62,[74],88
1656,21/12/2010,32,41,57,62,78,86
1657,23/12/2010,32,41,57,62,78,86
1658,27/12/2010,32,41,57,[62],[78],86
1659,28/12/2010,32,42,57,66,76,86
1660,30/12/2010,32,[41],57,62,78,86
1661,02/01/2011,32,42,57,66,76,86
1662,03/01/2011,[32],[42],57,66,76,86
1663,09/01/2011,34,41,54,67,76,83
1664,10/01/2011,32,41,57,62,78,86
1665,12/01/2011,32,[41],57,62,78,86
1666,13/01/2011,32,42,57,66,76,[86]
1667,15/01/2011,32,43,57,62,74,88
1668,18/01/2011,32,41,57,62,78,86
1669,20/01/2011,32,41,57,62,78,86
1670,22/01/2011,32,41,57,62,78,[86]
1671,25/01/2011,32,[43],57,62,74,88
1672,27/01/2011,32,41,57,62,78,86
1673,29/01/2011,32,41,57,62,78,86
1674,04/02/2011,32,41,57,62,78,86
1675,07/02/2011,32,41,57,62,78,86
1676,08/02/2011,[32],41,57,62,78,86
1677,11/02/2011,34,[41],54,67,76,83
1678,15/02/2011,32,42,57,66,76,86
1679,17/02/2011,32,42,57,66,76,86
1680,19/02/2011,32,41,[57],62,78,86
1681,22/02/2011,32,46,59,62,79,87
1682,24/02/2011,32,41,57,62,78,86
1683,26/02/2011,[32],41,57,62,78,86
1684,01/03/2011,34,41,54,67,76,83
1685,02/03/2011,32,41,57,62,78,86
1686,03/03/2011,32,[41],57,62,78,86
1687,05/03/2011,32,42,57,66,76,86
1688,06/03/2011,32,41,57,62,78,86
1689,09/03/2011,32,[41],57,[62],78,86
1690,11/03/2011,32,42,57,66,76,86
1691,12/03/2011,32,41,57,62,78,86
1692,15/03/2011,32,41,57,[62],78,[86]
1693,18/03/2011,34,41,54,67,76,83
1694,19/03/2011,32,41,57,62,78,86
1695,22/03/2011,[32],41,57,62,78,86
1696,24/03/2011,34,46,58,68,72,89
1697,26/03/2011,32,46,59,[62],79,87
1698,29/03/2011,32,42,57,[66],76,86
1699,31/03/2011,32,41,57,62,78,86
1700,01/04/2011,32,41,57,62,78,86
1701,06/04/2011,32,41,57,62,78,86
1702,08/04/2011,32,41,57,62,78,86
1703,10/04/2011,32,[41],57,62,78,86
1704,14/04/2011,32,42,57,66,76,86
1705,16/04/2011,32,41,57,62,78,86
1706,19/04/2011,32,41,57,62,78,86
1707,21/04/2011,32,41,57,62,78,86
1708,23/04/2011,32,41,57,[62],78,86
1709,26/04/2011,[32],42,57,66,76,86
1710,28/04/2011,34,41,54,67,76,83
1711,30/04/2011,32,43,57,62,[74],88
1712,02/05/2011,[32],41,57,62,[78],86
1713,03/05/2011,34,41,[54],67,76,83
1714,04/05/2011,32,41,[57],62,78,86
1715,05/05/2011,32,46,59,62,79,87
1716,07/05/2011,32,41,[57],62,78,86
1717,11/05/2011,32,[46],[59],62,79,87
1718,14/05/2011,32,41,57,62,78,86
1719,17/05/2011,32,[41],57,62,78,86
1720,19/05/2011,[32],42,57,66,76,86
1721,21/05/2011,34,46,58,68,72,89
1722,24/05/2011,34,41,54,67,76,83
1723,26/05/2011,32,41,57,62,78,86
1724,28/05/2011,32,41,57,62,78,86
1725,31/05/2011,32,41,57,[62],[78],86
1726,08/06/2011,32,42,57,66,76,86
1727,09/06/2011,32,[41],57,62,78,86
1728,10/06/2011,32,42,57,66,76,86
1729,12/06/2011,32,41,57,62,78,86
1730,14/06/2011,32,41,[57],62,78,86
1731,16/06/2011,34,41,54,67,76,83
1732,18/06/2011,34,41,54,[67],76,83
1733,21/06/2011,32,[41],57,[62],78,86
1734,23/06/2011,32,42,57,66,76,86
1735,25/06/2011,32,41,57,62,78,86
1736,28/06/2011,32,41,57,62,78,86
1737,30/06/2011,32,41,[57],62,78,86
1738,01/07/2011,32,46,59,62,79,87
1739,04/07/2011,32,42,57,[66],76,86
1740,05/07/2011,32,41,57,62,78,86
1741,06/07/2011,32,41,57,62,78,86
1742,07/07/2011,32,41,57,62,78,86
1743,14/07/2011,32,41,57,62,78,86
1744,16/07/2011,32,41,57,62,78,86
1745,19/07/2011,32,41,57,62,78,86
1746,21/07/2011,32,41,57,62,78,86
1747,23/07/2011,32,41,57,62,78,[86]
1748,26/07/2011,32,43,57,62,[74],88
1749,28/07/2011,32,41,57,62,[78],86
1750,30/07/2011,32,42,57,66,76,[86]
1751,01/08/2011,32,43,57,62,74,88
1752,02/08/2011,32,43,57,62,74,88
1753,03/08/2011,[32],42,[57],66,76,86
1754,09/08/2011,34,41,54,[67],76,83
1755,10/08/2011,32,41,57,62,78,86
1756,11/08/2011,32,41,57,62,[78],[86]
1757,13/08/2011,32,46,59,62,79,87
1758,16/08/2011,32,42,57,66,76,86
1759,18/08/2011,32,41,57,62,78,86
1760,20/08/2011,32,41,57,62,[78],86
1761,23/08/2011,32,[42],57,66,[76],86
1762,25/08/2011,32,41,[57],62,78,86
1763,27/08/2011,32,46,59,62,79,87
1764,30/08/2011,[32],46,59,62,79,87
1765,04/09/2011,34,41,54,67,76,83
1766,06/09/2011,32,41,57,62,78,86
1767,07/09/2011,32,41,57,62,78,86
1768,08/09/2011,32,[41],57,62,78,86
1769,12/09/2011,32,43,57,62,74,88
1770,13/09/2011,32,41,57,62,78,86
1771,15/09/2011,32,41,57,62,78,86
1772,17/09/2011,32,41,57,62,78,86
1773,20/09/2011,32,41,57,62,78,86
1774,22/09/2011,32,41,57,62,78,86
1775,24/09/2011,32,41,57,62,[78],86
1776,27/09/2011,32,43,[57],62,74,88
1777,29/09/2011,32,46,59,62,79,87
1778,02/10/2011,32,42,57,66,76,86
1779,03/10/2011,32,41,57,62,78,86
1780,05/10/2011,32,41,57,62,78,86
1781,09/10/2011,32,41,57,62,78,86
1782,11/10/2011,32,41,[57],62,78,86
1783,12/10/2011,32,46,59,62,79,87
1784,13/10/2011,32,42,57,66,76,86
1785,15/10/2011,32,42,57,66,76,86
1786,18/10/2011,32,41,57,62,78,86
1787,20/10/2011,32,41,57,62,78,86
1788,22/10/2011,32,41,57,62,78,[86]
1789,25/10/2011,32,43,57,62,74,88
1790,27/10/2011,32,[41],57,62,78,86
1791,29/10/2011,32,42,57,66,76,86
1792,01/11/2011,32,41,57,62,78,86
1793,06/11/2011,32,[41],57,62,78,86
1794,08/11/2011,32,42,57,66,76,86
1795,10/11/2011,32,[41],57,62,78,86
1796,15/11/2011,32,42,57,66,76,86
1797,17/11/2011,32,42,57,66,76,86
1798,19/11/2011,32,41,57,62,78,86
1799,22/11/2011,32,41,57,62,78,86
1800,24/11/2011,32,41,57,[62],78,86
1801,26/11/2011,32,42,57,66,76,86
1802,29/11/2011,32,41,57,62,78,86
1803,02/12/2011,32,41,57,62,[78],86
1804,03/12/2011,32,[42],57,66,76,86
1805,04/12/2011,32,41,57,[62],78,[86]
1806,05/12/2011,34,41,54,67,76,83
1807,07/12/2011,32,41,[57],62,78,86
1808,11/12/2011,[32],[46],59,62,[79],87
1809,13/12/2011,34,41,54,67,76,83
1810,15/12/2011,32,41,57,[62],78,86
1811,17/12/2011,32,42,57,66,76,86
1812,20/12/2011,32,41,57,62,78,86
1813,22/12/2011,32,41,57,[62],78,86
1814,24/12/2011,32,42,57,66,76,[86]
1815,27/12/2011,32,43,57,62,74,88
1816,29/12/2011,32,41,57,62,78,86
1817,31/12/2011,32,41,57,62,78,86
1818,03/01/2012,32,41,57,62,78,86
1819,09/01/2012,32,41,57,62,78,86
1820,12/01/2012,32,41,57,62,78,86
1821,14/01/2012,32,41,57,62,78,86
1822,17/01/2012,[32],41,57,62,78,86
1823,19/01/2012,34,[41],54,67,76,83
1824,21/01/2012,32,42,57,66,76,86
1825,24/01/2012,[32],42,57,66,76,86
1826,26/01/2012,34,41,54,67,76,83
1827,28/01/2012,32,41,57,62,78,86
1828,31/01/2012,32,41,57,62,78,[86]
1829,02/02/2012,32,46,59,62,79,87
1830,05/02/2012,32,41,57,62,78,86
1831,08/02/2012,32,41,57,62,78,86
1832,10/02/2012,32,41,57,62,[78],86
1833,14/02/2012,32,42,57,66,76,[86]
1834,16/02/2012,34,46,58,68,72,89
1835,18/02/2012,32,42,57,66,76,86
1836,21/02/2012,32,41,57,62,78,86
1837,23/02/2012,32,41,57,[62],78,86
1838,25/02/2012,34,46,58,68,72,[89]
1839,28/02/2012,32,41,[57],62,78,86
1840,01/03/2012,32,46,59,62,79,87
1841,03/03/2012,32,42,57,66,76,86
1842,04/03/2012,32,41,57,62,78,86
1843,05/03/2012,32,41,[57],62,78,86
1844,07/03/2012,32,46,59,62,79,87
1845,11/03/2012,32,42,57,66,76,86
1846,13/03/2012,32,41,57,62,78,86
1847,15/03/2012,32,41,57,62,78,86
1848,17/03/2012,32,41,57,62,78,86
1849,20/03/2012,32,41,57,62,78,86
1850,22/03/2012,32,41,57,62,78,86
1851,24/03/2012,32,41,57,62,78,86
1852,27/03/2012,32,41,57,62,78,86
1853,29/03/2012,32,41,[57],[62],78,86
1854,31/03/2012,34,46,58,68,72,89
1855,02/04/2012,32,46,59,62,79,87
1856,06/04/2012,32,41,57,62,78,86
1857,08/04/2012,32,41,57,62,78,86
1858,09/04/2012,32,41,57,62,78,86
1859,10/04/2012,32,41,57,[62],78,86
1860,12/04/2012,32,[42],57,66,76,86
1861,14/04/2012,32,41,57,62,78,[86]
1862,17/04/2012,32,43,57,62,74,88
1863,19/04/2012,32,42,57,66,76,86
1864,21/04/2012,32,41,57,62,78,86
1865,24/04/2012,32,41,57,62,[78],86
1866,26/04/2012,32,42,57,66,76,86
1867,28/04/2012,32,42,57,66,76,86
1868,01/05/2012,32,41,57,62,78,86
1869,04/05/2012,32,41,57,62,78,86
1870,05/05/2012,32,41,[57],62,78,86
1871,06/05/2012,34,41,54,[67],76,83
1872,07/05/2012,32,41,57,62,78,86
1873,11/05/2012,32,41,[57],62,78,86
1874,15/05/2012,32,46,59,62,79,87
1875,17/05/2012,32,[41],57,62,78,86
1876,19/05/2012,32,42,57,66,76,86
1877,22/05/2012,32,41,57,62,78,86
1878,24/05/2012,[32],41,57,62,78,86
1879,26/05/2012,34,41,54,67,76,83
1880,29/05/2012,32,41,57,62,78,86
1881,31/05/2012,32,41,57,62,78,86
1882,03/06/2012,32,41,57,62,78,86
1883,09/06/2012,32,41,57,62,78,86
1884,10/06/2012,32,[41],57,62,78,86
1885,11/06/2012,32,42,57,66,[76],86
1886,12/06/2012,32,41,57,62,78,86
1887,14/06/2012,32,41,57,62,78,86
1888,16/06/2012,32,41,57,62,78,86
1889,19/06/2012,32,41,57,[62],78,86
1890,21/06/2012,32,42,57,66,76,86
1891,23/06/2012,32,41,57,62,78,[86]
1892,26/06/2012,32,43,57,62,74,[88]
1893,28/06/2012,32,41,[57],62,78,86
1894,30/06/2012,32,46,59,62,79,87
1895,01/07/2012,32,41,57,62,78,86
1896,02/07/2012,32,41,57,62,78,86
1897,04/07/2012,32,41,57,62,78,86
1898,06/07/2012,[32],41,57,62,78,86
1899,07/07/2012,34,41,54,67,[76],83
1900,08/07/2012,32,41,[57],[62],78,86
1901,14/07/2012,34,41,54,67,76,83
1902,17/07/2012,32,42,[57],66,76,86
1903,19/07/2012,32,46,59,62,[79],87
1904,21/07/2012,32,41,57,62,78,86
1905,24/07/2012,32,41,57,62,78,86
1906,26/07/2012,32,41,57,62,78,86
1907,28/07/2012,32,41,57,62,78,86
1908,31/07/2012,32,41,57,62,78,86
1909,03/08/2012,32,41,57,62,78,86
1910,05/08/2012,32,41,57,62,78,86
1911,09/08/2012,32,41,57,62,78,86
1912,11/08/2012,32,41,57,62,78,86
1913,14/08/2012,32,[41],57,62,78,86
1914,16/08/2012,32,42,57,66,76,86
1915,18/08/2012,32,41,57,62,78,86
1916,21/08/2012,32,41,57,[62],[78],86
1917,23/08/2012,34,[46],58,68,72,89
1918,25/08/2012,32,41,57,62,78,86
1919,28/08/2012,32,41,57,62,78,86
1920,30/08/2012,32,41,57,[62],78,86
1921,02/09/2012,32,42,57,66,76,86
1922,06/09/2012,32,41,57,62,[78],86
1923,08/09/2012,[32],42,57,66,76,86
1924,10/09/2012,34,41,54,[67],76,[83]
1925,13/09/2012,32,41,57,62,78,86
1926,15/09/2012,[32],41,57,62,78,86
1927,18/09/2012,34,41,54,67,76,83
1928,20/09/2012,32,41,57,62,78,[86]
1929,22/09/2012,32,43,57,62,74,88
1930,25/09/2012,32,41,57,62,78,86
1931,27/09/2012,32,41,57,62,78,86
1932,29/09/2012,32,41,57,62,78,86
1933,01/10/2012,32,41,57,62,78,86
1934,03/10/2012,32,41,57,62,78,86
1935,04/10/2012,32,[41],57,62,78,86
1936,05/10/2012,32,42,57,66,76,86
1937,07/10/2012,[32],41,57,62,[78],86
1938,11/10/2012,[34],41,54,67,76,83
1939,12/10/2012,32,41,57,62,78,86
1940,13/10/2012,32,41,57,62,78,86
1941,16/10/2012,32,41,57,62,78,86
1942,18/10/2012,32,[41],57,62,78,86
1943,20/10/2012,32,42,57,66,76,86
1944,23/10/2012,32,41,57,62,[78],86
1945,25/10/2012,32,42,57,66,76,86
1946,27/10/2012,32,41,57,62,78,86
1947,30/10/2012,[32],41,57,62,78,86
1948,02/11/2012,34,41,54,67,76,83
1949,08/11/2012,32,43,57,62,74,88
1950,09/11/2012,32,41,57,62,78,86
1951,10/11/2012,32,41,57,62,78,86
1952,12/11/2012,32,41,57,62,78,86
1953,13/11/2012,32,41,[57],[62],78,86
1954,15/11/2012,34,41,54,67,76,[83]
1955,17/11/2012,32,41,57,62,78,86
1956,20/11/2012,32,[41],57,62,78,86
1957,22/11/2012,32,42,57,66,76,86
1958,24/11/2012,32,41,57,62,78,86
1959,27/11/2012,32,41,57,62,[78],86
1960,29/11/2012,32,42,57,66,76,86
1961,01/12/2012,32,41,57,62,78,86
1962,04/12/2012,32,41,57,62,78,86
1963,05/12/2012,32,41,57,62,78,86
1964,06/12/2012,32,41,57,62,78,86
1965,07/12/2012,32,41,57,62,78,[86]
1966,13/12/2012,32,43,57,62,74,88
1967,15/12/2012,32,41,57,62,78,86
1968,18/12/2012,32,41,57,[62],78,86
1969,20/12/2012,32,42,57,66,76,86
1970,22/12/2012,32,41,57,62,78,86
1971,24/12/2012,32,41,57,62,78,86
1972,27/12/2012,32,41,[57],62,78,86
1973,29/12/2012,34,41,54,67,76,83
1974,06/01/2013,32,43,57,62,74,88
1975,08/01/2013,32,41,57,62,78,86
1976,10/01/2013,32,41,57,62,[78],86
1977,15/01/2013,32,43,57,62,74,88
1978,17/01/2013,32,41,57,62,78,[86]
1979,19/01/2013,32,43,57,62,74,88
1980,22/01/2013,32,41,57,62,78,86
1981,24/01/2013,32,41,57,62,78,86
1982,26/01/2013,32,41,57,62,[78],86
1983,29/01/2013,32,42,57,66,76,86
1984,31/01/2013,32,41,57,62,78,86
1985,01/02/2013,32,41,57,62,78,86
1986,02/02/2013,32,41,57,62,78,86
1987,03/02/2013,32,41,57,62,78,86
1988,04/02/2013,32,41,57,62,78,86
1989,05/02/2013,[32],41,[57],62,78,86
1990,07/02/2013,34,41,54,67,76,83
1991,11/02/2013,32,41,57,62,78,86
1992,14/02/2013,[32],41,57,62,78,86
1993,16/02/2013,34,46,58,68,72,89
1994,19/02/2013,[34],41,54,67,76,83
1995,21/02/2013,32,41,[57],62,78,86
1996,23/02/2013,32,46,59,62,79,87
1997,26/02/2013,32,41,57,62,78,86
1998,28/02/2013,32,41,57,[62],78,86
1999,01/03/2013,34,46,58,68,72,89
2000,08/03/2013,32,42,57,66,76,86
2001,09/03/2013,32,41,57,62,78,86
2002,10/03/2013,32,[42],[57],66,76,86
2003,12/03/2013,32,46,59,62,79,87
2004,14/03/2013,32,46,59,62,79,87
2005,16/03/2013,34,[41],54,67,76,83
2006,19/03/2013,34,46,58,68,72,[89]
2007,21/03/2013,34,49,56,66,77,84
2008,23/03/2013,36,41,59,64,72,83
2009,26/03/2013,[37],41,54,[64],78,83
2010,28/03/2013,36,42,58,69,[73],83
2011,30/03/2013,37,43,51,63,72,88
2012,04/04/2013,37,41,58,67,76,81
2013,05/04/2013,37,43,51,[63],72,88
2014,06/04/2013,37,47,53,66,72,89
2015,07/04/2013,37,[47],[53],66,72,89
2016,13/04/2013,39,[43],56,63,[76],86
2017,16/04/2013,39,44,56,62,78,86
2018,18/04/2013,[39],44,56,62,78,86
2019,20/04/2013,32,41,57,62,78,[86]
2020,23/04/2013,39,47,56,69,71,89
2021,27/04/2013,32,42,[57],66,76,86
2022,29/04/2013,32,46,59,62,79,87
2023,30/04/2013,32,41,57,62,78,[86]
2024,01/05/2013,32,43,57,62,[74],88
2025,02/05/2013,32,41,57,62,78,86
2026,03/05/2013,[32],41,57,62,78,86
2027,09/05/2013,36,42,58,69,73,83
2028,10/05/2013,32,41,57,62,78,86
2029,11/05/2013,32,41,57,62,[78],86
2030,12/05/2013,32,43,57,62,74,[88]
2031,14/05/2013,32,[41],57,62,78,86
2032,16/05/2013,32,42,57,66,76,86
2033,18/05/2013,32,41,57,62,78,86
2034,21/05/2013,[32],41,57,62,78,86
2035,23/05/2013,34,46,58,68,72,89
2036,25/05/2013,32,41,57,[62],78,86
2037,28/05/2013,32,42,57,[66],76,86
2038,30/05/2013,32,41,57,[62],78,86
2039,04/06/2013,32,42,57,66,76,86
2040,06/06/2013,32,41,57,62,[78],86
2041,07/06/2013,32,42,57,66,[76],86
2042,08/06/2013,[32],[41],57,62,78,86
2043,13/06/2013,34,46,58,68,72,89
2044,15/06/2013,32,42,57,66,76,86
2045,18/06/2013,[32],42,57,66,76,[86]
2046,20/06/2013,36,41,59,64,72,83
2047,22/06/2013,34,41,54,67,76,83
2048,25/06/2013,32,41,57,62,78,86
2049,27/06/2013,32,41,57,62,78,86
2050,29/06/2013,32,41,57,62,78,86
2051,02/07/2013,32,41,57,62,78,86
2052,03/07/2013,[32],41,57,62,[78],86
2053,05/07/2013,34,41,[54],[67],76,83
2054,09/07/2013,32,[41],57,62,[78],86
2055,11/07/2013,32,42,57,66,76,86
2056,12/07/2013,32,41,57,62,78,86
2057,13/07/2013,32,41,57,62,78,86
2058,16/07/2013,32,41,[57],62,78,86
2059,18/07/2013,32,46,59,62,79,87
2060,20/07/2013,32,41,57,62,78,86
2061,23/07/2013,32,41,57,62,78,86
2062,25/07/2013,32,[41],[57],62,78,86
2063,27/07/2013,34,49,56,66,77,[84]
2064,30/07/2013,32,41,[57],62,78,86
2065,01/08/2013,[32],46,59,62,[79],87
2066,06/08/2013,34,41,54,67,76,83
2067,08/08/2013,32,41,57,62,78,86
2068,10/08/2013,32,41,57,[62],78,86
2069,13/08/2013,32,42,57,66,76,86
2070,17/08/2013,32,42,57,66,[76],86
2071,19/08/2013,32,41,57,62,78,86
2072,20/08/2013,32,41,57,62,78,86
2073,22/08/2013,32,41,57,62,78,86
2074,24/08/2013,32,41,57,62,78,86
2075,27/08/2013,32,41,57,62,78,86
2076,29/08/2013,32,41,57,62,78,86
2077,31/08/2013,32,41,57,[62],78,86
2078,02/09/2013,[32],42,57,[66],76,86
2079,03/09/2013,34,41,54,67,76,83
2080,04/09/2013,32,41,57,62,78,86
2081,05/09/2013,32,41,57,62,78,86
2082,07/09/2013,32,41,57,62,78,86
2083,11/09/2013,32,41,57,62,78,86
2084,14/09/2013,32,41,57,62,[78],86
2085,17/09/2013,32,42,57,66,76,86
2086,19/09/2013,32,41,57,62,78,[86]
2087,21/09/2013,32,43,57,62,74,88
2088,24/09/2013,32,41,57,62,78,[86]
2089,26/09/2013,32,46,59,62,79,87
2090,28/09/2013,32,46,59,62,79,87
2091,01/10/2013,32,46,59,62,79,87
2092,08/10/2013,32,41,57,62,78,86
2093,09/10/2013,32,41,[57],62,78,86
2094,10/10/2013,34,41,54,67,76,83
2095,12/10/2013,32,41,[57],62,78,86
2096,15/10/2013,32,46,59,62,79,87
2097,17/10/2013,32,41,57,62,78,86
2098,19/10/2013,32,41,57,62,78,86
2099,22/10/2013,32,41,57,62,78,86
2100,24/10/2013,32,[41],57,[62],78,86
2101,26/10/2013,34,46,58,68,72,89
2102,29/10/2013,32,42,57,66,76,86
2103,31/10/2013,32,41,57,62,78,86
2104,04/11/2013,32,41,57,62,[78],86
2105,05/11/2013,32,43,57,62,74,88
2106,06/11/2013,32,[41],57,62,78,86
2107,07/11/2013,32,42,57,66,76,86
2108,14/11/2013,32,41,57,62,78,86
2109,16/11/2013,32,41,57,62,78,86
2110,19/11/2013,32,41,57,62,78,86
2111,21/11/2013,32,41,[57],62,78,86
2112,23/11/2013,32,46,59,62,79,87
2113,26/11/2013,32,41,57,62,78,86
2114,28/11/2013,32,41,57,62,[78],86
2115,30/11/2013,32,43,57,62,74,88
2116,01/12/2013,32,41,57,62,78,[86]
2117,02/12/2013,32,43,57,62,74,88
2118,03/12/2013,32,42,57,66,76,86
2119,09/12/2013,32,42,57,66,76,86
2120,10/12/2013,32,41,57,62,78,86
2121,11/12/2013,32,41,[57],62,78,86
2122,12/12/2013,[32],46,59,62,79,87
2123,14/12/2013,34,41,54,67,[76],83
2124,17/12/2013,32,41,57,62,78,86
2125,19/12/2013,32,41,57,62,78,86
2126,21/12/2013,32,41,57,62,78,86
2127,23/12/2013,32,41,57,62,78,86
2128,24/12/2013,32,41,57,62,78,[86]
2129,28/12/2013,32,46,59,62,79,87
2130,31/12/2013,32,41,57,[62],78,86
2131,02/01/2014,34,46,58,68,72,89
2132,03/01/2014,32,42,57,66,76,86
2133,04/01/2014,32,41,57,62,78,86
2134,07/01/2014,32,41,57,62,78,86
2135,14/01/2014,32,41,57,62,78,86
2136,16/01/2014,32,41,57,62,78,86
2137,18/01/2014,32,[41],57,62,[78],86
2138,21/01/2014,32,42,57,66,76,86
2139,23/01/2014,32,42,57,66,76,86
2140,25/01/2014,32,41,57,[62],78,86
2141,28/01/2014,32,42,57,66,76,86
2142,30/01/2014,32,41,57,62,78,86
2143,01/02/2014,32,41,[57],62,78,86
2144,08/02/2014,32,46,59,62,79,87
2145,09/02/2014,[32],43,57,62,74,88
2146,10/02/2014,34,41,54,67,76,83
2147,12/02/2014,32,41,57,62,78,86
2148,13/02/2014,32,41,57,62,78,86
2149,15/02/2014,32,41,57,[62],78,86
2150,18/02/2014,32,42,57,66,76,86
2151,20/02/2014,32,42,57,66,76,86
2152,22/02/2014,32,42,57,66,76,86
2153,25/02/2014,32,41,57,62,78,86
2154,27/02/2014,[32],41,57,62,78,[86]
2155,04/03/2014,34,49,56,66,77,84
2156,05/03/2014,32,41,57,62,78,86
2157,06/03/2014,32,41,57,62,78,86
2158,07/03/2014,32,41,57,62,78,86
2159,11/03/2014,[32],41,57,62,78,86
2160,13/03/2014,34,41,54,67,76,83
2161,15/03/2014,32,46,59,62,79,87
2162,18/03/2014,32,42,57,[66],76,86
2163,20/03/2014,32,41,57,62,78,86
2164,22/03/2014,32,41,57,62,78,86
2165,25/03/2014,32,41,57,62,[78],86
2166,27/03/2014,32,46,59,62,79,87
2167,29/03/2014,32,41,[57],62,78,[86]
2168,01/04/2014,32,46,59,62,79,87
2169,02/04/2014,32,41,57,62,78,86
2170,03/04/2014,32,41,57,62,78,86
2171,09/04/2014,32,[41],57,62,78,86
2172,10/04/2014,32,42,57,66,76,86
2173,11/04/2014,32,42,57,66,76,86
2174,12/04/2014,32,41,[57],62,78,86
2175,15/04/2014,32,46,59,62,79,87
2176,17/04/2014,32,41,57,62,78,86
2177,19/04/2014,32,41,57,62,78,86
2178,22/04/2014,32,41,57,[62],[78],86
2179,24/04/2014,32,42,57,66,76,86
2180,26/04/2014,32,41,57,62,78,86
2181,29/04/2014,32,41,57,62,78,[86]
2182,04/05/2014,32,43,57,62,74,88
2183,05/05/2014,32,43,57,62,74,88
2184,06/05/2014,32,41,57,62,78,86
2185,07/05/2014,32,41,57,62,78,86
2186,08/05/2014,32,[41],57,62,78,86
2187,13/05/2014,32,42,57,66,76,86
2188,15/05/2014,32,41,57,62,78,86
2189,17/05/2014,32,41,57,62,78,86
2190,20/05/2014,32,[41],57,62,[78],86
2191,22/05/2014,32,42,57,66,76,86
2192,24/05/2014,32,42,57,66,76,86
2193,27/05/2014,[32],41,57,62,78,86
2194,29/05/2014,34,46,58,68,72,89
2195,31/05/2014,34,41,54,67,76,83
2196,02/06/2014,32,41,57,62,78,86
2197,03/06/2014,32,41,57,62,78,86
2198,05/06/2014,32,41,57,62,78,86
2199,09/06/2014,32,41,57,62,78,86
2200,11/06/2014,32,41,57,62,78,86
2201,12/06/2014,32,41,57,62,78,86
2202,14/06/2014,32,41,57,62,78,86
2203,17/06/2014,32,41,57,62,78,86
2204,19/06/2014,32,41,57,62,78,86
2205,21/06/2014,32,41,57,62,78,86
2206,24/06/2014,32,41,57,62,78,86
2207,26/06/2014,32,41,57,[62],78,[86]
2208,28/06/2014,34,[41],54,67,76,83
2209,01/07/2014,32,43,57,62,74,88
2210,06/07/2014,32,41,57,62,78,86
2211,08/07/2014,32,41,57,62,78,86
2212,10/07/2014,32,41,57,62,78,86
2213,15/07/2014,[32],41,57,62,78,86
2214,17/07/2014,34,41,54,67,76,83
2215,19/07/2014,32,41,57,62,78,86
2216,22/07/2014,[32],41,57,62,78,86
2217,24/07/2014,34,41,54,67,76,83
2218,26/07/2014,32,43,57,[62],74,88
2219,29/07/2014,[32],42,57,66,76,86
2220,31/07/2014,34,41,54,67,76,83
2221,02/08/2014,32,[41],57,62,78,86
2222,03/08/2014,32,42,57,66,76,86
2223,04/08/2014,32,41,57,62,78,86
2224,05/08/2014,32,41,57,62,[78],86
2225,07/08/2014,[32],42,57,66,76,86
2226,11/08/2014,34,41,54,67,76,83
2227,14/08/2014,32,41,57,62,78,86
2228,16/08/2014,32,41,57,62,78,86
2229,19/08/2014,32,41,57,[62],78,86
2230,21/08/2014,32,42,57,66,[76],86
2231,23/08/2014,32,41,57,62,78,86
2232,26/08/2014,32,41,57,62,78,86
2233,28/08/2014,32,41,57,62,[78],86
2234,30/08/2014,32,42,57,66,76,86
2235,01/09/2014,32,[41],57,62,78,86
2236,08/09/2014,32,42,57,66,76,86
2237,09/09/2014,32,[41],57,62,[78],86
2238,10/09/2014,32,42,57,66,76,86
2239,12/09/2014,32,42,57,66,76,86
2240,13/09/2014,32,41,57,62,78,86
2241,16/09/2014,32,41,57,62,78,86
2242,18/09/2014,32,[41],57,[62],78,86
2243,20/09/2014,32,42,[57],66,[76],86
2244,23/09/2014,32,46,[59],62,79,87
2245,25/09/2014,32,43,57,62,74,88
2246,27/09/2014,32,42,57,66,76,86
2247,30/09/2014,32,41,57,62,78,86
2248,04/10/2014,32,41,57,62,78,86
2249,05/10/2014,32,41,[57],62,78,86
2250,06/10/2014,32,46,59,62,79,87
2251,07/10/2014,32,41,57,62,78,86
2252,14/10/2014,32,41,57,62,78,86
2253,16/10/2014,32,41,57,62,[78],86
2254,18/10/2014,32,42,57,[66],76,86
2255,21/10/2014,32,[41],57,62,78,86
2256,23/10/2014,32,42,57,66,76,86
2257,25/10/2014,32,41,[57],62,78,86
2258,28/10/2014,[32],46,59,62,79,87
2259,30/10/2014,34,41,54,67,76,83
2260,01/11/2014,32,46,59,62,79,87
2261,02/11/2014,32,41,57,62,78,86
2262,03/11/2014,32,41,57,62,78,86
2263,09/11/2014,32,41,57,62,78,86
2264,10/11/2014,32,41,57,62,78,86
2265,11/11/2014,32,[41],57,62,78,86
2266,12/11/2014,32,42,57,66,76,86
2267,13/11/2014,32,41,57,62,78,86
2268,15/11/2014,32,41,57,[62],78,86
2269,18/11/2014,34,41,54,67,76,83
2270,20/11/2014,32,41,57,62,78,86
2271,22/11/2014,32,41,57,62,78,86
2272,25/11/2014,32,41,57,[62],78,86
2273,27/11/2014,32,42,57,66,76,86
2274,29/11/2014,32,41,57,62,78,86
2275,04/12/2014,32,41,57,[62],78,86
2276,06/12/2014,32,42,57,66,76,86
2277,07/12/2014,32,41,57,62,78,86
2278,08/12/2014,32,41,57,62,78,[86]
2279,13/12/2014,32,43,57,62,74,88
2280,16/12/2014,32,41,57,62,78,86
2281,18/12/2014,32,41,57,62,78,86
2282,20/12/2014,32,41,57,62,78,86
2283,23/12/2014,32,41,57,[62],78,86
2284,24/12/2014,32,42,57,66,76,86
2285,27/12/2014,32,41,57,62,78,86
2286,30/12/2014,32,41,57,62,78,86
2287,08/01/2015,32,41,57,62,78,86
2288,09/01/2015,32,41,57,62,78,86
2289,10/01/2015,32,41,57,62,78,86
2290,12/01/2015,32,41,57,62,78,86
2291,13/01/2015,32,41,57,62,78,86
2292,15/01/2015,32,41,57,62,78,86
2293,17/01/2015,32,41,57,62,78,86
2294,20/01/2015,32,41,57,62,78,86
2295,22/01/2015,32,41,[57],62,78,86
2296,24/01/2015,32,46,[59],62,79,87
2297,27/01/2015,32,41,57,62,78,86
2298,29/01/2015,32,41,57,62,78,86
2299,31/01/2015,32,41,57,62,78,[86]
2300,04/02/2015,32,43,57,62,74,88
2301,05/02/2015,32,41,57,62,78,86
2302,07/02/2015,32,41,57,62,[78],86
2303,14/02/2015,[32],42,[57],66,76,86
2304,17/02/2015,34,41,54,67,76,83
2305,19/02/2015,32,41,57,62,78,86
2306,21/02/2015,32,41,[57],62,78,86
2307,24/02/2015,34,41,54,67,76,[83]
2308,26/02/2015,32,[41],[57],62,78,[86]
2309,28/02/2015,32,46,59,62,79,[87]
2310,01/03/2015,32,41,57,62,78,86
2311,02/03/2015,32,41,57,62,78,86
2312,03/03/2015,32,41,57,62,78,86
2313,06/03/2015,32,41,57,62,78,[86]
2314,09/03/2015,32,43,57,62,74,88
2315,10/03/2015,32,42,57,66,76,86
2316,11/03/2015,32,[41],57,62,78,[86]
2317,12/03/2015,32,43,57,62,74,88
2318,14/03/2015,32,41,57,62,78,86
2319,17/03/2015,32,41,57,62,78,86
2320,19/03/2015,32,41,[57],62,78,86
2321,21/03/2015,32,46,59,62,79,87
2322,24/03/2015,[32],41,57,62,78,86
2323,26/03/2015,34,41,54,67,76,83
2324,28/03/2015,32,41,57,62,78,86
2325,31/03/2015,32,41,57,62,[78],86
2326,04/04/2015,32,42,57,66,76,86
2327,06/04/2015,32,41,57,62,78,86
2328,07/04/2015,32,41,57,[62],78,86
2329,08/04/2015,[34],41,54,67,76,[83]
2330,14/04/2015,32,42,57,66,76,86
2331,16/04/2015,32,41,57,62,78,[86]
2332,18/04/2015,34,41,54,67,76,83
2333,21/04/2015,32,41,57,62,78,86
2334,23/04/2015,32,41,57,62,78,86
2335,27/04/2015,32,41,57,62,[78],86
2336,28/04/2015,32,42,57,66,76,86
2337,30/04/2015,32,42,57,66,76,86
2338,01/05/2015,32,42,57,66,76,86
2339,02/05/2015,32,41,57,62,78,86
2340,03/05/2015,32,41,57,[62],78,86
2341,05/05/2015,32,42,57,66,76,[86]
2342,09/05/2015,32,43,57,62,74,88
2343,11/05/2015,32,[43],57,[62],74,88
2344,12/05/2015,32,[42],57,66,76,86
2345,14/05/2015,32,41,57,62,78,86
2346,16/05/2015,[32],41,57,62,78,86
2347,19/05/2015,34,[46],58,68,72,89
2348,21/05/2015,32,41,57,62,78,86
2349,23/05/2015,32,41,57,62,78,86
2350,26/05/2015,32,41,57,62,[78],86
2351,28/05/2015,32,42,[57],66,76,86
2352,30/05/2015,32,46,59,62,79,87
2353,06/06/2015,32,43,[57],62,74,88
2354,08/06/2015,32,46,59,62,[79],87
2355,10/06/2015,32,41,57,[62],78,86
2356,13/06/2015,32,42,57,66,76,86
2357,16/06/2015,32,41,[57],62,[78],86
2358,18/06/2015,32,46,59,[62],79,87
2359,20/06/2015,32,42,57,[66],76,86
2360,23/06/2015,32,41,57,62,78,86
2361,25/06/2015,32,41,57,62,78,86
2362,27/06/2015,32,41,57,62,78,86
2363,30/06/2015,32,41,57,62,78,86
2364,01/07/2015,32,41,57,62,78,86
2365,02/07/2015,32,41,57,62,78,86
2366,03/07/2015,32,41,57,62,78,86
2367,04/07/2015,32,41,57,62,78,86
2368,05/07/2015,[32],41,57,62,78,86
2369,07/07/2015,34,41,54,67,76,[83]
2370,11/07/2015,32,42,57,66,76,86
2371,14/07/2015,[32],41,57,62,78,[86]
2372,16/07/2015,34,41,54,67,76,83
2373,18/07/2015,32,41,57,[62],78,86
2374,21/07/2015,34,41,54,67,76,83
2375,23/07/2015,32,[41],57,62,78,86
2376,25/07/2015,32,42,57,66,76,86
2377,28/07/2015,32,41,57,62,78,86
2378,30/07/2015,32,41,57,62,78,86
2379,01/08/2015,32,[41],57,62,78,86
2380,08/08/2015,32,42,57,66,76,86
2381,09/08/2015,32,[41],57,62,78,86
2382,10/08/2015,[32],42,57,66,76,86
2383,13/08/2015,[34],[41],54,67,76,83
2384,17/08/2015,32,43,57,62,74,88
2385,18/08/2015,32,41,57,62,78,[86]
2386,20/08/2015,32,43,57,62,[74],88
2387,22/08/2015,32,41,57,62,78,86
2388,25/08/2015,32,41,57,62,78,86
2389,27/08/2015,32,41,57,62,78,86
2390,29/08/2015,32,41,[57],62,[78],86
2391,04/09/2015,32,46,59,62,79,87
2392,05/09/2015,32,41,57,[62],78,86
2393,06/09/2015,34,46,[58],68,72,89
2394,07/09/2015,32,43,57,62,74,88
2395,12/09/2015,32,43,57,[62],74,88
2396,15/09/2015,[32],42,57,66,76,86
2397,17/09/2015,34,41,54,67,76,83
2398,19/09/2015,[32],43,57,62,74,88
2399,22/09/2015,34,41,54,67,76,83
2400,24/09/2015,[32],42,57,66,76,86
2401,26/09/2015,34,41,54,67,76,83
2402,29/09/2015,32,[41],[57],62,78,86
2403,01/10/2015,32,46,59,62,79,87
2404,02/10/2015,32,41,57,62,[78],86
2405,03/10/2015,32,42,57,66,76,86
2406,09/10/2015,32,41,57,62,78,86
2407,10/10/2015,[32],[41],57,62,[78],86
2408,11/10/2015,34,46,58,68,72,89
2409,12/10/2015,32,41,57,62,78,86
2410,13/10/2015,32,41,57,62,78,86
2411,15/10/2015,[32],41,57,62,78,86
2412,17/10/2015,34,41,54,67,76,83
2413,20/10/2015,32,41,57,62,78,86
2414,22/10/2015,[32],41,57,62,78,86
2415,24/10/2015,34,41,54,67,76,83
2416,27/10/2015,32,41,57,62,78,86
2417,29/10/2015,32,41,[57],62,78,86
2418,31/10/2015,32,46,59,62,79,87
2419,04/11/2015,32,46,59,62,79,87
2420,06/11/2015,32,43,57,62,74,88
2421,07/11/2015,32,41,57,62,78,86
2422,08/11/2015,[32],41,57,62,78,86
2423,14/11/2015,34,41,54,67,76,83
2424,17/11/2015,32,43,57,62,[74],88
2425,19/11/2015,32,41,57,62,78,86
2426,21/11/2015,32,41,57,62,78,86
2427,24/11/2015,32,41,57,62,78,86
2428,26/11/2015,32,41,57,62,78,86
2429,28/11/2015,32,41,57,62,78,86
2430,02/12/2015,[32],41,57,62,78,86
2431,03/12/2015,34,41,54,67,76,83
2432,05/12/2015,32,41,57,62,[78],86
2433,09/12/2015,32,42,57,66,76,86
2434,11/12/2015,32,[41],57,62,78,86
2435,12/12/2015,32,42,57,[66],76,86
2436,15/12/2015,32,41,57,62,78,86
2437,17/12/2015,32,41,57,62,78,86
2438,19/12/2015,32,41,57,62,78,86
2439,22/12/2015,32,41,[57],62,78,86
2440,24/12/2015,32,46,59,62,79,87
2441,28/12/2015,32,41,57,62,78,86
2442,29/12/2015,32,41,[57],62,78,86
2443,31/12/2015,32,46,59,62,79,87
2444,03/01/2016,32,41,57,62,78,86
2445,09/01/2016,32,41,57,62,78,86
2446,10/01/2016,32,41,[57],62,78,86
2447,12/01/2016,32,46,59,62,79,87
2448,14/01/2016,32,[41],57,62,78,86
2449,16/01/2016,32,42,57,66,76,86
2450,19/01/2016,32,41,57,62,78,86
2451,21/01/2016,[32],41,[57],62,78,86
2452,23/01/2016,34,41,54,67,76,83
2453,26/01/2016,34,41,54,67,76,83
2454,28/01/2016,32,41,57,62,78,86
2455,30/01/2016,32,41,57,62,78,86
2456,01/02/2016,32,[41],57,62,78,86
2457,02/02/2016,32,42,57,66,76,86
2458,04/02/2016,32,41,57,62,78,86
2459,07/02/2016,32,41,57,62,78,86
2460,08/02/2016,32,41,[57],62,78,86
2461,13/02/2016,32,46,59,62,79,87
2462,16/02/2016,32,41,57,62,78,86
2463,18/02/2016,32,41,[57],62,78,86
2464,20/02/2016,[32],46,59,62,79,87
2465,23/02/2016,34,46,[58],68,72,89
2466,25/02/2016,32,41,57,62,78,86
2467,27/02/2016,32,41,57,62,78,86
2468,03/03/2016,32,41,57,[62],78,86
2469,05/03/2016,32,42,57,66,76,86
2470,09/03/2016,32,41,57,62,78,86
2471,11/03/2016,32,41,57,62,78,86
2472,12/03/2016,32,41,57,62,78,86
2473,15/03/2016,32,41,57,62,78,86
2474,17/03/2016,32,41,57,62,78,[86]
2475,19/03/2016,32,43,57,62,74,88
2476,22/03/2016,[32],[43],57,62,74,88
2477,24/03/2016,34,41,54,[67],76,83
2478,26/03/2016,32,46,59,62,[79],87
2479,29/03/2016,32,41,57,62,78,86
2480,31/03/2016,32,41,57,62,[78],86
2481,02/04/2016,32,42,57,66,76,86
2482,06/04/2016,32,41,57,62,78,86
2483,08/04/2016,32,41,57,62,78,86
2484,10/04/2016,32,41,57,62,78,86
2485,14/04/2016,32,41,57,62,78,86
2486,16/04/2016,32,41,57,62,78,[86]
2487,19/04/2016,32,43,57,62,74,[88]
2488,21/04/2016,32,46,59,[62],79,87
2489,23/04/2016,32,42,57,66,76,86
2490,26/04/2016,32,41,57,62,78,86
2491,28/04/2016,32,41,57,62,78,86
2492,30/04/2016,32,41,57,62,78,86
2493,01/05/2016,32,41,57,62,78,86
2494,03/05/2016,32,41,57,62,78,[86]
2495,04/05/2016,[32],43,57,62,74,88
2496,05/05/2016,34,41,54,67,76,83
2497,07/05/2016,34,41,54,67,76,83
2498,11/05/2016,32,41,57,62,78,86
2499,14/05/2016,32,41,57,62,78,86
2500,17/05/2016,32,41,57,62,78,86
2501,19/05/2016,32,41,57,[62],78,86
2502,21/05/2016,32,42,57,[66],76,86
2503,24/05/2016,32,43,57,62,74,88
2504,26/05/2016,[32],46,59,62,79,87
2505,28/05/2016,37,43,[51],63,72,88
2506,31/05/2016,34,46,58,68,72,89
2507,02/06/2016,34,49,56,66,[77],84
2508,06/06/2016,37,41,[54],64,78,83
2509,08/06/2016,36,42,[58],[61],[71],84
2510,09/06/2016,37,41,54,64,78,83
2511,10/06/2016,37,41,54,64,78,83
2512,12/06/2016,37,41,58,67,76,81
2513,14/06/2016,37,44,57,66,74,81
2514,16/06/2016,37,44,57,66,74,81
2515,18/06/2016,39,43,56,[63],76,86
2516,21/06/2016,37,47,56,61,73,87
2517,23/06/2016,39,[43],56,63,76,86
2518,25/06/2016,39,[44],56,62,78,86
2519,28/06/2016,39,47,56,69,71,89
2520,30/06/2016,39,47,56,69,71,89
2521,01/07/2016,36,41,59,64,72,83
2522,04/07/2016,34,41,54,67,76,83
2523,05/07/2016,[32],41,57,62,78,86
2524,06/07/2016,37,41,54,64,78,83
2525,07/07/2016,[32],41,57,62,78,[86]
2526,14/07/2016,34,41,54,[67],76,83
2527,16/07/2016,32,41,57,62,[78],86
2528,19/07/2016,32,42,57,66,76,86
2529,21/07/2016,32,41,57,62,78,86
2530,23/07/2016,32,41,57,62,78,86
2531,26/07/2016,32,41,57,62,78,86
2532,28/07/2016,32,41,57,62,78,86
2533,30/07/2016,32,41,57,62,78,86
2534,03/08/2016,[32],41,57,62,78,86
2535,09/08/2016,34,41,54,67,76,83
2536,10/08/2016,32,41,57,[62],78,86
2537,11/08/2016,[32],42,57,66,76,86
2538,13/08/2016,34,41,54,67,76,83
2539,16/08/2016,32,41,57,62,78,86
2540,18/08/2016,32,41,57,62,78,86
2541,20/08/2016,32,41,57,62,78,86
2542,23/08/2016,32,41,57,62,78,86
2543,25/08/2016,32,41,[57],62,78,86
2544,27/08/2016,[32],46,59,62,79,87
2545,30/08/2016,34,46,58,68,72,89
2546,01/09/2016,32,43,57,62,[74],88
2547,02/09/2016,32,41,57,62,[78],86
2548,04/09/2016,32,42,57,66,76,86
2549,06/09/2016,32,41,57,62,78,86
2550,07/09/2016,32,41,57,62,78,86
2551,08/09/2016,32,41,57,62,78,86
2552,13/09/2016,32,41,57,62,78,86
2553,15/09/2016,32,41,57,62,78,[86]
2554,17/09/2016,32,43,57,62,74,[88]
2555,20/09/2016,32,41,57,62,[78],86
2556,22/09/2016,32,42,57,66,76,86
2557,24/09/2016,32,41,57,62,78,86
2558,27/09/2016,32,[41],57,62,78,86
2559,29/09/2016,32,42,57,66,76,86
2560,03/10/2016,32,42,57,66,76,86
2561,05/10/2016,32,41,57,62,78,86
2562,09/10/2016,32,41,57,62,78,86
2563,11/10/2016,32,[41],57,62,78,[86]
2564,12/10/2016,32,43,57,62,74,88
2565,13/10/2016,32,41,57,62,78,86
2566,15/10/2016,32,41,57,62,[78],86
2567,18/10/2016,32,42,57,66,76,86
2568,20/10/2016,32,41,57,62,78,86
2569,22/10/2016,32,41,57,62,[78],86
2570,25/10/2016,32,42,57,66,76,86
2571,27/10/2016,32,41,57,62,78,86
2572,29/10/2016,32,41,57,62,78,86
2573,31/10/2016,32,41,57,62,78,86
2574,02/11/2016,32,41,57,62,78,86
2575,06/11/2016,32,41,57,62,78,86
2576,08/11/2016,32,41,57,62,[78],86
2577,10/11/2016,32,42,57,66,[76],86
2578,15/11/2016,32,41,57,62,[78],86
2579,17/11/2016,32,42,57,66,76,86
2580,19/11/2016,32,42,57,66,76,86
2581,22/11/2016,32,42,57,66,76,[86]
2582,24/11/2016,32,43,57,62,74,88
2583,26/11/2016,32,[41],57,62,78,86
2584,29/11/2016,32,43,57,[62],74,88
2585,01/12/2016,32,[42],57,66,76,86
2586,03/12/2016,32,41,57,62,78,86
2587,04/12/2016,32,41,57,62,78,86
2588,05/12/2016,32,41,57,62,78,86
2589,07/12/2016,32,[41],57,62,78,86
2590,11/12/2016,32,42,57,66,76,86
2591,12/12/2016,32,41,57,62,78,[86]
2592,13/12/2016,32,43,57,62,74,88
2593,15/12/2016,32,41,57,62,78,[86]
2594,17/12/2016,32,43,57,62,74,88
2595,20/12/2016,32,42,57,66,76,86
2596,22/12/2016,32,41,57,62,78,[86]
2597,24/12/2016,[32],43,57,62,74,88
2598,27/12/2016,34,41,54,67,76,83
2599,29/12/2016,32,46,59,62,79,87
2600,31/12/2016,32,41,57,62,78,86
2601,04/01/2017,32,41,57,62,78,[86]
2602,06/01/2017,32,43,57,62,74,88
2603,07/01/2017,32,41,57,62,78,86
2604,08/01/2017,32,41,57,62,78,86
2605,14/01/2017,32,41,57,62,78,86
2606,17/01/2017,32,41,[57],62,78,86
2607,19/01/2017,[32],46,59,62,[79],87
2608,21/01/2017,34,41,54,67,[76],83
2609,24/01/2017,32,41,57,62,78,86
2610,26/01/2017,32,41,57,62,78,86
2611,28/01/2017,32,41,57,62,78,86
2612,31/01/2017,32,41,57,62,78,86
2613,02/02/2017,32,41,[57],62,78,86
2614,03/02/2017,32,46,59,62,79,87
2615,05/02/2017,32,41,57,62,[78],86
2616,09/02/2017,32,42,[57],66,76,86
2617,11/02/2017,32,[46],59,62,79,87
2618,12/02/2017,32,41,57,62,78,86
2619,14/02/2017,32,41,57,62,78,86
2620,16/02/2017,32,41,57,62,[78],86
2621,18/02/2017,32,42,57,66,76,[86]
2622,21/02/2017,32,43,57,62,74,88
2623,23/02/2017,32,41,57,62,78,[86]
2624,25/02/2017,32,43,57,62,74,88
2625,28/02/2017,32,41,57,62,78,86
2626,01/03/2017,[32],41,57,62,78,86
2627,06/03/2017,34,41,54,67,76,[83]
2628,08/03/2017,32,41,57,62,78,86
2629,10/03/2017,32,41,57,62,78,86
2630,14/03/2017,32,41,57,62,78,86
2631,16/03/2017,32,41,57,[62],78,86
2632,18/03/2017,32,42,57,66,76,86
2633,21/03/2017,[32],42,57,66,[76],86
2634,23/03/2017,34,49,56,66,77,84
2635,25/03/2017,32,46,59,62,79,87
2636,28/03/2017,32,43,57,62,74,88
2637,30/03/2017,32,41,57,62,78,86
2638,02/04/2017,32,41,57,[62],78,86
2639,03/04/2017,32,42,57,66,76,86
2640,04/04/2017,32,41,[57],62,78,86
2641,05/04/2017,32,46,59,62,79,87
2642,07/04/2017,32,41,57,62,78,86
2643,11/04/2017,32,41,57,62,[78],86
2644,13/04/2017,32,42,57,66,76,86
2645,15/04/2017,32,41,57,62,78,86
2646,18/04/2017,32,41,57,62,78,86
2647,20/04/2017,32,41,57,62,78,86
2648,22/04/2017,32,41,57,62,78,86
2649,24/04/2017,32,41,57,62,78,86
2650,27/04/2017,32,41,57,[62],78,86
2651,29/04/2017,32,42,57,66,76,86
2652,01/05/2017,32,42,57,66,76,86
2653,08/05/2017,32,42,57,66,76,86
2654,09/05/2017,32,41,57,62,78,86
2655,10/05/2017,32,41,57,62,78,86
2656,12/05/2017,32,41,57,62,78,86
2657,13/05/2017,32,41,57,62,78,86
2658,16/05/2017,32,41,57,62,78,86
2659,18/05/2017,32,41,57,62,78,86
2660,20/05/2017,32,41,57,62,[78],86
2661,23/05/2017,32,42,57,66,76,86
2662,25/05/2017,32,41,57,62,78,86
2663,27/05/2017,32,41,[57],62,[78],86
2664,30/05/2017,32,46,[59],62,79,87
2665,04/06/2017,32,41,57,62,78,86
2666,05/06/2017,32,41,[57],62,78,[86]
2667,06/06/2017,32,[46],59,62,79,87
2668,07/06/2017,32,41,57,62,78,86
2669,13/06/2017,32,[41],57,62,78,86
2670,15/06/2017,[32],42,57,66,76,86
2671,17/06/2017,34,46,58,68,72,89
2672,20/06/2017,32,41,57,62,78,[86]
2673,22/06/2017,32,43,57,62,74,88
2674,24/06/2017,32,41,57,62,78,86
2675,27/06/2017,32,41,57,[62],[78],86
2676,29/06/2017,32,42,57,66,76,86
2677,01/07/2017,32,41,57,[62],78,86
2678,02/07/2017,32,42,57,66,76,86
2679,03/07/2017,32,41,57,62,78,86
2680,09/07/2017,32,41,57,62,78,86
2681,10/07/2017,32,41,57,62,78,86
2682,11/07/2017,32,41,57,62,78,[86]
2683,12/07/2017,32,43,57,62,74,88
2684,13/07/2017,32,41,57,[62],[78],86
2685,15/07/2017,32,42,57,66,76,[86]
2686,18/07/2017,32,43,57,62,74,88
2687,20/07/2017,[32],41,57,62,78,86
2688,22/07/2017,34,41,54,67,76,83
2689,25/07/2017,32,41,57,62,78,86
2690,27/07/2017,32,41,57,62,78,86
2691,29/07/2017,32,41,57,62,[78],86
2692,04/08/2017,32,42,57,66,[76],[86]
2693,06/08/2017,[32],43,57,62,74,88
2694,07/08/2017,34,46,58,68,72,89
2695,08/08/2017,34,46,58,68,72,89
2696,14/08/2017,32,43,57,62,74,[88]
2697,17/08/2017,32,41,57,62,78,[86]
2698,19/08/2017,32,43,57,62,74,88
2699,22/08/2017,32,41,57,62,78,[86]
2700,24/08/2017,32,43,57,62,74,[88]
2701,26/08/2017,32,41,57,62,78,86
2702,29/08/2017,32,41,57,62,78,86
2703,31/08/2017,[32],41,57,62,78,86
2704,02/09/2017,34,41,54,67,76,83
2705,03/09/2017,32,41,57,62,78,86
2706,05/09/2017,32,41,57,62,[78],86
2707,09/09/2017,32,42,57,66,76,86
2708,11/09/2017,32,[41],57,62,78,86
2709,12/09/2017,32,43,57,62,74,88
2710,14/09/2017,32,41,57,62,78,86
2711,16/09/2017,32,41,57,62,78,[86]
2712,19/09/2017,32,43,57,62,74,88
2713,21/09/2017,32,41,57,62,78,86
2714,23/09/2017,32,41,57,62,78,86
2715,26/09/2017,32,41,57,62,78,86
2716,28/09/2017,32,41,57,62,78,86
2717,30/09/2017,32,41,57,62,78,86
2718,01/10/2017,32,41,57,62,78,86
2719,06/10/2017,32,41,[57],62,78,86
2720,08/10/2017,32,46,59,62,79,87
2721,10/10/2017,32,42,57,[66],76,86
2722,14/10/2017,32,41,57,62,78,86
2723,17/10/2017,32,41,57,[62],[78],86
2724,19/10/2017,32,42,57,[66],76,86
2725,21/10/2017,[32],41,57,62,78,86
2726,24/10/2017,34,41,54,67,76,83
2727,26/10/2017,32,41,[57],62,78,86
2728,28/10/2017,[32],46,59,62,[79],87
2729,31/10/2017,34,41,54,67,76,83
2730,02/11/2017,[32],41,57,62,78,86
2731,03/11/2017,34,[46],58,68,72,89
2732,04/11/2017,32,41,[57],62,78,[86]
2733,05/11/2017,34,41,54,67,76,[83]
2734,07/11/2017,32,41,57,62,78,86
2735,11/11/2017,32,41,57,62,78,86
2736,14/11/2017,32,41,[57],62,78,86
2737,16/11/2017,34,41,54,67,76,83
2738,18/11/2017,32,41,57,62,78,86
2739,21/11/2017,[32],[41],57,62,78,86
2740,23/11/2017,36,42,58,61,71,84
2741,25/11/2017,32,41,57,[62],78,86
2742,28/11/2017,34,46,58,68,72,89
2743,30/11/2017,32,41,57,62,78,86
2744,01/12/2017,32,41,57,62,78,86
2745,08/12/2017,[32],41,57,62,78,86
2746,09/12/2017,34,46,58,[68],72,89
2747,10/12/2017,32,[41],57,62,78,86
2748,12/12/2017,32,42,57,66,76,86
2749,14/12/2017,32,41,57,62,78,86
2750,16/12/2017,32,41,57,62,78,86
2751,18/12/2017,32,41,57,62,78,86
2752,19/12/2017,32,41,57,62,78,86
2753,21/12/2017,32,41,57,62,78,86
2754,23/12/2017,32,41,57,62,78,86
2755,28/12/2017,32,41,57,62,78,86
2756,30/12/2017,32,41,57,62,78,86
2757,02/01/2018,32,41,57,62,78,86
2758,03/01/2018,32,41,[57],62,78,86
2759,09/01/2018,32,46,59,62,79,87
2760,12/01/2018,32,41,57,62,78,86
2761,13/01/2018,32,[41],57,62,78,86
2762,16/01/2018,32,42,57,66,[76],86
2763,18/01/2018,32,41,57,62,78,[86]
2764,20/01/2018,34,41,54,67,[76],83
2765,23/01/2018,[32],41,57,[62],78,86
2766,25/01/2018,34,41,54,67,76,83
2767,27/01/2018,32,41,57,62,[78],86
2768,30/01/2018,32,42,57,66,76,86
2769,01/02/2018,32,41,57,62,78,86
2770,08/02/2018,32,[41],57,62,78,86
2771,10/02/2018,32,42,57,66,76,86
2772,13/02/2018,32,41,57,62,78,86
2773,15/02/2018,32,41,57,62,[78],86
2774,17/02/2018,32,42,57,66,76,86
2775,20/02/2018,32,41,57,62,78,86
2776,22/02/2018,32,41,57,62,78,86
2777,24/02/2018,32,41,57,[62],78,86
2778,27/02/2018,32,42,57,[66],76,[86]
2779,02/03/2018,32,43,57,62,74,88
2780,03/03/2018,32,41,57,[62],78,86
2781,04/03/2018,32,42,57,66,76,86
2782,05/03/2018,32,41,57,62,78,86
2783,07/03/2018,32,[41],57,62,78,86
2784,11/03/2018,32,43,57,62,74,88
2785,13/03/2018,32,43,57,62,74,88
2786,15/03/2018,32,43,57,62,74,88
2787,17/03/2018,32,41,57,62,78,86
2788,20/03/2018,32,41,57,62,78,86
2789,22/03/2018,32,41,57,62,78,86
2790,24/03/2018,32,41,57,[62],78,86
2791,27/03/2018,34,41,54,67,76,[83]
2792,29/03/2018,[32],41,57,62,78,86
2793,31/03/2018,34,41,54,67,76,83
2794,01/04/2018,32,41,57,62,78,86
2795,06/04/2018,32,41,57,62,78,86
2796,08/04/2018,32,41,57,62,78,86
2797,09/04/2018,32,41,57,62,78,86
2798,10/04/2018,32,41,57,62,78,[86]
2799,12/04/2018,32,43,57,62,74,88
2800,14/04/2018,32,42,57,66,76,86
2801,17/04/2018,32,41,57,62,78,86
2802,19/04/2018,32,41,57,[62],78,86
2803,21/04/2018,32,42,57,66,76,86
2804,24/04/2018,32,[41],57,62,78,86
2805,26/04/2018,32,42,57,[66],76,86
2806,28/04/2018,32,[41],57,62,78,86
2807,30/04/2018,34,46,58,68,72,89
2808,04/05/2018,32,41,57,62,78,86
2809,05/05/2018,32,41,57,62,78,86
2810,06/05/2018,32,41,57,62,78,86
2811,07/05/2018,32,[41],57,62,78,86
2812,11/05/2018,32,42,57,66,76,86
2813,15/05/2018,32,41,57,62,78,86
2814,17/05/2018,32,41,57,62,78,86
2815,19/05/2018,32,41,57,62,78,86
2816,22/05/2018,32,41,57,[62],78,86
2817,24/05/2018,32,42,57,66,76,86
2818,26/05/2018,[32],41,57,62,78,86
2819,29/05/2018,34,41,54,67,76,[83]
2820,31/05/2018,32,41,[57],62,78,[86]
2821,02/06/2018,32,46,59,62,79,87
2822,03/06/2018,32,41,57,62,78,86
2823,09/06/2018,32,41,57,62,78,86
2824,10/06/2018,32,41,57,62,[78],86
2825,11/06/2018,32,[42],57,66,76,86
2826,12/06/2018,32,41,57,62,78,86
2827,14/06/2018,32,41,57,62,78,86
2828,16/06/2018,32,41,57,62,78,86
2829,19/06/2018,32,41,57,62,78,86
2830,21/06/2018,32,41,57,[62],78,86
2831,23/06/2018,34,41,54,[67],76,83
2832,26/06/2018,32,41,57,62,78,[86]
2833,28/06/2018,32,43,57,62,74,88
2834,30/06/2018,[32],41,57,62,78,86
2835,04/07/2018,34,46,58,68,72,89
2836,06/07/2018,32,41,57,62,78,86
2837,07/07/2018,32,41,57,62,78,86
2838,08/07/2018,32,41,57,62,78,86
2839,14/07/2018,32,41,57,62,78,86
2840,17/07/2018,32,41,57,62,78,86
2841,19/07/2018,32,41,57,62,78,86
2842,21/07/2018,32,41,57,62,78,86
2843,24/07/2018,32,41,57,62,78,86
2844,26/07/2018,32,41,57,62,78,86
2845,28/07/2018,32,41,57,62,78,86
2846,31/07/2018,[32],41,57,62,78,86
2847,01/08/2018,34,41,54,67,76,83
2848,02/08/2018,32,41,57,62,78,86
2849,03/08/2018,32,41,57,62,78,86
2850,05/08/2018,32,[41],[57],62,78,86
2851,09/08/2018,[32],46,[59],62,79,87
2852,11/08/2018,34,41,54,67,76,83
2853,14/08/2018,32,41,[57],62,78,86
2854,16/08/2018,32,46,59,62,79,87
2855,18/08/2018,32,41,57,62,78,86
2856,21/08/2018,32,41,57,62,78,86
2857,23/08/2018,[32],41,57,62,78,86
2858,25/08/2018,36,41,59,64,72,83
2859,28/08/2018,32,41,57,62,78,86
2860,30/08/2018,32,41,57,62,78,86
2861,01/09/2018,32,41,57,62,78,86
2862,06/09/2018,[32],[41],57,62,78,[86]
2863,08/09/2018,34,[46],58,68,72,89
2864,10/09/2018,34,[49],56,66,[77],84
2865,13/09/2018,32,41,[57],62,78,86
2866,15/09/2018,32,46,59,62,79,[87]
2867,18/09/2018,32,41,57,62,78,86
2868,20/09/2018,32,41,57,62,78,86
2869,22/09/2018,32,41,57,62,78,86
2870,25/09/2018,32,41,[57],62,78,86
2871,27/09/2018,32,[46],59,62,79,87
2872,29/09/2018,32,41,57,62,78,86
2873,02/10/2018,32,41,[57],62,78,86
2874,03/10/2018,32,46,59,62,79,87
2875,04/10/2018,32,41,57,62,78,86
2876,05/10/2018,32,[41],57,[62],78,86
2877,07/10/2018,32,42,57,66,76,86
2878,11/10/2018,32,42,57,66,76,86
2879,12/10/2018,32,41,57,62,78,86
2880,13/10/2018,32,41,57,62,78,86
2881,16/10/2018,32,41,57,62,78,86
2882,18/10/2018,32,41,57,62,78,86
2883,20/10/2018,32,41,57,62,78,86
2884,23/10/2018,32,41,57,62,78,86
2885,25/10/2018,32,41,57,62,78,86
2886,27/10/2018,32,41,57,62,78,86
2887,30/10/2018,32,41,57,62,78,86
2888,01/11/2018,32,41,57,62,78,86
2889,08/11/2018,32,41,[57],62,78,86
2890,09/11/2018,34,41,54,67,76,83
2891,10/11/2018,32,41,57,[62],78,86
2892,12/11/2018,[32],42,57,66,76,86
2893,13/11/2018,34,41,54,67,76,83
2894,15/11/2018,32,41,57,62,78,86
2895,17/11/2018,32,41,57,62,78,86
2896,20/11/2018,32,41,57,62,78,86
2897,22/11/2018,32,41,57,62,78,86
2898,24/11/2018,32,41,57,62,78,86
2899,27/11/2018,32,41,57,62,78,86
2900,29/11/2018,32,41,57,[62],78,86
2901,04/12/2018,[34],46,58,68,72,89
2902,05/12/2018,32,41,57,62,[78],86
2903,06/12/2018,32,42,57,66,76,86
2904,07/12/2018,32,41,57,62,78,86
2905,13/12/2018,32,[41],57,62,78,86
2906,15/12/2018,32,[42],57,66,76,86
2907,18/12/2018,32,41,57,62,78,[86]
2908,20/12/2018,32,43,57,62,74,88
2909,22/12/2018,32,41,57,62,78,86
2910,24/12/2018,32,41,57,62,78,86
2911,27/12/2018,32,41,57,62,[78],86
2912,29/12/2018,32,42,57,66,76,86
2913,06/01/2019,32,42,57,66,76,86
2914,08/01/2019,32,41,57,62,78,86
2915,10/01/2019,32,41,57,62,78,86
2916,15/01/2019,32,41,[57],62,78,86
2917,17/01/2019,34,41,54,67,76,83
2918,19/01/2019,32,41,57,62,78,86
2919,22/01/2019,32,41,57,62,78,86
2920,24/01/2019,32,41,57,62,78,86
2921,26/01/2019,32,41,57,[62],[78],86
2922,29/01/2019,32,42,57,66,76,86
2923,31/01/2019,32,41,57,62,78,86
2924,02/02/2019,32,41,57,62,78,[86]
2925,03/02/2019,32,46,59,62,79,87
2926,04/02/2019,[32],41,57,62,78,86
2927,05/02/2019,34,41,54,67,76,[83]
2928,07/02/2019,32,46,59,62,79,87
2929,11/02/2019,32,41,57,62,[78],86
2930,14/02/2019,32,42,57,66,[76],86
2931,16/02/2019,32,43,57,62,74,88
2932,19/02/2019,[32],41,57,62,78,86
2933,21/02/2019,34,46,58,68,72,89
2934,23/02/2019,32,41,57,62,78,86
2935,26/02/2019,32,41,57,62,78,86
2936,28/02/2019,32,41,57,62,78,86
2937,01/03/2019,32,41,57,62,78,86
2938,08/03/2019,32,41,57,62,78,86
2939,09/03/2019,32,41,57,62,78,86
2940,10/03/2019,32,41,57,62,78,86
2941,12/03/2019,32,41,57,62,78,86
2942,14/03/2019,32,41,57,62,[78],[86]
2943,16/03/2019,32,43,57,62,74,[88]
2944,19/03/2019,32,41,57,62,78,86
2945,21/03/2019,[32],41,57,62,78,86
2946,23/03/2019,34,41,54,67,76,[83]
2947,26/03/2019,34,46,58,68,72,89
2948,28/03/2019,32,41,57,62,78,86
2949,30/03/2019,32,41,57,62,78,86
2950,04/04/2019,32,41,57,62,78,86
2951,05/04/2019,32,[41],57,62,78,86
2952,06/04/2019,32,43,57,62,74,88
2953,07/04/2019,32,43,[57],62,74,88
2954,13/04/2019,32,46,59,62,79,87
2955,16/04/2019,32,41,57,[62],78,86
2956,18/04/2019,32,42,57,66,76,86
2957,20/04/2019,32,41,57,62,78,86
2958,23/04/2019,[32],41,57,62,78,86
2959,27/04/2019,34,41,54,67,76,83
2960,29/04/2019,32,41,57,62,78,86
2961,30/04/2019,32,41,57,62,78,86
2962,01/05/2019,32,41,57,62,78,86
2963,02/05/2019,32,41,57,62,78,[86]
2964,03/05/2019,32,43,57,62,74,88
2965,09/05/2019,32,41,57,62,78,86
2966,10/05/2019,32,41,57,62,78,86
2967,11/05/2019,[32],41,57,62,78,86
2968,12/05/2019,34,41,54,67,76,83
2969,14/05/2019,32,41,57,62,78,86
2970,16/05/2019,32,41,57,62,78,86
2971,18/05/2019,32,41,[57],[62],78,86
2972,21/05/2019,34,41,54,67,[76],83
2973,23/05/2019,[32],41,57,62,78,86
2974,25/05/2019,34,41,54,67,76,83
2975,28/05/2019,32,41,57,62,78,86
2976,30/05/2019,32,41,57,62,78,86
2977,04/06/2019,32,[41],57,62,78,86
2978,06/06/2019,32,42,57,66,76,86
2979,07/06/2019,32,42,57,66,76,86
2980,08/06/2019,32,42,57,66,76,86
2981,13/06/2019,[32],41,57,62,78,86
2982,15/06/2019,34,41,54,67,76,83
2983,18/06/2019,32,41,57,62,78,86
2984,20/06/2019,32,41,57,62,78,86
2985,22/06/2019,32,[41],57,62,78,86
2986,25/06/2019,32,42,57,66,76,86
2987,27/06/2019,32,42,57,66,76,86
2988,29/06/2019,32,41,57,62,78,86
2989,01/07/2019,32,41,57,62,78,86
2990,02/07/2019,32,41,57,62,78,86
2991,03/07/2019,32,41,57,[62],78,86
2992,05/07/2019,34,41,54,67,76,83
2993,09/07/2019,32,41,57,62,78,86
2994,11/07/2019,32,41,57,62,78,86
2995,12/07/2019,32,41,57,62,78,86
2996,13/07/2019,32,41,57,62,78,86
2997,16/07/2019,32,41,57,62,78,86
2998,18/07/2019,32,41,57,62,78,86
2999,20/07/2019,32,41,57,62,78,86
3000,23/07/2019,[32],41,57,62,78,86
3001,25/07/2019,[36],41,59,64,72,83
3002,27/07/2019,32,42,57,66,76,86
3003,30/07/2019,32,43,57,62,74,88
3004,01/08/2019,[34],41,[54],67,76,83
3005,06/08/2019,36,41,59,[64],[72],83
3006,08/08/2019,36,42,58,61,71,84
3007,10/08/2019,36,41,59,64,72,83
3008,13/08/2019,36,[41],[59],64,72,83
3009,17/08/2019,36,42,58,61,71,84
3010,19/08/2019,36,42,58,69,73,83
3011,20/08/2019,37,[41],54,64,78,83
3012,22/08/2019,37,44,57,66,74,81
3013,24/08/2019,37,43,51,[63],72,88
3014,27/08/2019,[37],44,57,66,74,81
3015,29/08/2019,39,43,56,63,76,86
3016,31/08/2019,39,43,56,63,76,86
3017,02/09/2019,39,[43],56,[63],76,86
3018,03/09/2019,39,44,56,62,[78],[86]
3019,04/09/2019,39,47,56,69,71,89
3020,05/09/2019,39,47,56,69,71,89
3021,07/09/2019,32,41,57,62,78,86
3022,11/09/2019,32,41,57,62,78,86
3023,14/09/2019,32,41,57,62,78,86
3024,17/09/2019,32,41,57,62,78,86
3025,19/09/2019,32,41,57,62,78,86
3026,21/09/2019,32,41,57,62,78,86
3027,24/09/2019,32,41,57,62,78,86
3028,26/09/2019,32,41,57,62,78,86
3029,28/09/2019,32,41,57,62,78,86
3030,01/10/2019,32,41,57,62,78,[86]
3031,08/10/2019,32,43,[57],62,74,88
3032,09/10/2019,32,46,59,62,79,87
3033,10/10/2019,32,41,57,62,78,86
3034,12/10/2019,32,41,57,62,78,86
3035,15/10/2019,32,41,57,62,78,86
3036,17/10/2019,32,41,57,62,78,86
3037,19/10/2019,32,41,57,62,78,86
3038,22/10/2019,32,41,57,62,78,86
3039,24/10/2019,32,41,[57],62,78,86
3040,26/10/2019,34,41,54,67,76,[83]
3041,29/10/2019,[32],41,57,62,78,86
3042,31/10/2019,34,49,56,66,77,84
3043,04/11/2019,32,42,57,66,76,86
3044,05/11/2019,32,41,57,62,[78],86
3045,06/11/2019,32,42,57,66,76,86
3046,07/11/2019,[32],41,57,62,78,86
3047,14/11/2019,34,41,54,67,[76],83
3048,16/11/2019,32,46,59,62,79,87
3049,19/11/2019,32,43,57,62,[74],88
3050,21/11/2019,32,41,[57],62,78,86
3051,23/11/2019,32,46,59,62,[79],87
3052,26/11/2019,32,41,57,62,78,86
3053,28/11/2019,32,41,57,62,78,86
3054,30/11/2019,32,41,57,62,78,86
3055,01/12/2019,32,41,57,[62],78,86
3056,02/12/2019,32,42,57,66,76,86
3057,03/12/2019,32,41,57,62,78,86
3058,09/12/2019,32,41,57,[62],78,86
3059,10/12/2019,32,42,57,66,76,86
3060,11/12/2019,32,41,57,62,78,86
3061,12/12/2019,32,41,57,62,78,86
3062,14/12/2019,32,41,57,62,78,86
3063,17/12/2019,32,41,57,62,78,[86]
3064,19/12/2019,32,46,59,62,79,87
3065,21/12/2019,32,41,57,62,78,86
3066,23/12/2019,32,41,57,62,78,86
3067,24/12/2019,32,41,57,62,78,86
3068,28/12/2019,32,41,57,62,78,86
3069,31/12/2019,[32],41,57,[62],78,86
3070,02/01/2020,34,41,54,67,76,83
3071,06/01/2020,32,41,57,62,78,86
3072,08/01/2020,32,41,57,62,78,86
3073,09/01/2020,32,41,57,62,78,86
3074,10/01/2020,32,41,57,62,78,86
3075,12/01/2020,[32],41,57,[62],[78],86
3076,14/01/2020,34,41,54,67,76,83
3077,16/01/2020,34,41,54,67,76,[83]
3078,18/01/2020,[32],41,57,62,78,86
3079,21/01/2020,34,41,54,67,76,83
3080,23/01/2020,34,41,54,67,76,83
3081,25/01/2020,32,41,57,62,78,86
3082,28/01/2020,32,41,[57],62,78,86
3083,30/01/2020,32,[46],59,[62],79,87
3084,01/02/2020,32,42,57,66,76,86
3085,07/02/2020,32,[42],57,66,76,86
3086,13/02/2020,32,[43],57,62,[74],88
3087,15/02/2020,32,41,57,62,78,[86]
3088,18/02/2020,32,43,57,62,74,88
3089,20/02/2020,32,41,57,62,78,86
3090,22/02/2020,32,41,[57],62,78,86
3091,25/02/2020,32,46,59,62,79,87
3092,27/02/2020,32,41,57,62,78,86
3093,29/02/2020,32,41,57,62,[78],86
3094,03/03/2020,32,42,57,66,76,86
3095,09/03/2020,32,41,57,62,78,86
3096,10/03/2020,32,41,57,62,78,86
3097,11/03/2020,32,41,57,62,78,86
3098,12/03/2020,32,41,57,62,78,86
3099,14/03/2020,32,41,57,62,78,86
3100,17/03/2020,32,41,57,62,78,86
3101,19/03/2020,32,41,57,62,78,86
3102,21/03/2020,32,41,57,62,78,86
3103,01/04/2020,32,41,[57],62,78,86
3104,02/04/2020,32,46,59,62,[79],87
3105,06/04/2020,32,41,57,62,78,86
3106,07/04/2020,32,41,57,62,78,86
3107,08/04/2020,32,41,57,62,78,86
3108,03/05/2020,32,41,57,62,78,86
3109,05/05/2020,32,41,57,62,78,[86]
3110,09/05/2020,32,46,59,62,79,87
3111,11/05/2020,32,41,57,62,78,86
3112,12/05/2020,[32],41,[57],62,78,86
3113,14/05/2020,34,41,[54],67,76,83
3114,16/05/2020,32,41,57,62,[78],86
3115,19/05/2020,32,42,57,[66],76,86
3116,21/05/2020,34,46,58,68,72,89
3117,23/05/2020,32,41,57,62,78,[86]
3118,26/05/2020,32,43,57,62,[74],88
3119,28/05/2020,32,41,57,62,78,86
3120,30/05/2020,32,41,57,62,78,86
3121,02/06/2020,32,41,57,62,78,86
3122,06/06/2020,32,41,57,62,78,86
3123,08/06/2020,32,41,57,62,78,86
3124,10/06/2020,32,41,57,62,78,86
3125,13/06/2020,32,41,[57],[62],78,86
3126,16/06/2020,34,41,54,67,76,83
3127,18/06/2020,32,41,57,62,78,86
3128,20/06/2020,32,41,57,62,78,[86]
3129,23/06/2020,32,43,57,62,74,88
3130,25/06/2020,32,[41],57,62,78,86
3131,27/06/2020,32,42,57,66,76,86
3132,30/06/2020,32,42,[57],66,76,86
3133,01/07/2020,34,41,54,67,76,83
3134,03/07/2020,32,43,57,62,74,88
3135,05/07/2020,32,42,[57],66,76,86
3136,07/07/2020,32,46,59,62,79,87
3137,11/07/2020,32,41,57,62,78,86
3138,12/07/2020,32,41,57,62,78,86
3139,14/07/2020,32,41,57,62,78,86
3140,16/07/2020,32,41,57,62,78,86
3141,18/07/2020,32,41,57,62,78,86
3142,21/07/2020,32,41,57,[62],78,86
3143,23/07/2020,32,42,[57],66,76,86
3144,25/07/2020,32,46,59,62,79,87
3145,28/07/2020,32,43,57,62,74,88
3146,30/07/2020,32,41,57,62,78,86
3147,02/08/2020,[32],41,57,62,78,86
3148,08/08/2020,34,46,[58],68,72,89
3149,09/08/2020,32,41,57,62,78,86
3150,10/08/2020,32,41,57,62,78,86
3151,13/08/2020,32,41,[57],62,78,86
3152,17/08/2020,32,46,59,[62],[79],87
3153,18/08/2020,32,42,57,66,76,86
3154,20/08/2020,32,[41],57,62,78,86
3155,22/08/2020,32,42,57,66,76,86
3156,25/08/2020,32,41,57,62,78,86
3157,27/08/2020,32,41,57,62,78,86
3158,29/08/2020,32,41,57,62,78,86
3159,01/09/2020,32,41,57,62,[78],86
3160,05/09/2020,32,43,57,62,74,88
3161,06/09/2020,32,43,57,62,74,88
3162,07/09/2020,32,41,57,62,78,86
3163,15/09/2020,32,41,57,62,78,86
3164,17/09/2020,32,41,57,62,78,86
3165,19/09/2020,32,41,57,62,78,86
3166,22/09/2020,32,41,57,62,78,86
3167,24/09/2020,32,41,57,62,78,[86]
3168,26/09/2020,32,43,57,62,74,[88]
3169,29/09/2020,32,46,59,62,79,87
3170,03/10/2020,32,[41],[57],62,78,86
3171,09/10/2020,32,[46],59,62,79,[87]
3172,10/10/2020,32,42,57,66,76,86
3173,11/10/2020,32,[41],57,62,78,86
3174,12/10/2020,32,46,59,62,79,87
3175,13/10/2020,32,41,57,62,78,86
3176,15/10/2020,32,41,57,62,78,[86]
3177,17/10/2020,32,43,57,[62],74,88
3178,20/10/2020,32,42,57,66,76,86
3179,22/10/2020,32,41,57,62,78,86
3180,24/10/2020,32,[41],57,62,78,[86]
3181,27/10/2020,32,43,57,62,74,88
3182,29/10/2020,[32],[41],57,62,78,86
3183,31/10/2020,34,46,58,68,72,89
3184,01/11/2020,32,41,57,62,78,86
3185,02/11/2020,32,41,57,62,78,86
3186,06/11/2020,32,41,57,62,78,86
3187,07/11/2020,32,41,57,62,78,86
3188,08/11/2020,32,41,57,62,[78],86
3189,14/11/2020,32,42,57,66,76,86
3190,17/11/2020,[32],41,57,62,78,86
3191,19/11/2020,34,41,54,67,76,83
3192,21/11/2020,32,43,57,62,74,88
3193,24/11/2020,32,41,[57],62,78,86
3194,26/11/2020,32,46,59,62,79,87
3195,28/11/2020,32,41,57,62,78,86
3196,03/12/2020,32,[41],57,62,78,[86]
3197,05/12/2020,32,43,57,62,74,88
3198,09/12/2020,32,41,57,62,[78],86
3199,11/12/2020,32,43,57,62,74,[88]
3200,12/12/2020,32,41,57,62,78,86
3201,15/12/2020,32,41,57,62,78,86
3202,17/12/2020,32,41,57,62,78,86
3203,19/12/2020,32,41,57,[62],78,86
3204,22/12/2020,34,41,54,67,76,83
3205,24/12/2020,32,41,57,62,78,86
3206,28/12/2020,32,41,57,62,78,86
3207,29/12/2020,32,41,57,62,78,86
3208,31/12/2020,32,41,57,62,78,86
3209,04/01/2021,32,41,[57],[62],78,86
3210,06/01/2021,34,46,58,68,72,89
3211,07/01/2021,32,42,57,66,76,[86]
3212,14/01/2021,32,46,59,[62],79,87
3213,16/01/2021,32,42,[57],[66],76,86
3214,19/01/2021,32,46,59,62,79,87
3215,21/01/2021,32,41,57,62,78,86
3216,23/01/2021,32,41,57,62,78,86
3217,26/01/2021,32,41,57,62,78,86
3218,28/01/2021,32,41,57,62,78,86
3219,30/01/2021,32,41,57,62,78,86
3220,01/02/2021,32,41,57,62,78,86
3221,02/02/2021,32,[41],57,62,[78],[86]
3222,03/02/2021,[32],43,57,62,74,88
3223,09/02/2021,34,41,54,67,[76],83
3224,10/02/2021,32,41,57,[62],78,86
3225,11/02/2021,32,42,57,66,76,[86]
3226,12/02/2021,32,43,57,62,74,88
3227,13/02/2021,32,41,57,62,78,86
3228,16/02/2021,32,41,57,62,78,86
3229,18/02/2021,32,41,57,[62],78,86
3230,20/02/2021,34,41,54,67,76,83
3231,23/02/2021,32,41,[57],62,78,86
3232,25/02/2021,34,41,54,67,76,83
3233,27/02/2021,32,41,57,62,78,[86]
3234,04/03/2021,32,43,57,62,74,88
3235,05/03/2021,32,41,[57],62,78,86
3236,06/03/2021,32,46,59,62,79,[87]
3237,07/03/2021,32,43,57,62,74,88
3238,08/03/2021,32,41,57,62,[78],86
3239,13/03/2021,32,42,57,66,76,86
3240,16/03/2021,32,41,57,62,78,86
3241,18/03/2021,32,41,57,[62],78,86
3242,20/03/2021,32,42,[57],66,76,86
3243,23/03/2021,32,46,59,62,79,87
3244,25/03/2021,32,41,57,62,78,[86]
3245,27/03/2021,32,43,57,62,74,88
3246,30/03/2021,32,42,57,66,76,86
3247,02/04/2021,32,42,57,66,76,86
3248,03/04/2021,32,41,57,62,78,86
3249,05/04/2021,32,41,57,62,78,86
3250,09/04/2021,32,41,57,62,78,86
3251,11/04/2021,32,[41],57,62,78,86
3252,12/04/2021,32,42,57,66,[76],86
3253,13/04/2021,32,41,57,62,78,86
3254,15/04/2021,32,41,57,62,78,86
3255,17/04/2021,32,41,57,62,78,86
3256,20/04/2021,[32],41,57,62,78,86
3257,22/04/2021,34,41,54,67,76,83
3258,24/04/2021,32,41,57,62,78,86
3259,27/04/2021,32,[41],57,62,78,86
3260,29/04/2021,32,42,57,[66],[76],86
3261,01/05/2021,34,46,58,68,72,89
3262,06/05/2021,32,42,57,66,76,86
3263,08/05/2021,32,[41],57,62,78,86
3264,10/05/2021,32,42,57,[66],76,86
3265,13/05/2021,34,41,54,67,76,83
3266,15/05/2021,32,41,57,[62],78,86
3267,18/05/2021,32,42,57,66,76,86
3268,20/05/2021,32,42,57,66,76,86
3269,22/05/2021,32,41,57,62,78,86
3270,25/05/2021,32,41,57,62,78,86
3271,27/05/2021,32,41,57,62,78,[86]
3272,29/05/2021,32,46,59,[62],79,87
3273,02/06/2021,32,42,57,[66],[76],86
3274,03/06/2021,32,41,57,62,78,86
3275,04/06/2021,32,41,57,62,[78],86
3276,05/06/2021,32,42,57,66,76,86
3277,07/06/2021,32,41,57,62,78,86
3278,11/06/2021,32,41,57,62,78,86
3279,15/06/2021,32,41,57,62,78,86
3280,17/06/2021,32,41,57,62,[78],86
3281,19/06/2021,32,46,59,62,79,87
3282,22/06/2021,32,42,57,66,76,86
3283,24/06/2021,32,41,57,62,78,86
3284,26/06/2021,32,41,[57],62,78,86
3285,29/06/2021,32,46,59,62,79,[87]
3286,01/07/2021,32,41,57,62,78,86
3287,08/07/2021,32,41,57,62,78,86
3288,09/07/2021,32,41,57,62,78,86
3289,10/07/2021,32,41,57,62,78,86
3290,12/07/2021,32,41,57,62,78,86
3291,13/07/2021,32,41,57,62,78,86
3292,15/07/2021,32,41,[57],62,78,86
3293,17/07/2021,34,46,58,68,72,89
3294,20/07/2021,32,41,57,62,78,86
3295,22/07/2021,32,41,57,62,78,86
3296,24/07/2021,32,41,57,62,78,86
3297,27/07/2021,32,41,57,62,78,86
3298,29/07/2021,32,41,57,62,78,86
3299,31/07/2021,32,41,57,62,78,86
3300,04/08/2021,32,41,57,62,78,86
3301,05/08/2021,32,41,57,62,78,86
3302,06/08/2021,32,41,57,62,78,[86]
3303,07/08/2021,32,43,57,62,[74],88
3304,14/08/2021,32,41,57,62,78,86
3305,17/08/2021,32,41,57,62,78,86
3306,19/08/2021,32,41,57,62,78,86
3307,21/08/2021,32,41,57,62,78,[86]
3308,24/08/2021,32,[43],57,62,74,88
3309,26/08/2021,[32],41,57,62,78,86
3310,28/08/2021,34,46,58,68,72,89
3311,31/08/2021,32,41,57,62,78,86
3312,01/09/2021,32,41,57,62,78,86
3313,02/09/2021,32,41,57,62,78,86
3314,03/09/2021,32,41,57,62,78,86
3315,09/09/2021,32,41,57,62,78,[86]
3316,10/09/2021,32,43,57,62,74,88
3317,11/09/2021,32,43,57,62,74,88
3318,12/09/2021,32,41,57,62,78,86
3319,14/09/2021,32,41,57,62,78,86
3320,16/09/2021,32,41,57,62,78,86
3321,18/09/2021,32,41,57,62,78,86
3322,21/09/2021,32,41,57,62,78,86
3323,23/09/2021,32,41,57,62,78,86
3324,25/09/2021,32,41,57,[62],78,86
3325,28/09/2021,[34],46,58,68,72,89
3326,30/09/2021,[32],41,57,62,78,86
3327,04/10/2021,34,41,54,[67],76,83
3328,06/10/2021,32,41,57,62,78,86
3329,07/10/2021,[32],41,57,[62],78,86
3330,08/10/2021,34,41,54,67,76,83
3331,14/10/2021,32,41,57,62,78,86
3332,16/10/2021,[32],[41],[57],62,78,86
3333,19/10/2021,34,49,56,[66],77,84
3334,21/10/2021,32,41,57,62,78,[86]
3335,23/10/2021,32,43,57,62,74,88
3336,26/10/2021,32,41,[57],62,78,86
3337,28/10/2021,32,46,59,62,79,87
3338,30/10/2021,32,[41],57,62,78,86
3339,02/11/2021,32,42,57,66,76,86
3340,03/11/2021,32,41,57,62,78,86
3341,05/11/2021,32,41,57,62,78,86
3342,09/11/2021,32,41,57,62,78,86
3343,11/11/2021,32,41,57,62,78,86
3344,12/11/2021,32,41,57,62,78,86
3345,13/11/2021,32,41,57,62,78,86
3346,16/11/2021,32,41,57,62,78,86
3347,18/11/2021,32,41,57,62,78,86
3348,20/11/2021,32,41,57,62,78,[86]
3349,23/11/2021,32,[43],57,62,74,88
3350,25/11/2021,32,41,57,62,78,86
3351,27/11/2021,32,41,57,62,[78],86
3352,30/11/2021,32,42,57,66,76,86
3353,01/12/2021,32,41,57,62,78,86
3354,06/12/2021,32,41,57,62,[78],86
3355,08/12/2021,32,42,57,66,76,86
3356,10/12/2021,32,42,57,66,76,86
3357,14/12/2021,32,41,57,62,78,86
3358,16/12/2021,32,[41],57,62,78,86
3359,18/12/2021,32,43,[57],62,74,88
3360,21/12/2021,32,46,59,[62],[79],[87]
3361,23/12/2021,32,42,57,66,76,86
3362,27/12/2021,32,[41],57,62,78,86
3363,28/12/2021,32,42,57,66,76,86
3364,30/12/2021,32,41,57,62,78,[86]
3365,02/01/2022,32,43,57,62,74,88
3366,03/01/2022,32,41,57,62,78,86
3367,09/01/2022,32,41,57,62,78,86
3368,10/01/2022,32,41,57,62,78,86
3369,12/01/2022,[32],41,57,62,78,86
3370,13/01/2022,36,41,59,64,72,83
3371,15/01/2022,32,43,57,62,74,88
3372,18/01/2022,32,41,57,62,78,86
3373,20/01/2022,[32],41,57,62,78,86
3374,22/01/2022,34,41,54,67,76,83
3375,25/01/2022,32,41,57,62,78,86
3376,27/01/2022,32,41,57,62,78,86
3377,29/01/2022,32,41,57,62,78,86
3378,04/02/2022,32,41,57,62,78,86
3379,07/02/2022,32,41,57,62,78,86
3380,08/02/2022,32,41,57,62,78,86
3381,15/02/2022,32,41,57,62,78,86
3382,17/02/2022,32,41,57,62,78,86
3383,19/02/2022,32,41,57,62,78,86
3384,22/02/2022,32,41,57,62,78,86
3385,24/02/2022,32,41,57,62,78,86
3386,26/02/2022,32,41,57,62,78,86
3387,01/03/2022,32,41,57,62,78,86
3388,02/03/2022,32,41,57,62,78,86
3389,03/03/2022,32,41,57,62,78,86
3390,05/03/2022,32,41,57,62,78,86
3391,09/03/2022,32,41,57,62,78,86
3392,11/03/2022,32,41,57,62,78,86
3393,12/03/2022,32,41,57,62,78,86
3394,15/03/2022,32,41,57,62,78,[86]
3395,17/03/2022,32,43,57,62,74,88
3396,19/03/2022,32,43,57,62,74,88
3397,22/03/2022,32,42,57,66,76,86
3398,24/03/2022,32,41,57,[62],78,86
3399,26/03/2022,32,42,57,66,76,86
3400,29/03/2022,[32],41,57,62,78,86
3401,31/03/2022,34,41,54,67,76,83
3402,01/04/2022,32,41,57,62,[78],86
3403,06/04/2022,32,42,57,66,76,86
3404,08/04/2022,32,42,57,[66],76,86
3405,10/04/2022,32,41,57,62,78,86
3406,14/04/2022,32,41,57,62,78,86
3407,16/04/2022,32,41,57,62,78,86
3408,19/04/2022,[32],[41],57,62,78,86
3409,21/04/2022,34,[49],56,66,[77],84
3410,23/04/2022,34,41,54,67,76,83
3411,26/04/2022,32,46,59,[62],79,87
3412,28/04/2022,32,42,57,66,76,86
3413,30/04/2022,32,41,57,62,78,86
3414,02/05/2022,32,41,57,62,78,86
3415,03/05/2022,32,41,57,62,78,86
3416,04/05/2022,32,41,57,62,78,[86]
3417,05/05/2022,32,43,57,62,74,88
3418,07/05/2022,32,41,57,62,78,[86]
3419,11/05/2022,32,43,57,62,[74],88
3420,14/05/2022,32,[42],57,66,76,86
3421,17/05/2022,[32],41,57,62,78,86
3422,19/05/2022,34,41,54,67,76,83
3423,21/05/2022,32,41,57,62,[78],86
3424,24/05/2022,[32],42,57,66,76,86
3425,26/05/2022,34,41,54,67,76,83
3426,28/05/2022,34,41,54,67,76,83
3427,31/05/2022,32,41,57,62,78,86
3428,06/06/2022,32,41,57,62,78,[86]
3429,08/06/2022,32,43,57,62,74,88
3430,09/06/2022,32,41,57,62,78,86
3431,10/06/2022,32,41,57,[62],78,86
3432,12/06/2022,32,42,57,66,76,86
3433,14/06/2022,32,41,57,62,78,86
3434,16/06/2022,32,41,57,62,78,86
3435,18/06/2022,32,41,57,62,[78],86
3436,21/06/2022,[32],42,57,66,76,86
3437,23/06/2022,[34],49,[56],[66],77,84
3438,25/06/2022,32,41,57,62,78,86
3439,28/06/2022,[32],41,57,62,78,86
3440,30/06/2022,34,41,54,67,76,83
3441,04/07/2022,34,41,54,67,76,83
3442,05/07/2022,32,[46],59,62,79,87
3443,06/07/2022,32,42,57,66,76,86
3444,07/07/2022,32,41,57,62,78,86
3445,14/07/2022,32,41,57,62,78,86
3446,16/07/2022,32,41,57,[62],78,86
3447,19/07/2022,32,42,57,66,76,86
3448,21/07/2022,32,42,57,66,76,86
3449,23/07/2022,[32],41,57,62,78,86
3450,26/07/2022,[34],41,54,67,76,83
3451,28/07/2022,32,41,57,62,78,86
3452,30/07/2022,32,41,57,[62],78,86
3453,01/08/2022,32,[42],57,66,76,86
3454,02/08/2022,32,43,[57],[62],74,88
3455,03/08/2022,34,41,54,67,76,83
3456,09/08/2022,32,41,57,62,78,86
3457,10/08/2022,32,[41],57,62,78,86
3458,11/08/2022,32,42,57,66,76,86
3459,13/08/2022,32,41,57,[62],78,86
3460,16/08/2022,32,42,57,66,76,86
3461,18/08/2022,32,41,57,62,78,86
3462,20/08/2022,32,41,57,62,78,86
3463,23/08/2022,32,41,57,62,78,86
3464,25/08/2022,32,[41],57,62,78,[86]
3465,27/08/2022,32,46,59,62,79,87
3466,30/08/2022,32,41,[57],62,78,86
3467,04/09/2022,32,46,59,62,79,87
3468,06/09/2022,[32],41,57,62,78,86
3469,07/09/2022,34,[41],54,67,76,[83]
3470,08/09/2022,32,42,57,66,76,86
3471,13/09/2022,32,41,57,62,78,86
3472,15/09/2022,32,41,57,62,78,86
3473,17/09/2022,32,41,57,62,78,86
3474,20/09/2022,32,41,57,62,78,86
3475,22/09/2022,32,41,57,62,78,86
3476,24/09/2022,32,41,57,62,78,86
3477,27/09/2022,32,41,57,[62],78,86
3478,29/09/2022,34,41,54,67,76,83
3479,01/10/2022,32,43,57,62,74,88
3480,02/10/2022,32,41,57,62,78,86
3481,03/10/2022,32,41,57,62,78,86
3482,05/10/2022,32,41,57,62,78,86
3483,09/10/2022,32,41,57,[62],78,86
3484,11/10/2022,36,42,58,61,71,84
3485,12/10/2022,32,41,57,62,78,86
3486,13/10/2022,32,41,57,62,78,86
3487,15/10/2022,32,41,57,62,78,86
3488,18/10/2022,32,41,[57],62,78,86
3489,20/10/2022,34,41,54,[67],76,83
3490,22/10/2022,32,41,57,62,78,86
3491,25/10/2022,32,[41],57,62,78,86
3492,27/10/2022,[32],42,57,66,76,86
3493,29/10/2022,34,41,54,67,76,83
3494,31/10/2022,34,41,54,67,76,83
3495,01/11/2022,34,41,54,67,76,83
3496,06/11/2022,32,41,57,62,78,86
3497,08/11/2022,[32],41,57,62,78,86
3498,10/11/2022,36,41,59,64,72,83
3499,15/11/2022,32,41,57,62,78,[86]
3500,17/11/2022,32,43,57,62,74,[88]
3501,19/11/2022,32,41,57,62,78,86
3502,22/11/2022,32,42,57,66,76,86
3503,24/11/2022,32,43,57,62,74,[88]
3504,26/11/2022,32,46,59,62,79,87
3505,29/11/2022,34,41,54,67,76,83
3506,02/12/2022,34,46,58,[68],72,89
3507,03/12/2022,36,[41],59,64,72,83
3508,04/12/2022,36,42,58,61,71,84
3509,05/12/2022,36,42,58,61,71,84
3510,07/12/2022,36,42,58,69,73,83
3511,11/12/2022,37,41,54,64,78,83
3512,12/12/2022,37,41,58,67,76,81
3513,13/12/2022,37,44,57,66,74,81
3514,15/12/2022,37,44,57,66,74,81
3515,17/12/2022,37,47,53,66,72,89
3516,20/12/2022,37,47,56,61,[73],[87]
3517,22/12/2022,[39],43,56,63,76,86
3518,24/12/2022,32,41,57,62,78,86
3519,27/12/2022,[39],47,54,67,78,86
3520,29/12/2022,32,41,57,62,78,86
3521,31/12/2022,32,41,57,62,78,86
3522,04/01/2023,32,41,57,62,78,86
3523,06/01/2023,32,41,57,62,78,86
3524,07/01/2023,32,[41],57,62,78,86
3525,08/01/2023,[32],42,57,66,76,86
3526,09/01/2023,34,46,58,68,72,89
3527,12/01/2023,32,46,59,62,79,87
3528,14/01/2023,32,41,57,62,[78],86
3529,17/01/2023,32,42,57,66,76,86
3530,19/01/2023,32,41,[57],62,78,86
3531,21/01/2023,34,46,58,68,[72],89
3532,24/01/2023,32,41,57,62,78,86
3533,26/01/2023,32,41,57,62,78,[86]
3534,28/01/2023,32,43,57,62,74,88
3535,31/01/2023,32,[41],57,62,78,86
3536,02/02/2023,32,42,57,66,76,86
3537,03/02/2023,32,41,57,62,78,86
3538,05/02/2023,32,41,57,62,78,[86]
3539,09/02/2023,32,46,59,62,79,87
3540,11/02/2023,32,43,57,62,74,88
3541,12/02/2023,32,41,57,62,78,86
3542,14/02/2023,32,41,57,62,78,86
3543,16/02/2023,32,41,57,62,78,86
3544,18/02/2023,32,41,[57],62,78,86
3545,21/02/2023,34,41,54,67,76,[83]
3546,23/02/2023,32,41,57,62,78,86
3547,25/02/2023,32,41,57,62,78,86
3548,28/02/2023,32,41,57,62,78,86
3549,01/03/2023,32,41,57,62,78,86
3550,06/03/2023,32,41,57,62,78,86
3551,08/03/2023,32,41,57,62,78,86
3552,10/03/2023,32,41,57,62,78,86
3553,11/03/2023,32,41,57,62,78,86
3554,14/03/2023,32,41,57,62,78,86
3555,16/03/2023,32,41,57,62,78,[86]
3556,18/03/2023,32,[43],57,62,74,88
3557,21/03/2023,32,41,57,62,78,86
3558,23/03/2023,32,[41],57,62,78,86
3559,25/03/2023,32,43,57,62,74,88
3560,28/03/2023,32,41,57,[62],78,86
3561,30/03/2023,34,[46],58,68,72,89
3562,02/04/2023,32,41,57,62,78,86
3563,03/04/2023,32,41,57,62,78,86
3564,04/04/2023,32,41,57,[62],78,86
3565,05/04/2023,32,42,[57],66,76,86
3566,07/04/2023,34,41,54,67,76,83
3567,08/04/2023,32,41,[57],62,78,86
3568,11/04/2023,32,46,[59],62,79,87
3569,13/04/2023,32,41,57,62,78,86
3570,15/04/2023,32,41,57,62,78,[86]
3571,18/04/2023,32,43,57,[62],74,88
3572,20/04/2023,34,46,58,68,72,89
3573,22/04/2023,32,41,57,62,78,86
3574,24/04/2023,32,41,57,62,78,86
3575,27/04/2023,32,41,57,[62],78,[86]
3576,29/04/2023,34,41,54,67,76,83
3577,01/05/2023,32,41,57,62,78,86
3578,08/05/2023,32,41,57,62,78,86
3579,09/05/2023,32,41,57,62,78,86
3580,10/05/2023,32,41,57,62,78,86
3581,12/05/2023,32,[41],57,62,78,86
3582,13/05/2023,32,42,[57],66,76,86
3583,16/05/2023,32,46,59,62,79,87
3584,18/05/2023,32,41,57,62,78,86
3585,20/05/2023,[32],41,57,62,78,86
3586,23/05/2023,34,41,54,67,76,83
3587,25/05/2023,32,41,57,62,78,86
3588,27/05/2023,32,[41],57,62,[78],86
3589,30/05/2023,32,42,57,66,[76],86
3590,04/06/2023,32,41,57,62,78,86
3591,05/06/2023,32,41,57,62,78,86
3592,06/06/2023,32,41,57,[62],78,86
3593,07/06/2023,32,42,[57],66,76,86
3594,10/06/2023,32,46,59,[62],79,87
3595,13/06/2023,32,42,57,66,76,86
3596,15/06/2023,32,41,57,62,78,86
3597,17/06/2023,32,41,57,62,78,86
3598,20/06/2023,32,41,57,62,78,86
3599,22/06/2023,32,41,57,62,78,86
3600,24/06/2023,[32],41,57,62,78,[86]
3601,27/06/2023,34,41,54,67,76,83
3602,29/06/2023,34,[41],54,67,76,83
3603,01/07/2023,32,42,57,66,76,[86]
3604,02/07/2023,32,43,57,62,74,88
3605,03/07/2023,32,41,57,62,78,86
3606,07/07/2023,32,41,57,62,78,86
3607,09/07/2023,32,41,[57],62,78,86
3608,10/07/2023,32,46,59,62,79,87
3609,11/07/2023,32,41,57,62,78,86
3610,12/07/2023,32,41,57,62,78,86
3611,13/07/2023,32,41,57,62,78,86
3612,14/07/2023,32,[41],57,62,78,86
3613,15/07/2023,32,42,57,66,76,86
3614,18/07/2023,32,42,57,66,76,86
3615,20/07/2023,32,[41],57,[62],78,86
3616,21/07/2023,32,42,57,66,76,86
3617,22/07/2023,32,41,57,62,78,86
3618,25/07/2023,32,41,57,62,78,86
3619,27/07/2023,32,41,[57],62,78,86
3620,28/07/2023,32,46,59,62,79,87
3621,29/07/2023,32,42,57,66,76,86
3622,04/08/2023,[32],41,57,62,78,86
3623,06/08/2023,34,41,54,67,76,83
3624,07/08/2023,32,[41],57,62,78,86
3625,08/08/2023,32,42,57,66,76,86
3626,09/08/2023,32,41,57,62,78,[86]
3627,14/08/2023,32,43,57,62,74,88
3628,17/08/2023,32,41,57,62,78,86
3629,18/08/2023,32,[41],57,62,78,86
3630,19/08/2023,32,42,57,66,76,86
3631,22/08/2023,[32],41,57,62,78,86
3632,24/08/2023,[34],46,58,68,72,89
3633,25/08/2023,32,[41],[57],62,[78],86
3634,26/08/2023,32,46,[59],62,79,87
3635,29/08/2023,32,41,57,62,78,86
3636,31/08/2023,32,41,57,62,78,86
3637,02/09/2023,32,41,[57],62,78,86
3638,03/09/2023,32,46,59,62,79,87
3639,05/09/2023,32,43,57,62,74,88
3640,09/09/2023,32,42,57,66,[76],86
3641,11/09/2023,32,41,57,62,78,86
3642,12/09/2023,32,[41],57,62,78,86
3643,14/09/2023,32,42,57,66,[76],86
3644,15/09/2023,32,43,57,62,74,88
3645,16/09/2023,32,41,57,62,78,[86]
3646,19/09/2023,32,46,59,62,79,87
3647,21/09/2023,32,43,57,62,74,88
3648,22/09/2023,32,41,57,62,78,86
3649,23/09/2023,32,41,57,62,78,86
3650,26/09/2023,32,[41],57,62,[78],86
3651,28/09/2023,32,46,59,62,79,87
3652,29/09/2023,32,43,57,62,74,88
3653,30/09/2023,32,43,57,62,[74],88
3654,01/10/2023,[32],41,57,62,78,86
3655,06/10/2023,34,46,58,68,72,89
3656,08/10/2023,32,42,57,66,76,[86]
3657,10/10/2023,32,46,59,62,79,[87]
3658,11/10/2023,32,41,57,[62],78,86
3659,13/10/2023,34,49,[56],66,[77],84
3660,14/10/2023,32,41,57,62,78,86
3661,17/10/2023,32,41,57,62,78,86
3662,19/10/2023,32,41,57,62,78,86
3663,20/10/2023,32,41,57,62,78,86
3664,21/10/2023,32,41,57,62,78,86
3665,24/10/2023,32,[41],57,62,78,86
3666,26/10/2023,32,42,57,66,76,86
3667,27/10/2023,32,41,[57],62,78,86
3668,28/10/2023,32,46,59,62,79,87
3669,31/10/2023,32,46,59,62,79,87
3670,02/11/2023,32,41,57,62,78,86
3671,03/11/2023,32,41,57,62,78,86
3672,04/11/2023,32,41,57,62,78,86
3673,05/11/2023,32,41,57,[62],78,86
3674,07/11/2023,32,42,57,66,76,86
3675,08/11/2023,32,42,57,66,76,86
3676,11/11/2023,32,41,57,[62],78,86
3677,12/11/2023,32,42,57,66,76,86
3678,14/11/2023,32,42,57,66,76,86
3679,16/11/2023,32,41,57,62,78,86
3680,17/11/2023,32,41,57,62,78,86
3681,18/11/2023,32,41,57,[62],78,86
3682,21/11/2023,32,42,57,66,76,[86]
3683,23/11/2023,34,41,54,67,76,[83]
3684,24/11/2023,32,41,57,62,78,86
3685,25/11/2023,32,41,57,62,78,86
3686,28/11/2023,32,41,57,62,78,86
3687,30/11/2023,32,[41],57,62,78,[86]
3688,01/12/2023,32,43,57,62,74,88
3689,08/12/2023,32,42,57,66,76,86
3690,09/12/2023,32,42,57,66,76,86
3691,10/12/2023,32,42,57,66,76,86
3692,12/12/2023,32,41,[57],62,78,86
3693,14/12/2023,34,41,54,67,76,83
3694,15/12/2023,32,43,57,62,74,88
3695,16/12/2023,32,41,57,62,78,86
3696,18/12/2023,32,41,57,62,78,86
3697,19/12/2023,32,41,57,62,78,86
3698,21/12/2023,[32],41,57,[62],78,86
3699,22/12/2023,34,41,54,67,76,83
3700,23/12/2023,34,41,54,67,76,83
3701,28/12/2023,34,41,54,67,76,83
3702,29/12/2023,34,41,54,[67],76,83
3703,30/12/2023,32,41,57,62,78,86
3704,02/01/2024,32,41,57,62,78,86
3705,03/01/2024,32,41,57,62,78,86
3706,06/01/2024,32,41,57,62,78,86
3707,08/01/2024,32,41,57,62,[78],86
3708,10/01/2024,32,42,[57],66,76,86
3709,13/01/2024,32,46,59,62,79,87
3710,16/01/2024,32,41,57,62,78,[86]
3711,18/01/2024,32,43,57,[62],74,88
3712,19/01/2024,32,42,57,66,76,86
3713,20/01/2024,32,41,57,62,78,86
3714,23/01/2024,32,41,57,62,78,86
3715,25/01/2024,32,41,57,62,78,[86]
3716,26/01/2024,[32],43,57,62,74,88
3717,27/01/2024,34,41,54,67,76,83
3718,30/01/2024,32,41,57,62,78,86
3719,01/02/2024,32,41,57,62,78,86
3720,02/02/2024,32,41,57,62,78,86
3721,03/02/2024,32,41,57,62,78,86
3722,04/02/2024,32,41,57,62,78,86
3723,05/02/2024,32,41,57,62,78,86
3724,07/02/2024,32,41,57,62,78,86
3725,08/02/2024,32,41,57,62,78,86
3726,11/02/2024,32,41,57,62,78,86
3727,13/02/2024,32,41,57,62,78,86
3728,15/02/2024,32,41,57,62,78,86
3729,16/02/2024,32,41,57,62,78,86
3730,17/02/2024,32,41,57,62,78,86
3731,20/02/2024,32,41,57,62,[78],86
3732,22/02/2024,32,42,57,66,76,86
3733,23/02/2024,32,41,[57],62,78,86
3734,24/02/2024,32,[46],59,62,79,[87]
3735,27/02/2024,32,42,57,66,76,86
3736,29/02/2024,32,42,57,66,76,86
3737,02/03/2024,32,42,57,[66],76,86
3738,05/03/2024,32,41,57,62,78,86
3739,08/03/2024,32,41,57,62,78,86
3740,09/03/2024,32,41,57,62,78,86
3741,10/03/2024,32,41,57,62,78,[86]
3742,12/03/2024,32,43,57,62,74,88
3743,14/03/2024,32,41,57,62,78,86
3744,15/03/2024,32,41,57,62,78,86
3745,16/03/2024,32,41,57,62,78,86
3746,19/03/2024,32,41,57,62,78,86
3747,21/03/2024,32,41,57,62,78,86
3748,22/03/2024,32,41,57,62,78,86
3749,23/03/2024,[32],41,[57],62,78,86
3750,26/03/2024,36,41,59,64,72,83
3751,28/03/2024,32,41,57,62,78,86
3752,29/03/2024,[32],41,57,62,78,86
3753,30/03/2024,34,46,58,68,72,89
3754,01/04/2024,32,41,57,62,78,86
3755,04/04/2024,32,[41],57,62,78,86
3756,05/04/2024,32,42,57,[66],76,86
3757,06/04/2024,32,[41],57,62,78,86
3758,07/04/2024,32,[42],57,66,76,86
3759,10/04/2024,32,41,[57],62,78,86
3760,11/04/2024,34,41,54,67,76,83
3761,13/04/2024,34,41,54,67,76,83
3762,16/04/2024,32,41,57,62,78,86
3763,18/04/2024,32,41,57,62,78,86
3764,19/04/2024,32,41,57,62,78,86
3765,20/04/2024,32,41,57,62,78,86
3766,23/04/2024,32,41,57,62,78,86
3767,26/04/2024,32,41,57,62,78,86
3768,27/04/2024,32,[41],57,[62],78,86
3769,29/04/2024,32,42,57,[66],76,86
3770,30/04/2024,32,41,57,62,78,86
3771,03/05/2024,32,41,57,62,78,86
3772,04/05/2024,32,41,57,[62],78,86
3773,07/05/2024,34,41,54,67,76,83
3774,09/05/2024,[32],41,57,62,78,86
3775,10/05/2024,34,[41],54,67,76,83
3776,11/05/2024,[32],42,57,66,76,86
3777,12/05/2024,34,41,54,67,76,83
3778,14/05/2024,32,41,57,62,78,86
3779,16/05/2024,32,41,57,62,78,86
3780,17/05/2024,32,[41],57,62,78,86
3781,18/05/2024,32,42,57,66,76,86
3782,21/05/2024,32,41,57,62,78,86
3783,23/05/2024,32,41,57,62,78,86
3784,24/05/2024,32,41,57,62,78,86
3785,25/05/2024,32,41,57,62,78,86
3786,28/05/2024,32,[41],57,62,78,86
3787,30/05/2024,32,43,57,62,74,88
3788,31/05/2024,32,41,57,62,78,86
3789,02/06/2024,32,41,57,62,78,86
3790,04/06/2024,32,41,57,62,[78],86
3791,06/06/2024,32,42,57,66,[76],86
3792,07/06/2024,32,41,57,62,78,86
3793,08/06/2024,32,41,57,62,78,[86]
3794,09/06/2024,34,41,54,67,76,83
3795,12/06/2024,32,41,57,62,78,86
3796,13/06/2024,32,41,57,62,78,86
3797,14/06/2024,32,41,57,62,78,[86]
3798,15/06/2024,32,43,57,62,74,88
3799,18/06/2024,[32],42,57,66,76,86
3800,20/06/2024,34,41,54,67,76,83
3801,21/06/2024,32,41,57,62,78,86
3802,22/06/2024,32,41,[57],62,78,86
3803,25/06/2024,34,41,54,67,76,83
3804,27/06/2024,32,41,57,62,78,86
3805,28/06/2024,32,41,57,62,78,[86]
3806,29/06/2024,32,43,57,62,74,88
3807,03/07/2024,32,41,57,62,78,86
3808,05/07/2024,32,41,57,62,78,86
3809,06/07/2024,32,41,57,62,78,86
3810,09/07/2024,32,41,57,62,78,86
3811,11/07/2024,32,41,57,62,78,86
3812,12/07/2024,32,41,57,62,78,86
3813,13/07/2024,32,41,57,62,78,86
3814,16/07/2024,32,41,57,62,78,86
3815,18/07/2024,32,41,[57],62,78,86
3816,19/07/2024,32,46,59,62,79,87
3817,20/07/2024,32,41,[57],62,78,86
3818,23/07/2024,32,46,[59],62,79,87
3819,25/07/2024,32,41,57,62,78,86
3820,26/07/2024,32,41,57,62,78,86
3821,27/07/2024,32,41,57,62,78,86
3822,30/07/2024,32,41,57,62,78,86
3823,01/08/2024,32,41,57,[62],78,86
3824,02/08/2024,34,41,54,67,76,83
3825,03/08/2024,32,42,57,66,76,86
3826,06/08/2024,32,41,57,62,78,86
3827,08/08/2024,32,41,57,62,78,86
3828,10/08/2024,32,41,57,62,78,86
3829,11/08/2024,32,41,57,62,78,86
3830,13/08/2024,32,[41],57,62,78,86
3831,16/08/2024,32,42,57,66,76,86
3832,17/08/2024,32,41,57,62,78,86
3833,19/08/2024,32,41,57,62,[78],86
3834,20/08/2024,32,42,[57],66,76,86
3835,22/08/2024,32,46,59,62,79,87
3836,23/08/2024,32,46,[59],62,79,87
3837,24/08/2024,32,41,57,62,78,86
3838,27/08/2024,32,41,57,62,78,86
3839,29/08/2024,32,41,57,62,78,86
3840,30/08/2024,32,41,57,62,78,[86]
3841,31/08/2024,32,46,59,62,79,87
3842,01/09/2024,32,42,57,66,76,86
3843,02/09/2024,32,41,57,62,78,86
3844,03/09/2024,32,41,57,[62],78,86
3845,04/09/2024,32,42,57,66,76,86
3846,05/09/2024,32,41,57,[62],78,86
3847,07/09/2024,[32],42,57,66,76,86
3848,08/09/2024,36,41,59,64,72,83
3849,11/09/2024,32,41,57,62,78,86
3850,13/09/2024,32,41,57,62,78,86
3851,14/09/2024,32,41,57,62,78,86
3852,17/09/2024,32,41,57,[62],78,86
3853,19/09/2024,32,42,57,66,76,86
3854,20/09/2024,32,41,57,62,78,86
3855,21/09/2024,32,41,57,62,[78],86
3856,24/09/2024,32,42,57,66,76,86
3857,26/09/2024,32,[41],57,62,78,86
3858,27/09/2024,32,[42],57,66,76,86
3859,28/09/2024,32,41,[57],62,78,86
3860,02/10/2024,32,46,59,[62],79,87
3861,05/10/2024,34,41,54,67,76,83
3862,08/10/2024,32,41,57,62,78,86
3863,09/10/2024,32,41,57,62,[78],86
3864,10/10/2024,32,42,57,66,76,86
3865,12/10/2024,32,41,57,62,78,86
3866,15/10/2024,32,41,57,62,78,86
3867,17/10/2024,32,41,57,62,78,86
3868,18/10/2024,32,[41],57,62,78,86
3869,19/10/2024,32,46,59,62,79,87
3870,22/10/2024,32,[43],57,62,74,88
3871,24/10/2024,32,41,57,62,78,86
3872,25/10/2024,32,[41],57,[62],78,86
3873,26/10/2024,32,[42],57,66,76,86
3874,29/10/2024,32,41,[57],62,78,86
3875,31/10/2024,32,46,59,62,79,87
3876,01/11/2024,32,41,57,62,78,86
3877,04/11/2024,32,41,57,62,78,[86]
3878,05/11/2024,32,43,57,62,74,88
3879,06/11/2024,32,41,57,62,78,86
3880,07/11/2024,32,41,57,62,78,86
3881,10/11/2024,32,41,57,62,78,86
3882,14/11/2024,32,41,57,62,78,86
3883,15/11/2024,32,41,57,62,78,86
3884,16/11/2024,32,41,57,62,78,86
3885,19/11/2024,32,41,57,62,78,86
3886,21/11/2024,32,[41],57,62,78,86
3887,22/11/2024,32,42,57,66,76,86
3888,23/11/2024,[32],42,57,66,76,86
3889,26/11/2024,34,[46],58,68,72,[89]
3890,28/11/2024,32,41,57,62,78,86
3891,29/11/2024,32,41,57,62,78,86
3892,30/11/2024,32,41,57,62,78,86
3893,01/12/2024,32,41,57,62,[78],86
3894,03/12/2024,32,42,57,66,76,[86]
3895,04/12/2024,32,43,57,62,74,88
3896,07/12/2024,32,41,57,62,78,86
3897,09/12/2024,32,41,57,62,78,86
3898,10/12/2024,32,41,57,62,78,86
3899,11/12/2024,[32],41,57,62,78,86
3900,12/12/2024,34,41,54,67,[76],83
3901,13/12/2024,32,43,57,62,74,88
3902,14/12/2024,32,41,57,62,78,86
3903,17/12/2024,32,41,57,62,78,86
3904,19/12/2024,32,41,57,62,78,86
3905,20/12/2024,32,41,57,62,78,86
3906,21/12/2024,32,41,57,62,78,86
3907,24/12/2024,32,41,57,62,78,86
3908,27/12/2024,32,41,57,62,78,86
3909,28/12/2024,32,41,57,62,78,86
3910,30/12/2024,32,41,57,62,78,86
3911,31/12/2024,32,41,57,62,78,86
3912,02/01/2025,32,41,57,62,78,86
3913,03/01/2025,32,[41],57,62,78,86
3914,04/01/2025,[32],42,57,66,76,86
3915,07/01/2025,34,41,54,67,76,83
3916,08/01/2025,32,41,57,62,78,[86]
3917,14/01/2025,32,43,57,62,74,88
3918,16/01/2025,32,41,57,62,78,86
3919,17/01/2025,32,41,57,62,78,86
3920,18/01/2025,32,41,57,62,78,86
3921,21/01/2025,32,[41],57,[62],78,86
3922,23/01/2025,32,42,57,66,76,86
3923,24/01/2025,32,41,57,[62],78,86
3924,25/01/2025,32,42,57,66,[76],86
3925,28/01/2025,32,41,57,62,78,86
3926,30/01/2025,[32],[41],57,62,78,86
3927,31/01/2025,36,42,58,61,71,84
3928,01/02/2025,32,41,57,62,78,86
3929,05/02/2025,32,41,57,62,78,86
3930,08/02/2025,32,41,57,62,[78],86
3931,09/02/2025,32,46,59,62,79,87
3932,10/02/2025,32,[42],57,66,76,86
3933,12/02/2025,32,41,57,62,78,86
3934,13/02/2025,32,[41],57,[62],78,86
3935,14/02/2025,32,42,57,66,76,86
3936,15/02/2025,32,41,57,62,78,86
3937,18/02/2025,32,41,57,62,78,86
3938,20/02/2025,32,41,57,62,78,86
3939,21/02/2025,32,41,57,62,78,86
3940,22/02/2025,32,41,57,62,78,86
3941,25/02/2025,32,41,57,62,78,86
3942,27/02/2025,32,41,57,62,78,86
3943,28/02/2025,32,41,57,62,78,86
3944,01/03/2025,32,41,57,62,78,86
3945,04/03/2025,[32],41,[57],62,78,86
3946,05/03/2025,34,41,54,67,76,83
3947,06/03/2025,32,41,57,62,78,86
3948,07/03/2025,32,41,[57],62,78,86
3949,10/03/2025,32,46,59,62,[79],87
3950,11/03/2025,32,41,57,62,78,86
3951,13/03/2025,32,41,57,62,78,86
3952,14/03/2025,32,41,57,62,78,86
3953,15/03/2025,32,41,57,62,78,86
3954,18/03/2025,32,41,57,62,78,[86]
3955,20/03/2025,32,43,57,62,74,88
3956,21/03/2025,32,41,57,62,78,86
3957,22/03/2025,32,41,57,62,78,86
3958,25/03/2025,32,41,57,62,78,86
3959,27/03/2025,32,41,57,62,78,86
3960,28/03/2025,32,41,57,62,78,86
3961,29/03/2025,32,41,57,62,78,86
3962,01/04/2025,32,41,57,62,78,[86]
3963,02/04/2025,32,46,59,62,79,87
3964,03/04/2025,32,42,57,66,76,86
3965,04/04/2025,32,41,57,62,78,86
3966,07/04/2025,32,41,57,62,78,86
3967,09/04/2025,32,41,57,62,78,86
3968,10/04/2025,32,41,57,62,78,86
3969,11/04/2025,32,41,57,62,78,86
3970,12/04/2025,32,41,57,62,78,86
3971,15/04/2025,32,41,[57],62,78,86
3972,17/04/2025,32,[46],59,62,79,87
3973,18/04/2025,32,41,57,62,78,86
3974,19/04/2025,[32],41,57,[62],78,86
3975,22/04/2025,34,46,58,[68],72,89
3976,24/04/2025,32,42,57,66,76,86
3977,26/04/2025,32,41,57,62,78,86
3978,28/04/2025,32,41,57,62,78,86
3979,29/04/2025,32,41,57,62,78,86
3980,04/05/2025,32,[41],57,62,78,86
3981,05/05/2025,32,42,57,66,76,86
3982,06/05/2025,32,41,57,62,78,86
3983,07/05/2025,32,41,57,62,78,86
3984,08/05/2025,32,41,[57],62,78,86
3985,09/05/2025,32,46,59,62,79,87
3986,12/05/2025,32,41,57,62,78,86
3987,13/05/2025,32,41,57,[62],78,86
3988,15/05/2025,34,46,58,68,72,89
3989,16/05/2025,32,41,57,62,78,86
3990,17/05/2025,32,41,57,62,78,86
3991,20/05/2025,32,41,57,62,78,86
3992,22/05/2025,32,41,57,62,78,86
3993,23/05/2025,32,41,57,62,78,86
3994,24/05/2025,32,41,57,[62],78,86
3995,27/05/2025,32,42,57,66,76,86
3996,29/05/2025,[32],41,57,62,78,86
3997,30/05/2025,[34],46,58,68,72,89
3998,31/05/2025,32,42,57,66,76,86
3999,02/06/2025,32,[41],57,62,78,[86]
4000,03/06/2025,[32],43,57,62,74,88
4001,05/06/2025,34,41,54,67,76,83
4002,06/06/2025,32,42,57,66,76,86
4003,09/06/2025,32,46,[59],62,79,87
4004,11/06/2025,34,46,58,68,72,89
4005,12/06/2025,34,41,54,67,76,83
4006,13/06/2025,34,46,58,68,72,89
4007,14/06/2025,34,49,[56],66,77,84
4008,17/06/2025,36,41,59,64,72,83
4009,19/06/2025,37,41,54,64,78,83
4010,20/06/2025,37,41,54,64,78,83
4011,21/06/2025,37,41,54,64,78,83
4012,24/06/2025,37,41,58,67,76,81
4013,26/06/2025,37,44,57,66,74,[81]
4014,27/06/2025,37,47,53,66,72,89
4015,28/06/2025,37,47,53,66,72,89
4016,01/07/2025,39,47,54,67,78,86
4017,02/07/2025,39,43,56,63,76,86
4018,03/07/2025,39,44,56,62,78,86
4019,06/07/2025,32,41,57,62,78,86
4020,08/07/2025,39,47,56,69,71,89
4021,10/07/2025,32,41,57,62,78,86
4022,11/07/2025,[32],41,57,62,78,86
4023,15/07/2025,34,46,[58],68,72,89
4024,17/07/2025,32,41,57,62,78,86
4025,18/07/2025,32,41,57,62,78,86
4026,19/07/2025,32,41,57,62,78,86
4027,22/07/2025,32,41,57,62,78,86
4028,24/07/2025,32,41,57,62,78,86
4029,25/07/2025,32,41,57,[62],78,86
4030,26/07/2025,32,42,57,66,76,86
4031,29/07/2025,32,41,57,62,78,86
4032,31/07/2025,32,41,[57],62,78,86
4033,02/08/2025,32,[46],59,62,79,87
4034,03/08/2025,34,41,54,67,76,83
4035,04/08/2025,32,41,57,62,78,86
4036,05/08/2025,32,41,57,62,78,86
4037,07/08/2025,32,41,57,62,78,86
4038,08/08/2025,32,41,57,62,[78],86
4039,11/08/2025,32,42,57,66,76,86
4040,14/08/2025,32,42,57,66,76,86
4041,16/08/2025,32,41,57,62,78,86
4042,18/08/2025,32,41,57,62,78,86
4043,19/08/2025,32,41,57,[62],78,86
4044,21/08/2025,32,42,[57],66,76,[86]
4045,22/08/2025,34,41,54,67,76,83
4046,23/08/2025,32,41,57,62,78,86
4047,26/08/2025,32,[41],57,62,78,86
4048,28/08/2025,32,42,57,66,76,86
4049,29/08/2025,[32],42,57,66,76,86
4050,30/08/2025,36,41,59,64,72,83
4051,01/09/2025,32,42,57,66,76,86
4052,05/09/2025,32,41,57,62,78,86
4053,08/09/2025,32,[41],57,62,78,86
4054,09/09/2025,32,42,57,66,76,86
4055,10/09/2025,32,41,57,62,[78],86
4056,12/09/2025,32,42,57,66,76,86
4057,13/09/2025,32,42,57,66,76,86
4058,16/09/2025,32,41,57,62,78,86
4059,18/09/2025,32,41,57,62,78,86
4060,19/09/2025,32,41,57,62,[78],86
4061,20/09/2025,32,42,57,66,76,86
4062,23/09/2025,32,41,57,62,78,86
4063,25/09/2025,32,[41],57,62,78,86
4064,26/09/2025,32,42,57,66,76,86
4065,27/09/2025,32,41,57,62,78,86
4066,30/09/2025,32,41,57,62,78,86
4067,01/10/2025,32,41,[57],62,78,86
4068,04/10/2025,[32],46,59,62,79,87
4069,05/10/2025,34,41,54,67,76,83
4070,06/10/2025,32,41,57,[62],78,86
4071,07/10/2025,34,46,58,68,72,89
4072,10/10/2025,34,41,54,67,76,83
4073,14/10/2025,32,41,57,62,78,[86]
4074,16/10/2025,32,43,57,62,74,88
4075,17/10/2025,[32],41,57,62,78,86
4076,18/10/2025,34,41,54,67,76,83
4077,21/10/2025,32,41,57,62,78,86
4078,23/10/2025,32,41,57,[62],78,86
4079,24/10/2025,34,41,54,67,76,83
4080,25/10/2025,32,41,57,62,78,86
4081,28/10/2025,32,41,57,62,78,86
4082,30/10/2025,32,41,57,62,78,86
4083,31/10/2025,[32],41,57,62,78,86
4084,01/11/2025,34,46,58,68,72,89
4085,02/11/2025,32,41,57,62,78,[86]
4086,03/11/2025,32,43,57,62,74,88
4087,04/11/2025,32,41,[57],62,78,86
4088,07/11/2025,32,46,59,[62],79,87
4089,09/11/2025,32,42,57,66,76,86
4090,10/11/2025,32,41,57,[62],78,86
4091,11/11/2025,32,[42],57,66,76,86
4092,12/11/2025,32,41,57,62,78,[86]
4093,13/11/2025,32,43,57,62,74,88
4094,14/11/2025,32,41,57,62,78,86
4095,15/11/2025,32,41,57,62,78,86
4096,18/11/2025,32,41,57,62,78,86
4097,20/11/2025,32,41,57,62,78,86
4098,21/11/2025,32,41,57,62,78,[86]
4099,22/11/2025,32,43,57,62,74,88
4100,25/11/2025,32,41,57,62,78,86
4101,27/11/2025,32,41,57,62,78,86
4102,28/11/2025,32,41,57,62,78,86
4103,29/11/2025,32,41,57,62,78,86
4104,04/12/2025,32,41,57,62,78,86
4105,06/12/2025,32,41,57,62,78,86
4106,07/12/2025,32,41,57,62,[78],86
4107,08/12/2025,32,42,57,66,76,86
4108,09/12/2025,32,41,57,62,78,86
4109,12/12/2025,32,41,57,62,78,86
4110,13/12/2025,32,41,57,62,78,86
4111,16/12/2025,32,[41],57,62,78,86
4112,18/12/2025,32,42,57,66,76,86
4113,19/12/2025,32,41,57,62,78,86
4114,20/12/2025,32,41,57,62,78,86
4115,22/12/2025,32,41,57,62,[78],86
4116,23/12/2025,32,42,57,66,76,86
4117,27/12/2025,32,[41],57,62,78,86
4118,29/12/2025,32,42,57,66,76,86
4119,30/12/2025,32,41,57,62,78,86
4120,02/01/2026,32,41,57,62,78,86
4121,03/01/2026,32,41,57,62,78,86
4122,05/01/2026,32,41,57,62,[78],86
4123,08/01/2026,32,42,57,66,76,86
4124,09/01/2026,32,[41],57,62,78,86
4125,10/01/2026,32,42,57,66,76,86
4126,12/01/2026,32,41,57,62,[78],86
4127,13/01/2026,32,42,57,66,76,86
4128,15/01/2026,32,42,57,66,76,86
4129,16/01/2026,32,41,57,62,78,[86]
4130,17/01/2026,32,43,57,62,74,88
4131,20/01/2026,32,42,57,66,76,86
4132,22/01/2026,32,41,[57],62,[78],86
4133,23/01/2026,32,46,59,62,79,87
4134,24/01/2026,32,41,57,62,78,86
4135,27/01/2026,32,41,57,62,78,86
4136,29/01/2026,32,41,57,62,78,86
4137,30/01/2026,[32],41,57,62,78,[86]
4138,31/01/2026,34,41,54,67,76,83
4139,03/02/2026,32,[41],57,62,78,86
4140,05/02/2026,32,43,[57],62,74,88
4141,06/02/2026,32,46,59,62,79,87
4142,07/02/2026,32,41,57,62,78,86
4143,10/02/2026,32,41,57,62,78,86
4144,12/02/2026,32,41,57,62,78,86
4145,13/02/2026,32,41,[57],62,78,86
4146,14/02/2026,32,46,59,62,79,87
4147,17/02/2026,32,41,57,62,78,86
4148,19/02/2026,32,41,57,62,78,86
4149,20/02/2026,32,[41],57,62,78,86
4150,21/02/2026,32,43,57,62,74,88
4151,24/02/2026,32,41,57,62,78,86
4152,26/02/2026,32,41,57,62,78,86
4153,27/02/2026,32,41,57,62,78,86
4154,28/02/2026,32,41,57,62,78,86
4155,03/03/2026,32,41,57,62,78,86
4156,05/03/2026,32,41,57,[62],[78],86
4157,06/03/2026,32,42,57,66,76,86
4158,07/03/2026,32,41,57,62,78,86
4159,10/03/2026,32,41,57,62,78,86
4160,12/03/2026,32,41,57,[62],78,86
4161,13/03/2026,32,42,57,66,76,86
4162,14/03/2026,32,41,57,62,78,86
4163,17/03/2026,32,[41],57,62,78,86
4164,19/03/2026,32,42,57,66,76,86
4165,20/03/2026,[32],42,57,66,76,86
4166,21/03/2026,34,46,58,68,72,89
4167,24/03/2026,32,41,57,62,78,86
4168,26/03/2026,32,41,57,62,78,86
4169,27/03/2026,32,41,57,62,78,86
4170,28/03/2026,32,41,57,[62],78,86
4171,31/03/2026,32,42,57,66,76,86
4172,02/04/2026,[32],41,57,62,78,86
4173,03/04/2026,34,41,54,67,76,83
4174,04/04/2026,32,41,57,62,78,86
4175,07/04/2026,32,41,57,62,78,86
4176,09/04/2026,32,41,57,62,78,86
4177,10/04/2026,32,41,57,62,78,86
4178,11/04/2026,32,41,57,62,78,86
4179,14/04/2026,32,41,57,62,78,86
4180,16/04/2026,32,41,57,62,78,86
4181,17/04/2026,32,41,[57],62,78,86
4182,18/04/2026,32,46,59,62,79,87
4183,21/04/2026,32,41,57,62,78,86
4184,23/04/2026,32,41,57,62,78,86
4185,24/04/2026,32,41,57,62,78,86
4186,27/04/2026,32,41,[57],[62],78,86
4187,28/04/2026,34,41,54,67,76,83
4188,30/04/2026,32,46,59,62,79,87
4189,02/05/2026,32,41,57,62,78,[86]
4190,04/05/2026,32,43,57,62,74,88
4191,05/05/2026,32,41,57,62,78,86
4192,07/05/2026,32,41,57,62,78,86
4193,08/05/2026,32,[41],57,62,78,86
4194,09/05/2026,32,[42],57,66,76,86
4195,12/05/2026,34,41,54,67,76,83
4196,14/05/2026,34,41,54,67,76,83
4197,15/05/2026,32,41,57,62,78,86
4198,16/05/2026,32,41,57,62,78,86
4199,19/05/2026,32,41,[57],62,78,[86]
4200,21/05/2026,34,41,54,67,76,83
4201,23/05/2026,32,46,[59],62,79,87
4202,26/05/2026,36,42,58,[61],71,84
4203,28/05/2026,32,42,57,66,76,[86]
4204,29/05/2026,32,[46],59,62,79,87
4205,30/05/2026,32,41,57,62,78,86
4206,04/06/2026,32,41,57,62,78,86
4207,05/06/2026,32,41,57,62,78,86
4208,06/06/2026,32,41,57,62,78,86
4209,08/06/2026,32,41,57,62,78,86
4210,09/06/2026,32,41,57,62,78,86
4211,11/06/2026,32,41,57,62,78,86
4212,12/06/2026,32,41,57,62,78,86
4213,13/06/2026,32,41,57,62,78,86
4214,16/06/2026,32,41,57,62,78,86
4215,18/06/2026,32,41,57,62,78,86
4216,20/06/2026,32,41,57,62,78,86
4217,26/06/2026,32,41,57,62,78,86
4218,30/06/2026,32,41,57,62,[78],86
4219,07/07/2026,32,42,57,66,76,86
4220,09/07/2026,32,41,57,62,78,86
4221,10/07/2026,32,41,57,62,78,86
4222,11/07/2026,32,41,57,62,78,86
4223,14/07/2026,32,41,57,62,78,86
4224,16/07/2026,32,41,57,62,78,86
4225,25/07/2026,32,41,57,62,78,86
4226,28/07/2026,32,41,57,[62],78,86
4227,30/07/2026,32,42,57,66,[76],86
4228,31/07/2026,32,43,57,62,74,88
4229,04/08/2026,32,41,57,62,[78],86
4230,06/08/2026,32,43,57,62,[74],88
4231,07/08/2026,[32],41,57,62,78,86
