NR. SEQUENZIALE,DATA,N1,N2,N3,N4,N5,N6
2,12/06/1997,20,36,39,41,72,76
3,12/10/1997,[02],04,20,25,29,30
4,13/12/1997,02,01,14,04,03,23
5,17/12/1997,02,01,20,14,05,03
6,20/12/1997,02,01,10,[03],06,21
7,24/12/1997,02,01,06,77,04,05
8,27/12/1997,01,02,06,04,03,20
9,31/12/1997,01,02,78,04,08,20
10,04/01/1998,02,01,78,04,20,68
11,07/01/1998,02,34,43,01,36,06
12,08/01/1998,25,02,48,43,01,04
13,14/01/1998,05,[37],25,14,02,38
14,17/01/1998,[37],05,14,38,[49],72
15,21/01/1998,37,55,29,[49],06,07
16,24/01/1998,25,37,49,55,26,29
17,28/01/1998,25,37,06,07,55,[49]
18,31/01/1998,49,02,03,25,04,37
19,05/02/1998,02,25,37,49,03,26
20,09/02/1998,03,25,37,49,02,05
21,12/02/1998,37,02,49,[09],03,43
22,14/02/1998,07,02,49,03,21,15
23,18/02/1998,37,49,02,07,03,11
24,21/02/1998,49,37,02,07,15,11
25,25/02/1998,11,02,07,03,49,32
26,28/02/1998,04,49,02,07,37,11
27,01/03/1998,[02],01,79,07,37,11
28,06/03/1998,02,37,29,07,11,32
29,10/03/1998,37,29,11,15,32,48
30,14/03/1998,02,29,13,82,07,36
31,18/03/1998,02,15,29,21,07,82
32,21/03/1998,11,13,02,15,07,29
33,25/03/1998,02,11,01,29,13,07
34,28/03/1998,02,05,13,07,11,32
35,02/04/1998,02,01,29,05,13,07
36,03/04/1998,32,07,01,02,13,15
37,04/04/1998,32,02,[07],[01],29,15
38,07/04/1998,32,01,57,11,02,[29]
39,11/04/1998,32,49,57,11,29,44
40,15/04/1998,29,32,57,11,15,49
41,18/04/1998,49,11,01,15,32,57
42,22/04/1998,57,49,[05],32,11,29
43,27/04/1998,05,01,11,17,87,49
44,29/04/1998,05,01,02,04,57,[15]
45,08/05/1998,57,32,04,44,64,01
46,09/05/1998,32,05,57,64,11,44
47,12/05/1998,32,11,44,57,64,23
48,13/05/1998,[57],23,05,44,64,32
49,16/05/1998,79,32,47,11,44,05
50,20/05/1998,11,44,32,79,23,08
51,23/05/1998,32,11,44,08,05,64
52,27/05/1998,32,11,44,70,05,29
53,30/05/1998,32,[11],44,08,64,70
54,05/06/1998,32,31,29,79,08,[64]
55,06/06/1998,32,08,44,31,70,05
56,13/06/1998,44,32,14,48,29,05
57,17/06/1998,32,44,70,08,13,05
58,20/06/1998,05,13,08,44,29,32
59,24/06/1998,05,13,48,32,29,08
60,27/06/1998,32,13,05,31,[44],36
61,01/07/1998,[29],32,13,05,79,31
62,02/07/1998,32,13,31,05,[23],29
63,03/07/1998,32,13,78,03,31,05
64,10/07/1998,23,29,34,24,20,05
65,11/07/1998,32,78,13,14,23,34
66,15/07/1998,[32],78,13,05,23,03
67,18/07/1998,05,31,13,23,24,03
68,22/07/1998,05,03,[78],31,21,29
69,25/07/1998,31,03,74,13,14,05
70,29/07/1998,31,29,23,90,32,03
71,04/08/1998,25,23,03,24,31,14
72,07/08/1998,25,23,81,31,13,[05]
73,08/08/1998,25,13,23,14,[31],05
74,17/08/1998,25,13,23,05,68,03
75,19/08/1998,25,13,05,90,03,74
76,22/08/1998,13,[48],23,25,14,05
77,26/08/1998,48,23,36,05,83,90
78,29/08/1998,48,23,29,27,83,25
79,05/09/1998,48,14,03,45,74,83
80,09/09/1998,14,21,13,72,48,03
81,12/09/1998,25,14,21,71,05,03
82,16/09/1998,25,21,14,71,03,45
83,19/09/1998,25,05,14,21,43,[03]
84,23/09/1998,25,14,21,69,52,74
85,26/09/1998,25,22,05,43,14,21
86,30/09/1998,25,21,69,22,14,[87]
87,01/10/1998,21,25,69,14,22,29
88,06/10/1998,25,40,[14],[05],21,22
89,10/10/1998,25,40,05,21,[52],48
90,14/10/1998,05,25,84,21,40,69
91,17/10/1998,25,05,40,43,84,21
92,21/10/1998,05,40,13,25,21,69
93,24/10/1998,13,05,21,69,40,[84]
94,28/10/1998,69,05,40,13,21,72
95,31/10/1998,69,[21],37,35,58,05
96,02/11/1998,69,37,42,35,58,79
97,03/11/1998,35,69,58,79,[23],05
98,04/11/1998,37,[58],69,05,25,47
99,07/11/1998,69,05,78,18,47,04
100,11/11/1998,35,69,25,85,18,08
101,14/11/1998,[69],35,40,73,78,18
102,18/11/1998,80,25,32,63,40,54
103,21/11/1998,[32],80,08,51,81,37
104,25/11/1998,08,51,54,81,35,82
105,28/11/1998,08,54,11,43,81,35
106,08/12/1998,51,08,35,82,54,71
107,09/12/1998,82,08,35,51,54,62
108,12/12/1998,[37],82,08,35,51,54
109,16/12/1998,37,40,35,82,08,15
110,19/12/1998,37,82,08,35,51,54
111,23/12/1998,37,40,15,08,43,25
112,28/12/1998,37,40,08,62,[43],50
113,30/12/1998,37,50,43,56,08,54
114,09/01/1999,37,43,51,08,62,35
115,12/01/1999,43,37,50,40,81,08
116,13/01/1999,50,43,37,08,81,62
117,16/01/1999,43,62,[37],08,35,40
118,20/01/1999,37,[43],40,50,62,54
119,23/01/1999,43,37,62,08,35,50
120,27/01/1999,43,37,62,[08],35,[48]
121,30/01/1999,43,37,54,62,48,35
122,01/02/1999,43,48,37,35,[54],62
123,06/02/1999,43,37,35,41,62,73
124,10/02/1999,41,43,35,62,[48],29
125,13/02/1999,41,43,35,62,48,11
126,17/02/1999,48,43,41,37,35,62
127,20/02/1999,43,35,41,48,29,37
128,24/02/1999,[41],62,43,35,37,63
129,27/02/1999,43,37,35,29,45,40
130,02/03/1999,43,29,35,53,62,50
131,03/03/1999,43,35,[62],27,63,88
132,04/03/1999,88,29,35,53,63,40
133,05/03/1999,37,48,35,[50],53,40
134,07/03/1999,48,43,40,35,49,[53]
135,11/03/1999,48,43,11,49,73,35
136,13/03/1999,48,43,73,11,35,29
137,17/03/1999,48,43,06,73,49,11
138,20/03/1999,[43],48,73,35,06,29
139,24/03/1999,43,48,73,06,35,40
140,27/03/1999,35,29,73,48,43,[27]
141,31/03/1999,73,48,29,35,43,45
142,08/04/1999,73,29,35,11,43,25
143,09/04/1999,73,29,35,11,43,45
144,12/04/1999,35,29,73,11,88,57
145,14/04/1999,29,35,73,72,11,81
146,17/04/1999,[73],29,35,57,80,11
147,21/04/1999,63,35,29,57,11,15
148,24/04/1999,35,29,11,63,15,57
149,28/04/1999,35,29,48,43,11,57
150,05/05/1999,15,35,43,06,62,48
151,06/05/1999,81,11,15,35,63,48
152,15/05/1999,48,35,43,29,63,40
153,19/05/1999,48,[35],05,81,29,11
154,22/05/1999,63,29,11,81,48,31
155,26/05/1999,81,11,29,48,43,31
156,29/05/1999,11,29,15,48,57,81
157,02/06/1999,81,11,29,48,15,80
158,03/06/1999,11,15,43,48,10,29
159,10/06/1999,11,48,29,31,05,06
160,11/06/1999,05,11,31,57,48,29
161,16/06/1999,57,11,[05],48,81,[29]
162,19/06/1999,11,57,02,81,43,84
163,23/06/1999,57,11,02,15,48,81
164,26/06/1999,57,43,11,88,48,06
165,30/06/1999,37,57,48,11,90,15
166,01/07/1999,37,57,11,15,86,02
167,04/07/1999,11,15,57,37,43,02
168,07/07/1999,11,57,02,06,43,15
169,08/07/1999,11,06,57,89,43,02
170,14/07/1999,02,11,57,37,43,15
171,17/07/1999,57,11,63,02,15,78
172,21/07/1999,57,02,[11],63,88,43
173,24/07/1999,15,24,57,21,63,44
174,28/07/1999,15,63,23,17,57,[13]
175,31/07/1999,63,13,15,57,67,17
176,05/08/1999,[15],63,13,57,17,02
177,09/08/1999,57,02,47,21,17,63
178,14/08/1999,13,57,47,21,48,34
179,18/08/1999,47,57,21,81,02,17
180,21/08/1999,13,21,57,47,68,02
181,25/08/1999,13,47,21,57,67,17
182,28/08/1999,57,13,67,47,21,23
183,01/09/1999,57,[13],21,47,64,02
184,06/09/1999,57,67,13,66,21,06
185,10/09/1999,13,67,21,77,23,06
186,12/09/1999,57,13,21,67,23,47
187,15/09/1999,23,13,45,37,77,21
188,18/09/1999,21,57,23,02,18,13
189,22/09/1999,21,57,18,67,13,77
190,25/09/1999,57,13,21,23,18,02
191,29/09/1999,57,13,37,21,80,18
192,02/10/1999,88,16,37,57,[80],13
193,03/10/1999,16,88,57,13,37,21
194,04/10/1999,57,13,37,21,88,16
195,07/10/1999,18,21,57,13,16,37
196,11/10/1999,[21],57,67,18,86,13
197,13/10/1999,18,57,02,67,13,04
198,16/10/1999,57,02,49,04,16,18
199,20/10/1999,57,80,02,18,[67],04
200,23/10/1999,[57],67,80,37,13,62
201,27/10/1999,80,67,13,04,16,37
202,30/10/1999,06,04,67,73,80,13
203,08/11/1999,04,80,06,62,43,[67]
204,09/11/1999,13,67,06,16,62,02
205,12/11/1999,[06],13,67,34,72,16
206,13/11/1999,13,06,73,62,67,04
207,17/11/1999,[06],67,[80],02,[73],16
208,20/11/1999,06,80,67,16,66,73
209,24/11/1999,80,06,73,18,81,04
210,27/11/1999,06,73,80,16,81,04
211,05/12/1999,80,73,06,81,67,49
212,06/12/1999,80,06,81,73,02,18
213,15/12/1999,73,80,06,81,37,67
214,18/12/1999,88,43,66,67,80,02
215,22/12/1999,80,[06],49,81,02,37
216,27/12/1999,02,87,06,43,16,49
217,29/12/1999,43,87,02,06,[88],73
218,03/01/2000,49,[88],87,17,20,80
219,04/01/2000,[88],20,49,72,06,73
220,07/01/2000,20,88,49,73,02,66
221,15/01/2000,20,02,66,49,88,87
222,19/01/2000,49,88,02,87,[20],37
223,22/01/2000,88,87,20,49,52,02
224,26/01/2000,88,66,20,[87],06,[57]
225,29/01/2000,06,20,88,57,49,63
226,02/02/2000,88,06,20,73,80,49
227,08/02/2000,88,05,49,20,06,57
228,09/02/2000,[49],88,63,20,05,66
229,11/02/2000,88,05,20,63,06,66
230,12/02/2000,88,05,[20],57,63,66
231,16/02/2000,88,20,06,57,36,45
232,19/02/2000,20,88,06,57,36,63
233,23/02/2000,06,88,57,20,63,73
234,26/02/2000,06,88,[57],73,66,05
235,01/03/2000,88,73,20,05,52,06
236,05/03/2000,05,06,66,52,[01],57
237,06/03/2000,05,[66],52,[06],57,20
238,15/03/2000,36,05,57,34,06,20
239,18/03/2000,20,06,88,36,57,[76]
240,22/03/2000,06,36,05,88,20,63
241,25/03/2000,06,05,36,88,20,76
242,29/03/2000,36,76,63,05,81,[06]
243,03/04/2000,05,36,72,63,06,[88]
244,10/04/2000,05,36,37,57,63,06
245,11/04/2000,05,37,36,88,57,52
246,15/04/2000,57,63,06,76,05,36
247,19/04/2000,[05],36,72,[88],06,20
248,22/04/2000,23,20,88,57,63,53
249,26/04/2000,88,36,63,23,06,20
250,29/04/2000,[88],06,57,62,23,72
251,01/05/2000,36,88,63,72,52,06
252,02/05/2000,06,88,57,36,63,[52]
253,04/05/2000,88,06,37,72,36,34
254,07/05/2000,[88],17,72,36,06,37
255,08/05/2000,88,[36],72,[23],17,06
256,13/05/2000,72,76,88,41,[79],84
257,17/05/2000,88,06,37,57,80,72
258,20/05/2000,20,17,72,[41],84,88
259,24/05/2000,[72],88,17,75,84,20
260,27/05/2000,88,19,32,17,73,57
261,31/05/2000,73,88,32,37,17,46
262,05/06/2000,19,17,73,32,88,57
263,09/06/2000,73,17,32,46,75,84
264,12/06/2000,67,19,73,17,32,06
265,14/06/2000,73,88,19,46,60,84
266,17/06/2000,19,73,18,63,46,60
267,21/06/2000,88,60,73,30,19,46
268,24/06/2000,84,19,73,88,46,60
269,28/06/2000,73,30,46,60,84,[18]
270,06/07/2000,20,73,19,46,60,84
271,10/07/2000,20,73,53,63,17,46
272,15/07/2000,20,63,73,88,53,46
273,19/07/2000,63,84,20,73,17,46
274,22/07/2000,63,17,20,67,73,16
275,26/07/2000,73,63,20,76,46,84
276,29/07/2000,20,46,73,84,30,[76]
277,01/08/2000,46,37,73,20,84,88
278,03/08/2000,88,73,[20],46,84,30
279,04/08/2000,46,88,73,19,30,32
280,07/08/2000,88,46,73,63,30,84
281,11/08/2000,73,46,15,88,63,20
282,16/08/2000,73,15,17,46,63,88
283,19/08/2000,73,46,88,06,15,84
284,23/08/2000,63,73,46,84,88,15
285,26/08/2000,46,84,73,[15],32,43
286,30/08/2000,73,15,46,84,03,17
287,02/09/2000,73,45,46,15,04,[76]
288,08/09/2000,73,15,45,46,06,84
289,09/09/2000,15,46,73,84,45,[06]
290,12/09/2000,45,73,04,15,06,46
291,13/09/2000,06,73,15,[45],46,76
292,16/09/2000,06,15,58,04,73,46
293,20/09/2000,06,84,46,88,73,44
294,23/09/2000,06,46,84,44,76,[73]
295,27/09/2000,46,37,06,15,86,[84]
296,30/09/2000,15,63,06,44,46,13
297,05/10/2000,06,13,[12],88,44,46
298,06/10/2000,44,06,88,46,07,15
299,14/10/2000,[63],46,44,62,06,07
300,18/10/2000,46,86,07,44,88,12
301,21/10/2000,12,88,44,63,48,07
302,25/10/2000,12,88,06,80,44,46
303,28/10/2000,[06],88,63,12,[80],44
304,03/11/2000,06,12,44,[46],88,07
305,10/11/2000,37,63,12,88,06,07
306,11/11/2000,63,06,37,12,48,15
307,15/11/2000,88,37,12,06,44,63
308,18/11/2000,37,06,48,[03],12,88
309,22/11/2000,48,06,37,67,44,12
310,25/11/2000,88,06,48,44,78,37
311,29/11/2000,06,88,48,03,50,44
312,01/12/2000,67,50,06,14,34,44
313,02/12/2000,[67],06,37,12,03,39
314,04/12/2000,88,50,12,63,07,37
315,07/12/2000,39,06,14,50,72,03
316,08/12/2000,15,63,88,12,07,03
317,13/12/2000,44,88,57,12,22,07
318,16/12/2000,63,90,88,15,06,07
319,20/12/2000,15,06,57,37,88,50
320,23/12/2000,80,63,06,15,88,37
321,27/12/2000,15,07,88,44,31,57
322,30/12/2000,88,12,44,37,15,62
323,08/01/2001,88,07,15,12,[63],22
324,09/01/2001,88,63,15,44,12,07
325,12/01/2001,15,63,12,88,44,06
326,13/01/2001,88,48,63,15,[44],06
327,17/01/2001,88,06,76,07,[22],12
328,20/01/2001,78,88,31,15,80,07
329,24/01/2001,78,07,03,39,50,30
330,27/01/2001,78,[06],07,50,16,30
331,31/01/2001,69,78,06,03,07,30
332,05/02/2001,30,31,88,03,06,49
333,14/02/2001,06,80,88,78,69,07
334,17/02/2001,80,81,06,78,07,[30]
335,21/02/2001,78,[06],07,31,69,80
336,24/02/2001,06,07,31,[80],62,[78]
337,28/02/2001,06,80,88,07,31,81
338,01/03/2001,06,[62],07,48,88,31
339,02/03/2001,31,07,69,06,80,62
340,03/03/2001,62,31,88,06,80,86
341,10/03/2001,88,31,06,62,07,80
342,11/03/2001,88,31,62,34,80,[07]
343,14/03/2001,88,[62],31,86,80,69
344,17/03/2001,88,80,12,31,06,34
345,21/03/2001,88,31,06,12,80,62
346,24/03/2001,62,[80],06,49,88,86
347,28/03/2001,62,06,[88],49,80,31
348,31/03/2001,31,62,34,39,80,[12]
349,04/04/2001,31,34,80,60,87,69
350,06/04/2001,31,34,62,80,87,69
351,07/04/2001,34,31,62,87,89,80
352,08/04/2001,87,31,62,34,06,80
353,14/04/2001,62,39,14,31,87,06
354,18/04/2001,87,14,31,39,78,60
355,21/04/2001,87,[31],72,06,49,60
356,26/04/2001,06,87,69,21,88,49
357,28/04/2001,69,72,34,88,87,21
358,05/05/2001,34,69,88,72,87,21
359,09/05/2001,87,[69],21,14,88,60
360,12/05/2001,[14],03,72,06,87,16
361,16/05/2001,34,72,14,60,87,21
362,19/05/2001,03,02,72,87,34,21
363,23/05/2001,03,76,80,62,[63],02
364,26/05/2001,34,72,03,87,02,39
365,30/05/2001,34,03,72,87,21,39
366,06/06/2001,34,76,21,32,03,72
367,10/06/2001,45,14,76,[03],72,87
368,13/06/2001,14,76,34,60,63,39
369,16/06/2001,[21],76,63,72,01,57
370,20/06/2001,76,01,72,63,48,16
371,23/06/2001,01,63,76,39,20,72
372,27/06/2001,72,01,76,63,48,[20]
373,30/06/2001,76,63,01,48,80,72
374,02/07/2001,76,[63],01,48,72,90
375,03/07/2001,76,72,01,56,63,[32]
376,04/07/2001,76,01,72,[63],56,90
377,07/07/2001,76,01,56,32,72,90
378,11/07/2001,49,76,32,01,45,63
379,14/07/2001,76,[01],49,63,88,72
380,18/07/2001,[63],76,32,62,45,49
381,21/07/2001,32,63,45,88,76,64
382,25/07/2001,63,[76],88,30,32,49
383,28/07/2001,63,62,30,33,72,28
384,01/08/2001,63,[72],62,30,64,32
385,08/08/2001,63,62,17,33,49,48
386,09/08/2001,62,63,56,32,30,17
387,16/08/2001,63,06,56,39,[62],81
388,18/08/2001,63,48,33,79,81,[06]
389,22/08/2001,33,30,63,32,64,17
390,25/08/2001,79,63,28,33,17,30
391,29/08/2001,63,79,30,88,48,17
392,05/09/2001,63,17,48,79,52,33
393,06/09/2001,33,17,56,63,48,79
394,15/09/2001,79,63,57,17,33,66
395,19/09/2001,79,06,33,63,32,48
396,22/09/2001,06,63,79,33,32,17
397,26/09/2001,81,79,63,17,33,48
398,29/09/2001,63,48,06,17,33,79
399,01/10/2001,63,66,06,48,81,17
400,02/10/2001,63,33,13,17,66,79
401,03/10/2001,63,17,13,79,33,66
402,10/10/2001,79,06,63,57,17,33
403,11/10/2001,79,17,[42],63,43,33
404,12/10/2001,04,63,48,79,17,33
405,13/10/2001,48,79,04,63,76,17
406,17/10/2001,81,79,63,04,33,48
407,20/10/2001,79,63,48,81,14,04
408,24/10/2001,04,81,63,[48],79,17
409,27/10/2001,63,04,81,79,88,17
410,31/10/2001,[63],04,81,[17],70,79
411,04/11/2001,63,[81],04,70,15,79
412,07/11/2001,63,04,88,15,79,70
413,08/11/2001,43,63,06,79,04,88
414,14/11/2001,79,78,43,63,[04],15
415,17/11/2001,79,78,04,43,63,15
416,21/11/2001,63,04,79,70,15,43
417,24/11/2001,[06],70,78,79,67,04
418,28/11/2001,04,63,79,15,43,78
419,05/12/2001,88,04,[43],15,79,78
420,09/12/2001,04,67,78,79,54,85
421,12/12/2001,79,[78],67,54,[04],10
422,15/12/2001,04,79,63,[14],54,15
423,19/12/2001,04,67,79,63,54,57
424,22/12/2001,67,79,04,63,14,15
425,27/12/2001,63,67,79,54,04,15
426,29/12/2001,79,63,04,15,67,[24]
427,31/12/2001,79,04,15,[63],32,67
428,06/01/2002,32,79,04,88,02,15
429,16/01/2002,79,02,32,63,15,67
430,19/01/2002,02,67,79,04,63,32
431,23/01/2002,02,67,79,04,32,03
432,26/01/2002,79,32,63,02,67,04
433,30/01/2002,[79],02,67,63,04,14
434,01/02/2002,41,32,56,04,83,02
435,02/02/2002,41,32,67,63,04,14
436,03/02/2002,41,49,56,04,63,06
437,05/02/2002,67,82,83,02,77,49
438,10/02/2002,32,09,80,56,49,02
439,11/02/2002,49,32,04,41,83,09
440,13/02/2002,04,32,49,02,06,41
441,16/02/2002,14,[06],04,26,02,56
442,20/02/2002,03,04,14,02,56,63
443,23/02/2002,02,[56],06,57,67,04
444,27/02/2002,14,77,[29],49,88,02
445,04/03/2002,14,06,63,87,41,67
446,07/03/2002,[14],63,80,32,53,06
447,08/03/2002,14,53,55,80,87,06
448,12/03/2002,14,06,63,09,67,56
449,13/03/2002,14,26,06,27,02,63
450,16/03/2002,14,06,63,02,03,36
451,20/03/2002,14,02,[77],32,03,53
452,23/03/2002,14,28,32,26,55,36
453,27/03/2002,63,06,14,67,02,88
454,30/03/2002,14,63,06,88,26,27
455,05/04/2002,14,[06],32,63,[01],09
456,09/04/2002,14,06,09,26,32,[88]
457,13/04/2002,14,06,03,02,55,26
458,17/04/2002,14,02,01,03,67,26
459,20/04/2002,14,26,09,[88],02,61
460,24/04/2002,26,67,14,09,02,12
461,27/04/2002,88,06,14,65,09,67
462,01/05/2002,88,26,14,02,67,72
463,06/05/2002,14,88,03,09,02,67
464,10/05/2002,14,02,88,[09],06,67
465,12/05/2002,[14],88,02,68,48,06
466,15/05/2002,14,02,48,88,67,03
467,18/05/2002,14,88,21,02,06,48
468,22/05/2002,14,[12],32,88,21,06
469,25/05/2002,[88],14,71,53,02,06
470,29/05/2002,14,48,88,02,67,65
471,02/06/2002,14,88,48,02,08,67
472,03/06/2002,14,26,88,02,48,[06]
473,04/06/2002,14,88,26,08,21,41
474,07/06/2002,14,40,88,[83],08,06
475,11/06/2002,14,88,63,02,08,06
476,15/06/2002,14,88,06,63,39,41
477,19/06/2002,14,88,63,26,07,21
478,22/06/2002,14,41,21,07,63,26
479,26/06/2002,21,14,63,26,85,[88]
480,29/06/2002,14,63,88,48,07,65
481,08/07/2002,63,14,[07],06,88,61
482,09/07/2002,14,63,39,88,65,48
483,12/07/2002,63,[06],14,88,39,80
484,13/07/2002,[63],88,14,40,65,06
485,17/07/2002,88,14,39,65,06,26
486,20/07/2002,88,65,14,71,46,39
487,24/07/2002,65,[88],14,39,48,78
488,27/07/2002,65,71,14,88,[11],39
489,31/07/2002,14,88,11,78,71,84
490,05/08/2002,39,65,88,78,48,[57]
491,06/08/2002,62,71,88,65,39,78
492,14/08/2002,88,62,57,71,39,47
493,17/08/2002,78,[88],14,57,39,47
494,21/08/2002,88,78,65,14,62,39
495,24/08/2002,14,65,78,88,71,63
496,28/08/2002,78,39,[88],26,47,65
497,31/08/2002,78,48,62,26,02,65
498,01/09/2002,78,48,86,88,26,02
499,02/09/2002,48,78,86,88,06,02
500,03/09/2002,[88],39,78,42,47,65
501,10/09/2002,88,47,[65],78,86,39
502,11/09/2002,88,86,[39],57,47,78
503,14/09/2002,[88],86,73,47,02,06
504,18/09/2002,88,73,86,10,47,62
505,21/09/2002,88,48,[10],47,73,74
506,25/09/2002,88,14,47,45,73,86
507,28/09/2002,88,47,86,48,73,21
508,04/10/2002,88,86,73,77,41,[02]
509,07/10/2002,88,47,48,77,61,14
510,08/10/2002,74,86,77,88,63,47
511,12/10/2002,74,88,47,41,86,14
512,16/10/2002,41,74,88,[37],47,81
513,19/10/2002,88,63,76,86,41,47
514,23/10/2002,74,88,76,41,47,14
515,26/10/2002,[88],77,47,23,63,37
516,30/10/2002,88,77,76,41,63,47
517,05/11/2002,77,88,76,23,47,86
518,09/11/2002,88,77,[86],76,74,47
519,13/11/2002,88,77,57,76,74,41
520,16/11/2002,88,86,41,57,[47],74
521,20/11/2002,88,76,86,41,03,57
522,23/11/2002,88,41,86,03,76,57
523,27/11/2002,88,86,41,74,57,03
524,30/11/2002,86,88,41,74,57,23
525,01/12/2002,88,86,41,74,57,76
526,06/12/2002,88,[86],41,74,45,57
527,10/12/2002,41,74,88,76,23,03
528,12/12/2002,88,[86],41,45,[03],74
529,14/12/2002,74,88,06,86,64,23
530,17/12/2002,88,[86],41,06,74,72
531,19/12/2002,[88],74,57,86,06,41
532,21/12/2002,41,88,86,06,57,87
533,24/12/2002,86,88,41,87,[06],64
534,27/12/2002,86,88,[41],85,62,57
535,28/12/2002,86,88,01,23,05,82
536,31/12/2002,86,88,63,74,72,05
537,02/01/2003,86,88,74,37,78,25
538,03/01/2003,88,86,74,37,56,25
539,10/01/2003,88,[86],01,67,25,38
540,15/01/2003,88,86,74,25,38,67
541,18/01/2003,88,86,74,81,27,25
542,22/01/2003,[86],88,27,81,25,67
543,25/01/2003,86,88,81,74,27,25
544,29/01/2003,86,74,88,[27],56,81
545,01/02/2003,86,81,27,56,88,37
546,04/02/2003,86,[27],88,56,74,81
547,07/02/2003,88,86,07,27,56,64
548,08/02/2003,88,86,27,56,07,38
549,15/02/2003,88,74,25,27,56,37
550,19/02/2003,88,86,74,27,25,56
551,22/02/2003,86,[88],37,27,51,85
552,26/02/2003,88,86,27,81,45,17
553,05/03/2003,74,88,27,25,38,64
554,09/03/2003,86,27,88,[45],17,25
555,11/03/2003,38,45,74,86,[25],[37]
556,12/03/2003,38,39,74,86,45,56
557,15/03/2003,74,[56],[27],39,45,32
558,19/03/2003,45,39,88,86,04,81
559,22/03/2003,27,45,86,88,39,17
560,26/03/2003,74,39,12,88,41,53
561,29/03/2003,45,74,39,37,88,17
562,01/04/2003,74,39,[37],86,[17],45
563,06/04/2003,74,37,39,81,79,38
564,10/04/2003,39,88,81,74,37,17
565,16/04/2003,[37],01,74,39,[88],17
566,19/04/2003,37,39,17,74,86,[53]
567,23/04/2003,37,63,86,45,39,74
568,26/04/2003,37,45,86,[39],74,17
569,30/04/2003,37,45,88,[74],63,17
570,02/05/2003,45,01,79,88,59,04
571,03/05/2003,45,37,01,51,04,17
572,04/05/2003,45,04,51,37,42,59
573,07/05/2003,45,37,42,04,59,88
574,11/05/2003,45,86,42,57,88,30
575,14/05/2003,37,04,42,45,88,30
576,17/05/2003,42,72,04,88,37,30
577,21/05/2003,80,37,42,04,81,[75]
578,24/05/2003,42,45,04,81,[12],72
579,28/05/2003,37,04,72,42,81,88
580,31/05/2003,42,04,12,37,72,81
581,08/06/2003,[42],04,33,12,[72],45
582,09/06/2003,37,12,62,04,[81],88
583,12/06/2003,12,04,62,37,59,81
584,14/06/2003,04,62,[59],12,37,77
585,18/06/2003,04,37,17,36,81,33
586,21/06/2003,[86],[45],37,62,12,04
587,25/06/2003,12,04,88,37,56,17
588,28/06/2003,04,37,63,45,12,41
589,05/07/2003,45,12,37,81,[01],[04]
590,06/07/2003,77,45,86,62,41,12
591,16/07/2003,45,77,01,86,[37],17
592,19/07/2003,77,86,37,41,45,12
593,23/07/2003,12,33,77,41,82,36
594,26/07/2003,[77],41,33,82,[86],88
595,30/07/2003,[82],33,41,55,37,12
596,01/08/2003,33,36,88,41,45,20
597,02/08/2003,33,36,41,88,20,55
598,03/08/2003,33,41,[88],20,36,55
599,10/08/2003,[41],36,20,55,87,33
600,11/08/2003,20,37,01,86,33,36
601,13/08/2003,01,33,18,20,36,37
602,16/08/2003,36,01,12,88,20,33
603,20/08/2003,20,36,01,12,86,33
604,23/08/2003,01,26,86,45,37,20
605,27/08/2003,37,33,36,26,88,57
606,30/08/2003,33,[36],69,30,18,01
607,04/09/2003,33,86,01,18,66,69
608,07/09/2003,[66],51,33,69,01,26
609,08/09/2003,51,01,69,86,26,20
610,13/09/2003,[01],69,86,37,09,26
611,17/09/2003,88,86,45,20,01,51
612,20/09/2003,[51],01,45,86,20,23
613,24/09/2003,37,45,01,63,80,13
614,27/09/2003,01,18,86,54,76,88
615,05/10/2003,69,54,01,23,45,62
616,09/10/2003,20,69,45,88,23,54
617,12/10/2003,20,13,86,[90],23,54
618,15/10/2003,86,01,[26],69,42,88
619,18/10/2003,54,69,45,37,26,86
620,22/10/2003,01,54,[86],73,37,20
621,25/10/2003,77,01,26,20,23,[54]
622,29/10/2003,[20],77,23,69,58,71
623,01/11/2003,73,23,69,45,86,13
624,06/11/2003,60,69,23,88,77,58
625,10/11/2003,23,60,88,01,58,85
626,15/11/2003,[86],37,01,85,90,48
627,19/11/2003,01,60,77,85,69,[23]
628,22/11/2003,21,86,60,69,01,58
629,26/11/2003,60,88,73,86,69,01
630,29/11/2003,69,60,73,[88],58,85
631,02/12/2003,[60],69,73,26,86,21
632,03/12/2003,86,69,26,88,53,[58]
633,04/12/2003,69,26,86,53,21,71
634,07/12/2003,86,53,21,69,[88],19
635,11/12/2003,86,88,69,26,01,89
636,13/12/2003,86,88,69,45,89,53
637,17/12/2003,86,53,69,[01],88,59
638,20/12/2003,53,86,69,78,63,71
639,24/12/2003,69,88,86,53,89,71
640,27/12/2003,69,86,01,88,[74],[53]
641,31/12/2003,69,86,01,21,57,32
642,09/01/2004,86,69,89,88,01,21
643,12/01/2004,86,88,69,09,01,73
644,14/01/2004,69,86,09,57,21,01
645,17/01/2004,86,82,69,09,48,90
646,21/01/2004,69,86,57,09,21,01
647,24/01/2004,69,86,21,09,03,71
648,28/01/2004,69,21,03,01,71,09
649,31/01/2004,86,01,69,21,09,57
650,10/02/2004,86,57,69,89,21,03
651,14/02/2004,[82],[86],90,21,69,03
652,18/02/2004,69,75,[79],48,86,21
653,21/02/2004,69,48,86,21,03,08
654,25/02/2004,69,86,21,57,03,65
655,28/02/2004,69,86,21,75,57,89
656,01/03/2004,69,81,75,88,86,21
657,03/03/2004,[69],81,21,89,84,[75]
658,04/03/2004,82,89,28,57,21,03
659,05/03/2004,57,21,89,28,88,[82]
660,06/03/2004,21,89,28,08,57,[81]
661,07/03/2004,21,57,89,28,86,81
662,11/03/2004,89,57,08,28,86,81
663,13/03/2004,82,81,86,57,84,[88]
664,17/03/2004,82,57,21,28,49,89
665,20/03/2004,57,62,[21],28,81,89
666,24/03/2004,57,62,89,86,76,03
667,27/03/2004,57,62,89,82,25,28
668,31/03/2004,57,[45],28,81,12,86
669,02/04/2004,89,28,25,82,81,48
670,08/04/2004,57,89,41,62,28,86
671,09/04/2004,89,86,57,62,[41],28
672,12/04/2004,57,89,86,88,41,12
673,14/04/2004,41,88,57,62,89,12
674,17/04/2004,88,57,62,28,06,12
675,21/04/2004,[62],41,88,57,89,28
676,24/04/2004,28,57,88,10,34,48
677,28/04/2004,[88],28,57,12,[89],34
678,05/05/2004,88,28,81,[57],41,82
679,06/05/2004,88,41,81,82,01,[34]
680,15/05/2004,01,88,81,10,28,73
681,19/05/2004,88,82,01,81,41,73
682,22/05/2004,41,01,10,88,90,86
683,26/05/2004,88,01,28,82,86,31
684,29/05/2004,88,[01],31,25,37,82
685,03/06/2004,88,10,82,31,67,[25]
686,10/06/2004,88,41,10,31,67,82
687,11/06/2004,88,60,06,10,48,12
688,16/06/2004,88,06,86,82,67,48
689,19/06/2004,88,86,41,06,48,69
690,23/06/2004,88,41,06,10,48,90
691,26/06/2004,48,41,88,06,52,67
692,30/06/2004,41,67,88,06,[10],90
693,01/07/2004,88,86,70,67,06,23
694,02/07/2004,48,88,06,67,86,90
695,04/07/2004,88,41,70,06,48,[67]
696,07/07/2004,88,[48],75,90,12,41
697,08/07/2004,88,37,86,41,70,82
698,14/07/2004,06,70,88,[41],32,82
699,17/07/2004,70,06,88,41,86,39
700,21/07/2004,[88],70,06,32,41,86
701,24/07/2004,70,06,32,37,88,41
702,28/07/2004,70,06,88,41,71,86
703,31/07/2004,[70],41,06,88,86,48
704,05/08/2004,32,06,88,12,90,86
705,09/08/2004,06,32,88,12,86,09
706,14/08/2004,06,88,86,30,42,41
707,18/08/2004,88,75,41,12,06,32
708,21/08/2004,[88],12,30,06,75,76
709,25/08/2004,06,88,41,12,75,64
710,28/08/2004,06,88,41,12,29,75
711,06/09/2004,12,06,75,86,88,29
712,10/09/2004,41,88,06,12,29,30
713,12/09/2004,88,41,86,[06],12,09
714,15/09/2004,86,81,12,88,41,69
715,18/09/2004,88,08,39,86,81,41
716,22/09/2004,88,69,08,12,81,86
717,25/09/2004,69,12,30,88,[86],08
718,29/09/2004,88,08,12,18,39,81
719,01/10/2004,88,08,81,12,69,29
720,03/10/2004,88,12,69,39,81,09
721,04/10/2004,12,88,08,86,81,39
722,07/10/2004,88,39,[81],12,46,42
723,11/10/2004,39,12,18,88,41,[83]
724,13/10/2004,12,45,88,48,28,39
725,16/10/2004,[88],[12],41,39,45,76
726,20/10/2004,88,82,86,39,45,42
727,23/10/2004,88,41,45,08,39,18
728,27/10/2004,45,88,41,39,82,20
729,30/10/2004,39,45,88,86,82,28
730,02/11/2004,45,88,46,42,41,39
731,08/11/2004,88,39,82,45,41,[46]
732,09/11/2004,42,28,82,45,88,81
733,12/11/2004,45,82,42,86,88,39
734,13/11/2004,82,39,[45],86,42,57
735,17/11/2004,42,58,08,82,28,41
736,20/11/2004,82,39,42,70,88,02
737,24/11/2004,88,23,28,[43],41,08
738,27/11/2004,88,58,41,39,82,28
739,05/12/2004,82,28,88,86,46,41
740,06/12/2004,82,86,88,45,41,23
741,15/12/2004,39,86,19,88,41,82
742,18/12/2004,70,88,41,02,58,39
743,22/12/2004,39,28,47,41,[82],05
744,27/12/2004,88,39,49,62,86,47
745,29/12/2004,86,39,88,62,37,89
746,06/01/2005,39,02,88,14,62,05
747,09/01/2005,28,88,86,47,62,39
748,10/01/2005,47,86,76,58,39,04
749,12/01/2005,88,74,86,28,34,39
750,15/01/2005,39,02,47,86,66,05
751,19/01/2005,47,42,37,86,28,27
752,22/01/2005,39,37,47,[45],86,88
753,26/01/2005,86,39,37,88,48,50
754,29/01/2005,86,88,37,50,14,62
755,02/02/2005,86,37,39,50,88,81
756,03/02/2005,88,37,76,39,50,58
757,04/02/2005,86,37,39,88,50,05
758,07/02/2005,86,78,39,37,05,[50]
759,08/02/2005,86,37,45,39,[64],05
760,11/02/2005,86,37,39,88,47,02
761,16/02/2005,37,39,86,75,88,02
762,19/02/2005,[86],37,78,39,75,41
763,23/02/2005,[37],39,88,75,41,47
764,26/02/2005,86,88,39,75,58,47
765,01/03/2005,88,86,47,39,58,75
766,09/03/2005,[75],88,46,47,42,39
767,11/03/2005,84,52,86,66,88,39
768,12/03/2005,66,43,88,39,47,14
769,16/03/2005,39,41,88,14,43,58
770,19/03/2005,41,39,58,88,86,43
771,23/03/2005,88,39,41,86,85,30
772,26/03/2005,88,85,39,58,41,90
773,30/03/2005,88,84,86,41,58,39
774,05/04/2005,88,76,86,85,39,41
775,06/04/2005,[88],58,41,46,06,39
776,08/04/2005,45,41,58,[84],88,39
777,10/04/2005,58,41,39,47,83,86
778,13/04/2005,39,58,41,[83],81,86
779,16/04/2005,39,58,41,78,86,47
780,20/04/2005,58,76,63,88,30,39
781,23/04/2005,[88],39,85,89,63,12
782,27/04/2005,88,58,67,63,76,89
783,30/04/2005,88,58,24,47,12,45
784,01/05/2005,88,32,47,09,[63],39
785,02/05/2005,88,55,12,37,80,01
786,03/05/2005,88,86,58,62,39,63
787,07/05/2005,01,63,53,86,58,88
788,11/05/2005,88,[30],41,02,47,01
789,14/05/2005,88,41,63,70,14,27
790,18/05/2005,41,88,27,63,70,86
791,21/05/2005,63,70,88,27,53,14
792,25/05/2005,63,27,88,41,80,47
793,28/05/2005,88,14,12,63,86,45
794,04/06/2005,81,63,88,70,[41],14
795,08/06/2005,63,88,15,[46],58,14
796,09/06/2005,88,63,37,86,80,14
797,10/06/2005,63,86,88,53,37,14
798,12/06/2005,[88],63,58,01,14,27
799,15/06/2005,13,70,27,62,01,07
800,18/06/2005,[27],48,62,22,24,88
801,21/06/2005,14,62,70,81,85,[88]
802,23/06/2005,62,14,[86],50,13,72
803,25/06/2005,14,62,13,50,81,88
804,28/06/2005,14,62,81,12,13,86
805,30/06/2005,14,62,48,81,85,12
806,05/07/2005,62,48,88,14,81,26
807,07/07/2005,62,14,48,86,37,26
808,14/07/2005,62,[14],48,26,86,63
809,16/07/2005,12,86,48,50,62,26
810,19/07/2005,[62],12,86,48,81,70
811,21/07/2005,70,48,12,50,86,88
812,23/07/2005,12,[86],[48],50,[81],70
813,26/07/2005,12,88,13,15,63,52
814,28/07/2005,12,88,13,70,80,37
815,30/07/2005,12,55,50,[88],76,52
816,01/08/2005,12,86,50,37,88,47
817,06/08/2005,12,37,86,55,70,88
818,09/08/2005,12,88,31,54,50,37
819,10/08/2005,12,88,37,77,52,63
820,11/08/2005,37,12,88,50,70,87
821,13/08/2005,12,50,86,88,37,70
822,16/08/2005,12,37,86,50,47,88
823,18/08/2005,12,86,88,52,50,20
824,20/08/2005,12,50,20,37,52,[88]
825,23/08/2005,12,52,50,37,13,[86]
826,25/08/2005,12,50,52,37,13,86
827,27/08/2005,12,86,50,47,52,37
828,30/08/2005,12,52,88,50,20,47
829,02/09/2005,12,37,86,50,88,13
830,03/09/2005,37,12,[50],52,86,88
831,04/09/2005,37,12,86,77,47,80
832,07/09/2005,12,86,37,47,69,77
833,08/09/2005,12,37,77,86,47,69
834,12/09/2005,12,37,47,77,[69],86
835,13/09/2005,37,12,88,47,[77],67
836,15/09/2005,37,12,86,47,20,82
837,17/09/2005,12,37,[88],86,47,90
838,20/09/2005,12,[37],86,47,90,15
839,22/09/2005,12,90,88,86,47,81
840,24/09/2005,90,12,45,47,88,13
841,27/09/2005,[12],86,47,90,45,76
842,29/09/2005,45,86,90,88,47,13
843,09/10/2005,45,88,47,[90],86,13
844,11/10/2005,88,86,45,47,68,69
845,12/10/2005,88,76,81,45,47,68
846,13/10/2005,88,47,[45],63,86,05
847,15/10/2005,88,47,86,67,01,05
848,18/10/2005,88,16,47,76,62,[63]
849,20/10/2005,88,16,47,05,67,[76]
850,22/10/2005,88,47,05,16,67,15
851,25/10/2005,88,47,05,81,16,80
852,27/10/2005,88,47,70,05,86,09
853,29/10/2005,88,47,80,05,16,81
854,05/11/2005,47,88,[05],16,54,32
855,06/11/2005,47,81,63,12,70,16
856,08/11/2005,47,88,16,09,86,70
857,10/11/2005,47,88,81,86,69,70
858,15/11/2005,88,47,16,01,81,09
859,17/11/2005,47,16,09,54,81,70
860,19/11/2005,47,86,88,37,01,09
861,22/11/2005,47,88,[16],86,37,[70]
862,24/11/2005,47,88,86,01,[80],09
863,26/11/2005,47,86,81,88,70,11
864,29/11/2005,47,81,09,88,70,11
865,01/12/2005,47,81,70,88,86,11
866,02/12/2005,47,81,88,70,86,11
867,03/12/2005,81,47,37,86,70,11
868,07/12/2005,81,47,86,70,11,09
869,11/12/2005,81,47,86,[11],35,70
870,13/12/2005,81,47,09,43,46,37
871,15/12/2005,47,81,09,43,70,55
872,17/12/2005,81,47,43,09,[70],37
873,20/12/2005,47,81,09,86,89,87
874,22/12/2005,81,47,86,88,37,70
875,24/12/2005,81,[86],[47],70,43,19
876,27/12/2005,81,70,43,77,45,87
877,29/12/2005,81,70,77,79,45,15
878,31/12/2005,81,[70],43,19,89,15
879,04/01/2006,81,43,70,88,87,29
880,06/01/2006,81,19,43,77,45,70
881,07/01/2006,81,[45],86,03,19,29
882,08/01/2006,81,[37],70,19,43,77
883,14/01/2006,81,43,[89],88,37,70
884,17/01/2006,81,86,37,70,19,43
885,19/01/2006,[81],88,43,37,86,07
886,21/01/2006,86,19,43,82,70,[07]
887,24/01/2006,43,86,19,61,88,80
888,26/01/2006,80,37,77,81,[88],76
889,28/01/2006,86,[88],80,81,37,77
890,31/01/2006,61,19,43,37,24,51
891,02/02/2006,61,86,[03],37,70,10
892,03/02/2006,37,43,88,48,70,03
893,05/02/2006,43,88,19,61,03,37
894,09/02/2006,43,67,37,88,19,[61]
895,11/02/2006,88,37,43,14,19,67
896,12/02/2006,[88],14,43,37,86,80
897,14/02/2006,88,86,14,43,67,19
898,16/02/2006,86,88,43,19,65,67
899,18/02/2006,86,[88],14,43,37,70
900,21/02/2006,67,37,[86],82,45,14
901,23/02/2006,88,67,[70],43,10,42
902,25/02/2006,88,10,19,14,67,[86]
903,28/02/2006,88,43,67,19,74,10
904,01/03/2006,88,70,[14],43,67,37
905,06/03/2006,88,32,19,43,67,03
906,08/03/2006,88,70,67,43,32,86
907,10/03/2006,70,88,43,19,67,10
908,14/03/2006,19,70,88,67,86,[32]
909,16/03/2006,12,70,88,19,[48],67
910,18/03/2006,88,12,67,70,19,50
911,21/03/2006,12,50,70,19,67,88
912,23/03/2006,12,70,19,50,67,88
913,25/03/2006,12,86,19,50,67,88
914,28/03/2006,88,12,19,28,86,70
915,30/03/2006,88,12,70,19,36,50
916,02/04/2006,12,67,[50],19,28,36
917,03/04/2006,12,37,19,67,88,81
918,04/04/2006,12,36,[88],19,67,[70]
919,05/04/2006,12,19,86,70,28,36
920,07/04/2006,12,28,88,19,56,67
921,11/04/2006,88,12,19,67,28,70
922,13/04/2006,12,19,88,67,[86],70
923,15/04/2006,88,12,19,36,56,67
924,18/04/2006,[12],19,28,67,37,70
925,20/04/2006,19,67,70,56,80,28
926,22/04/2006,67,88,19,56,80,28
927,26/04/2006,88,56,70,19,67,20
928,27/04/2006,80,88,67,45,70,19
929,29/04/2006,88,67,19,36,56,45
930,01/05/2006,45,19,36,70,56,80
931,08/05/2006,88,70,19,56,67,37
932,09/05/2006,19,70,56,80,67,88
933,10/05/2006,70,19,56,28,80,36
934,12/05/2006,88,19,80,56,67,70
935,13/05/2006,19,56,88,67,82,80
936,16/05/2006,19,45,56,80,88,67
937,18/05/2006,[67],80,19,88,56,70
938,20/05/2006,88,56,80,70,19,[77]
939,23/05/2006,19,70,56,[80],45,88
940,25/05/2006,56,[19],55,28,88,45
941,27/05/2006,88,70,28,77,09,45
942,30/05/2006,74,70,88,28,09,77
943,04/06/2006,28,70,88,77,86,22
944,05/06/2006,28,74,88,70,[22],55
945,06/06/2006,56,28,88,74,70,55
946,07/06/2006,70,88,[56],86,28,[55]
947,13/06/2006,28,86,70,26,88,09
948,15/06/2006,28,15,88,26,70,86
949,17/06/2006,88,70,28,86,15,71
950,20/06/2006,07,88,86,28,70,09
951,22/06/2006,86,88,28,70,07,09
952,24/06/2006,28,42,07,09,15,86
953,27/06/2006,42,09,28,86,88,70
954,29/06/2006,09,15,[28],42,[86],88
955,01/07/2006,88,42,70,[81],37,09
956,02/07/2006,42,88,70,77,09,15
957,03/07/2006,88,42,86,15,70,77
958,09/07/2006,88,86,42,17,09,77
959,10/07/2006,88,42,09,[15],57,77
960,11/07/2006,88,57,[42],09,17,52
961,12/07/2006,88,17,72,52,[57],77
962,13/07/2006,88,14,17,09,32,72
963,15/07/2006,88,17,14,09,52,77
964,18/07/2006,88,09,14,52,11,17
965,20/07/2006,88,52,09,70,14,17
966,22/07/2006,88,72,09,52,62,17
967,25/07/2006,88,17,09,[52],70,72
968,27/07/2006,88,09,[82],72,20,17
969,29/07/2006,88,77,72,17,[70],09
970,04/08/2006,88,72,17,09,82,27
971,06/08/2006,88,23,14,09,[66],86
972,07/08/2006,88,17,82,20,09,63
973,08/08/2006,88,09,17,14,77,82
974,16/08/2006,88,09,82,17,40,[72]
975,17/08/2006,88,09,17,77,14,23
976,19/08/2006,[88],17,09,[82],22,20
977,22/08/2006,17,20,78,09,82,63
978,24/08/2006,78,17,63,82,09,88
979,26/08/2006,78,88,72,17,[09],82
980,29/08/2006,72,23,17,78,32,03
981,31/08/2006,[17],78,23,88,82,03
982,02/09/2006,78,23,32,82,86,13
983,03/09/2006,78,23,03,13,20,32
984,05/09/2006,78,[23],03,20,32,[88]
985,09/09/2006,13,78,20,32,86,03
986,11/09/2006,78,13,86,32,63,03
987,12/09/2006,78,86,13,82,32,03
988,14/09/2006,78,32,13,63,86,79
989,16/09/2006,78,13,32,86,63,82
990,19/09/2006,86,82,78,32,39,13
991,21/09/2006,78,03,82,32,13,86
992,23/09/2006,78,13,03,20,32,86
993,26/09/2006,78,76,13,32,86,03
994,28/09/2006,78,76,45,13,32,63
995,30/09/2006,76,13,78,86,[03],45
996,01/10/2006,78,32,03,45,13,[86]
997,06/10/2006,45,13,03,78,32,88
998,08/10/2006,78,32,13,45,76,88
999,10/10/2006,78,45,32,[13],86,03
1000,14/10/2006,78,01,88,44,32,76
1001,17/10/2006,78,01,32,03,45,86
1002,19/10/2006,03,78,01,82,45,32
1003,21/10/2006,01,78,19,45,81,03
1004,24/10/2006,01,78,76,03,19,[45]
1005,26/10/2006,78,01,76,03,19,32
1006,28/10/2006,01,19,32,78,76,[88]
1007,31/10/2006,01,[19],78,76,89,32
1008,02/11/2006,76,[01],03,72,89,78
1009,03/11/2006,76,78,32,89,04,03
1010,04/11/2006,[89],86,32,78,70,[76]
1011,05/11/2006,78,03,04,88,70,32
1012,07/11/2006,03,70,32,78,04,08
1013,11/11/2006,78,88,27,70,32,03
1014,14/11/2006,[88],63,70,32,78,86
1015,16/11/2006,78,82,32,70,86,63
1016,18/11/2006,79,78,[82],08,[81],27
1017,21/11/2006,78,04,08,79,70,72
1018,23/11/2006,78,32,74,86,[82],63
1019,25/11/2006,72,78,79,82,08,70
1020,28/11/2006,70,82,32,78,11,[74]
1021,30/11/2006,82,08,32,78,63,72
1022,01/12/2006,32,78,86,70,04,63
1023,08/12/2006,32,86,78,04,70,42
1024,09/12/2006,32,78,86,70,82,11
1025,10/12/2006,86,32,78,70,11,88
1026,12/12/2006,86,32,78,04,70,11
1027,14/12/2006,32,70,[78],86,82,11
1028,16/12/2006,32,70,79,86,42,82
1029,19/12/2006,[32],70,79,86,04,72
1030,21/12/2006,53,70,79,11,39,51
1031,23/12/2006,70,53,86,11,39,33
1032,27/12/2006,70,86,42,[11],53,33
1033,28/12/2006,86,70,82,79,53,33
1034,30/12/2006,86,79,70,[53],88,58
1035,02/01/2007,86,70,58,88,33,51
1036,03/01/2007,86,[70],33,58,88,51
1037,09/01/2007,86,88,33,79,63,18
1038,12/01/2007,86,88,18,33,08,82
1039,13/01/2007,86,79,18,33,82,71
1040,16/01/2007,86,82,18,[33],79,58
1041,18/01/2007,86,79,82,58,63,18
1042,20/01/2007,86,82,79,[18],09,58
1043,23/01/2007,86,71,79,58,05,82
1044,25/01/2007,86,79,58,05,82,88
1045,27/01/2007,86,58,71,82,42,[79]
1046,30/01/2007,86,05,09,58,42,61
1047,01/02/2007,86,71,[61],09,58,05
1048,05/02/2007,86,71,88,09,58,82
1049,08/02/2007,86,71,82,58,09,88
1050,10/02/2007,86,71,09,58,[62],82
1051,11/02/2007,86,71,82,05,09,58
1052,13/02/2007,[86],71,79,09,58,05
1053,15/02/2007,71,09,58,05,79,41
1054,17/02/2007,71,05,09,86,[41],58
1055,20/02/2007,05,71,01,09,58,88
1056,22/02/2007,71,55,05,01,09,58
1057,24/02/2007,71,55,09,58,67,05
1058,27/02/2007,71,55,82,09,[58],67
1059,02/03/2007,71,63,05,01,09,55
1060,03/03/2007,63,71,55,05,09,67
1061,04/03/2007,71,63,88,05,09,67
1062,05/03/2007,[88],71,05,63,09,86
1063,07/03/2007,71,63,88,05,82,09
1064,11/03/2007,88,71,05,63,46,09
1065,13/03/2007,63,71,05,09,[46],88
1066,15/03/2007,63,71,05,09,51,86
1067,17/03/2007,63,05,88,71,09,67
1068,20/03/2007,63,[71],[05],01,09,14
1069,22/03/2007,63,01,14,09,52,67
1070,24/03/2007,[63],01,88,09,52,77
1071,27/03/2007,15,09,77,01,14,52
1072,29/03/2007,88,09,52,01,63,14
1073,31/03/2007,88,86,15,09,52,67
1074,01/04/2007,01,[77],15,09,52,67
1075,06/04/2007,[88],43,15,01,09,86
1076,08/04/2007,15,14,09,52,88,67
1077,09/04/2007,15,88,[09],14,67,55
1078,10/04/2007,67,14,37,15,52,83
1079,12/04/2007,14,37,52,67,86,02
1080,14/04/2007,67,37,52,88,55,02
1081,17/04/2007,88,37,02,52,67,01
1082,19/04/2007,88,03,37,02,14,52
1083,21/04/2007,37,67,03,02,01,82
1084,24/04/2007,[67],14,37,88,03,02
1085,26/04/2007,37,88,63,52,03,14
1086,28/04/2007,[37],14,52,63,87,03
1087,04/05/2007,14,03,18,52,58,26
1088,05/05/2007,14,88,53,18,52,[03]
1089,06/05/2007,03,14,53,18,52,86
1090,07/05/2007,88,14,03,53,18,26
1091,15/05/2007,03,[88],14,53,04,18
1092,17/05/2007,77,03,53,14,04,86
1093,19/05/2007,03,53,04,88,80,87
1094,22/05/2007,03,14,53,49,26,04
1095,24/05/2007,04,03,53,26,49,14
1096,26/05/2007,03,14,53,18,26,04
1097,29/05/2007,77,53,26,04,03,14
1098,31/05/2007,53,18,14,04,88,03
1099,02/06/2007,53,14,18,49,04,01
1100,03/06/2007,53,88,14,18,04,[01]
1101,09/06/2007,53,01,49,14,04,88
1102,10/06/2007,04,53,01,88,14,[03]
1103,11/06/2007,88,53,01,03,04,14
1104,12/06/2007,53,03,04,01,50,88
1105,14/06/2007,01,03,04,53,49,88
1106,16/06/2007,01,88,[43],53,04,21
1107,19/06/2007,[01],88,53,70,43,14
1108,21/06/2007,86,01,53,14,03,57
1109,23/06/2007,53,03,14,01,88,49
1110,26/06/2007,01,88,14,53,03,58
1111,28/06/2007,01,88,14,53,[03],77
1112,30/06/2007,01,14,77,49,53,21
1113,04/07/2007,[01],14,88,53,03,77
1114,06/07/2007,14,01,86,53,49,88
1115,07/07/2007,01,14,49,53,88,03
1116,08/07/2007,14,53,88,01,03,58
1117,14/07/2007,03,14,53,01,77,88
1118,17/07/2007,01,77,88,03,14,53
1119,19/07/2007,77,01,03,76,53,34
1120,21/07/2007,01,77,88,53,03,82
1121,24/07/2007,01,53,77,14,69,57
1122,26/07/2007,01,14,53,03,21,77
1123,28/07/2007,57,14,53,01,77,03
1124,31/07/2007,53,70,88,76,01,57
1125,01/08/2007,01,[49],[53],57,14,70
1126,02/08/2007,57,01,14,81,78,[03]
1127,03/08/2007,62,76,57,14,51,77
1128,05/08/2007,88,77,57,70,51,01
1129,09/08/2007,57,01,40,82,03,[70]
1130,11/08/2007,88,82,34,03,40,57
1131,14/08/2007,82,01,03,77,81,57
1132,16/08/2007,88,03,01,77,82,57
1133,18/08/2007,77,03,[01],82,57,[88]
1134,21/08/2007,57,01,82,40,77,88
1135,23/08/2007,82,57,01,40,77,03
1136,25/08/2007,[57],82,03,40,01,[34]
1137,28/08/2007,01,82,03,40,51,70
1138,30/08/2007,82,01,40,51,17,03
1139,01/09/2007,82,51,40,28,03,01
1140,06/09/2007,82,40,01,51,44,43
1141,08/09/2007,82,01,40,51,28,[83]
1142,10/09/2007,82,[51],28,01,40,83
1143,13/09/2007,[82],01,77,88,40,13
1144,15/09/2007,40,13,77,28,01,81
1145,18/09/2007,13,40,77,01,83,70
1146,20/09/2007,13,40,41,01,62,83
1147,22/09/2007,13,62,40,41,02,42
1148,25/09/2007,42,13,88,40,83,62
1149,27/09/2007,13,40,42,41,88,28
1150,29/09/2007,13,77,42,70,88,28
1151,02/10/2007,13,42,28,41,88,40
1152,03/10/2007,[40],13,42,41,88,70
1153,04/10/2007,42,13,[66],88,28,86
1154,05/10/2007,13,88,42,28,74,41
1155,07/10/2007,13,28,[42],41,74,[83]
1156,11/10/2007,13,41,28,83,74,[88]
1157,12/10/2007,[13],41,74,[28],77,73
1158,13/10/2007,[41],73,03,74,81,62
1159,16/10/2007,73,70,74,03,43,83
1160,18/10/2007,73,74,03,70,86,30
1161,20/10/2007,03,70,73,74,88,43
1162,23/10/2007,55,73,70,03,74,88
1163,25/10/2007,[03],73,43,70,88,65
1164,27/10/2007,62,55,70,88,73,[56]
1165,30/10/2007,[73],88,43,47,55,37
1166,01/11/2007,43,55,74,88,62,86
1167,08/11/2007,43,74,[30],55,77,[37]
1168,09/11/2007,74,43,70,55,30,81
1169,10/11/2007,74,43,70,88,03,35
1170,12/11/2007,74,43,88,35,62,03
1171,13/11/2007,74,43,[62],70,88,35
1172,15/11/2007,[74],70,61,43,62,35
1173,17/11/2007,70,43,88,62,35,61
1174,20/11/2007,43,70,61,35,88,77
1175,22/11/2007,70,62,47,[61],43,88
1176,24/11/2007,70,47,43,01,62,29
1177,27/11/2007,43,88,70,47,01,62
1178,29/11/2007,88,70,[43],47,31,86
1179,04/12/2007,70,84,85,62,47,88
1180,05/12/2007,70,35,84,47,88,42
1181,06/12/2007,70,35,84,[47],88,81
1182,07/12/2007,70,[35],45,31,77,42
1183,13/12/2007,70,84,45,60,31,42
1184,15/12/2007,70,84,29,45,[31],88
1185,18/12/2007,70,84,01,45,42,15
1186,20/12/2007,70,45,87,88,84,60
1187,22/12/2007,70,45,84,01,68,[87]
1188,24/12/2007,45,70,01,84,88,77
1189,27/12/2007,88,70,84,86,45,01
1190,29/12/2007,[70],[84],45,88,86,77
1191,03/01/2008,45,88,60,62,86,01
1192,04/01/2008,88,45,01,60,32,30
1193,07/01/2008,45,62,[01],88,32,60
1194,15/01/2008,45,01,60,[88],32,15
1195,17/01/2008,45,01,42,08,60,[15]
1196,19/01/2008,45,08,60,42,01,88
1197,22/01/2008,45,08,16,60,01,77
1198,24/01/2008,45,88,08,32,01,16
1199,26/01/2008,45,08,42,01,30,86
1200,29/01/2008,08,45,16,83,32,62
1201,31/01/2008,[45],16,83,32,01,81
1202,01/02/2008,81,01,08,[16],83,32
1203,02/02/2008,08,83,32,[81],01,58
1204,05/02/2008,08,32,78,01,44,83
1205,08/02/2008,08,32,58,88,01,44
1206,09/02/2008,58,01,08,32,83,[88]
1207,10/02/2008,32,01,08,58,44,83
1208,12/02/2008,01,[08],44,58,32,83
1209,14/02/2008,44,01,32,88,58,11
1210,16/02/2008,01,44,32,83,58,86
1211,19/02/2008,11,44,24,32,58,88
1212,21/02/2008,88,24,44,32,58,86
1213,23/02/2008,32,58,01,88,[11],44
1214,26/02/2008,89,83,58,44,86,01
1215,28/02/2008,83,01,86,44,32,[58]
1216,01/03/2008,44,32,83,01,86,63
1217,04/03/2008,44,32,01,12,83,75
1218,05/03/2008,01,44,75,32,81,89
1219,06/03/2008,[89],44,83,[32],88,01
1220,07/03/2008,[42],83,44,88,01,75
1221,11/03/2008,44,01,48,63,31,83
1222,13/03/2008,01,44,47,88,48,86
1223,15/03/2008,01,44,02,63,81,66
1224,18/03/2008,44,48,24,88,63,34
1225,20/03/2008,88,44,66,79,12,63
1226,22/03/2008,79,24,[30],44,48,88
1227,25/03/2008,44,88,01,86,[79],[75]
1228,27/03/2008,48,44,88,03,22,57
1229,29/03/2008,44,03,48,63,88,57
1230,03/04/2008,44,57,30,33,03,48
1231,09/04/2008,[01],03,44,24,88,02
1232,10/04/2008,48,44,03,57,02,01
1233,11/04/2008,44,03,48,01,02,24
1234,12/04/2008,67,[44],03,24,02,22
1235,15/04/2008,24,10,48,03,[02],22
1236,17/04/2008,24,22,48,86,03,67
1237,19/04/2008,24,[22],48,88,23,85
1238,22/04/2008,24,10,67,48,[88],03
1239,24/04/2008,24,67,15,48,10,86
1240,26/04/2008,24,67,10,48,85,03
1241,29/04/2008,24,10,67,88,48,03
1242,01/05/2008,10,24,67,88,[86],85
1243,02/05/2008,24,10,67,09,88,48
1244,04/05/2008,24,67,03,10,88,81
1245,06/05/2008,24,[86],88,67,03,10
1246,07/05/2008,03,24,48,10,67,88
1247,08/05/2008,24,62,67,03,10,71
1248,13/05/2008,24,86,62,67,10,77
1249,15/05/2008,24,67,86,03,10,88
1250,17/05/2008,24,67,15,10,88,86
1251,20/05/2008,24,86,10,[67],03,[88]
1252,22/05/2008,24,10,23,15,77,48
1253,24/05/2008,15,24,80,10,23,48
1254,27/05/2008,[10],24,23,48,15,03
1255,29/05/2008,24,48,03,45,86,62
1256,31/05/2008,24,48,62,23,03,45
1257,03/06/2008,48,24,62,03,23,80
1258,05/06/2008,03,24,48,45,62,[80]
1259,09/06/2008,24,48,03,23,77,62
1260,11/06/2008,[24],48,03,23,88,62
1261,12/06/2008,48,04,70,[86],03,23
1262,14/06/2008,48,[03],23,81,70,88
1263,17/06/2008,23,48,04,80,81,45
1264,19/06/2008,23,81,15,48,04,[80]
1265,21/06/2008,80,23,48,15,04,45
1266,24/06/2008,23,48,15,04,45,80
1267,26/06/2008,[04],48,23,80,[35],15
1268,28/06/2008,[48],23,01,45,88,86
1269,02/07/2008,45,06,05,23,15,01
1270,06/07/2008,88,15,01,45,80,33
1271,08/07/2008,77,23,01,45,21,88
1272,10/07/2008,71,88,45,62,77,80
1273,15/07/2008,45,80,88,15,34,62
1274,17/07/2008,23,[34],45,88,80,66
1275,19/07/2008,80,23,01,45,88,15
1276,22/07/2008,80,01,23,45,15,88
1277,24/07/2008,[15],45,77,80,23,27
1278,26/07/2008,45,88,01,09,80,55
1279,29/07/2008,45,09,88,62,[57],80
1280,31/07/2008,45,80,27,06,23,76
1281,01/08/2008,45,76,01,86,[23],05
1282,03/08/2008,76,45,81,01,86,80
1283,04/08/2008,45,76,86,88,57,30
1284,05/08/2008,76,45,27,78,88,57
1285,07/08/2008,45,76,27,55,88,86
1286,11/08/2008,45,76,27,88,05,41
1287,14/08/2008,45,76,05,41,86,27
1288,16/08/2008,45,76,27,41,88,86
1289,19/08/2008,45,62,[05],88,86,63
1290,21/08/2008,45,86,09,88,58,76
1291,23/08/2008,45,09,86,76,27,01
1292,26/08/2008,45,09,27,41,86,76
1293,28/08/2008,45,76,09,81,86,27
1294,30/08/2008,76,45,09,81,80,27
1295,02/09/2008,45,76,86,41,27,09
1296,08/09/2008,76,45,27,41,09,01
1297,09/09/2008,45,27,76,09,80,55
1298,10/09/2008,76,45,27,09,30,69
1299,12/09/2008,45,27,76,41,09,57
1300,13/09/2008,27,45,76,09,86,69
1301,16/09/2008,27,45,76,69,09,87
1302,18/09/2008,27,45,76,09,88,80
1303,20/09/2008,27,45,76,34,80,09
1304,23/09/2008,45,27,09,76,80,86
1305,25/09/2008,27,45,69,76,09,86
1306,27/09/2008,45,27,69,76,09,46
1307,30/09/2008,45,27,76,69,09,88
1308,01/10/2008,45,76,27,69,09,46
1309,04/10/2008,27,45,[76],39,69,09
1310,05/10/2008,45,69,27,80,88,86
1311,06/10/2008,27,[69],45,80,30,86
1312,07/10/2008,27,01,45,09,58,46
1313,14/10/2008,45,27,01,[46],09,58
1314,16/10/2008,80,45,27,09,[01],39
1315,18/10/2008,45,27,01,80,88,[48]
1316,21/10/2008,27,45,01,09,88,39
1317,23/10/2008,27,45,88,01,09,63
1318,25/10/2008,27,45,01,80,09,42
1319,28/10/2008,27,45,01,[80],[88],[09]
1320,30/10/2008,27,45,77,58,06,42
1321,03/11/2008,27,45,06,42,77,86
1322,09/11/2008,[27],45,77,63,01,06
1323,10/11/2008,42,45,63,83,88,81
1324,11/11/2008,45,42,57,88,[06],83
1325,12/11/2008,45,86,42,01,57,58
1326,13/11/2008,45,42,01,56,59,88
1327,15/11/2008,45,42,01,77,88,83
1328,18/11/2008,45,86,42,88,01,63
1329,20/11/2008,45,86,42,83,01,56
1330,22/11/2008,[45],80,42,83,01,56
1331,25/11/2008,42,[83],01,77,56,63
1332,27/11/2008,56,42,77,86,29,49
1333,29/11/2008,42,01,77,56,29,64
1334,01/12/2008,42,[77],56,81,41,01
1335,02/12/2008,73,42,29,56,61,07
1336,04/12/2008,42,56,29,77,30,87
1337,06/12/2008,42,56,29,37,63,87
1338,07/12/2008,42,56,87,86,29,01
1339,08/12/2008,42,86,87,63,77,01
1340,13/12/2008,42,86,87,56,37,49
1341,16/12/2008,42,87,80,29,56,01
1342,18/12/2008,42,87,01,56,86,[29]
1343,20/12/2008,42,86,87,52,[49],01
1344,23/12/2008,56,42,88,79,[80],58
1345,24/12/2008,42,56,79,01,80,18
1346,27/12/2008,42,56,79,88,01,77
1347,30/12/2008,42,56,80,58,[38],01
1348,08/01/2009,42,56,88,79,36,01
1349,09/01/2009,42,56,01,88,86,58
1350,10/01/2009,42,56,88,01,80,79
1351,12/01/2009,56,42,01,79,88,86
1352,13/01/2009,42,56,01,88,79,80
1353,15/01/2009,42,01,56,79,88,63
1354,17/01/2009,01,42,56,79,88,86
1355,20/01/2009,01,42,56,80,[79],88
1356,22/01/2009,42,[01],56,80,[82],18
1357,24/01/2009,42,56,11,88,80,52
1358,27/01/2009,42,56,88,18,47,59
1359,29/01/2009,42,56,88,18,01,47
1360,31/01/2009,42,[88],56,58,[01],18
1361,01/02/2009,56,42,47,53,78,77
1362,04/02/2009,56,42,47,01,25,18
1363,05/02/2009,42,56,47,01,78,11
1364,07/02/2009,42,56,[47],88,18,86
1365,14/02/2009,56,42,80,88,25,86
1366,17/02/2009,56,42,80,31,18,54
1367,19/02/2009,11,42,81,80,56,54
1368,21/02/2009,11,42,18,80,[54],56
1369,24/02/2009,42,56,31,25,18,[81]
1370,26/02/2009,42,56,88,01,11,53
1371,28/02/2009,42,53,01,88,11,18
1372,01/03/2009,42,11,01,82,18,53
1373,02/03/2009,42,[11],53,01,82,18
1374,03/03/2009,[42],01,82,18,60,53
1375,06/03/2009,01,53,88,60,82,41
1376,09/03/2009,05,60,01,88,82,53
1377,10/03/2009,87,53,88,[59],82,41
1378,11/03/2009,53,[88],70,87,57,17
1379,12/03/2009,53,70,87,57,88,32
1380,14/03/2009,87,53,70,80,57,88
1381,17/03/2009,[53],86,[70],87,57,80
1382,19/03/2009,57,80,32,05,[01],09
1383,21/03/2009,32,57,80,09,41,05
1384,24/03/2009,57,80,[09],05,32,[36]
1385,26/03/2009,80,57,05,86,32,31
1386,28/03/2009,80,57,86,05,82,87
1387,31/03/2009,80,01,05,57,86,08
1388,04/04/2009,57,80,86,01,05,23
1389,06/04/2009,80,86,[57],87,88,01
1390,07/04/2009,87,86,80,88,05,23
1391,08/04/2009,86,87,80,[88],05,23
1392,14/04/2009,86,87,80,[05],17,14
1393,16/04/2009,86,01,80,14,13,87
1394,18/04/2009,[86],01,80,76,66,87
1395,21/04/2009,80,14,01,17,87,23
1396,23/04/2009,80,01,41,87,14,23
1397,27/04/2009,87,01,80,76,23,34
1398,28/04/2009,01,80,[87],23,04,14
1399,30/04/2009,01,04,76,71,14,80
1400,02/05/2009,01,80,82,76,31,71
1401,03/05/2009,80,71,14,31,88,01
1402,05/05/2009,14,80,23,[71],63,31
1403,09/05/2009,14,80,23,63,71,76
1404,11/05/2009,71,63,80,14,82,23
1405,12/05/2009,[63],14,80,01,71,23
1406,14/05/2009,14,[41],80,[01],71,23
1407,16/05/2009,14,80,71,23,76,81
1408,19/05/2009,14,71,77,01,23,76
1409,21/05/2009,23,76,01,71,[14],68
1410,23/05/2009,80,01,77,88,71,68
1411,26/05/2009,88,71,23,68,76,80
1412,28/05/2009,80,76,45,71,68,23
1413,30/05/2009,80,45,76,[01],88,71
1414,06/06/2009,01,23,76,77,20,66
1415,08/06/2009,68,23,20,71,76,84
1416,10/06/2009,68,71,76,80,[23],20
1417,13/06/2009,01,45,88,71,58,68
1418,16/06/2009,45,88,71,68,79,80
1419,18/06/2009,80,79,45,88,01,68
1420,20/06/2009,45,80,68,88,82,79
1421,23/06/2009,68,45,01,77,30,79
1422,25/06/2009,01,80,45,68,71,79
1423,27/06/2009,01,79,80,68,71,[88]
1424,30/06/2009,01,68,30,39,71,62
1425,01/07/2009,68,71,77,80,45,30
1426,02/07/2009,68,80,45,01,71,77
1427,03/07/2009,[45],80,68,01,[77],21
1428,04/07/2009,82,80,68,77,01,42
1429,05/07/2009,77,40,[80],86,01,62
1430,07/07/2009,40,01,77,[68],71,86
1431,11/07/2009,71,42,77,86,01,34
1432,14/07/2009,01,77,10,34,66,71
1433,16/07/2009,01,71,42,30,40,34
1434,18/07/2009,30,[34],10,01,09,71
1435,21/07/2009,42,01,77,71,81,86
1436,23/07/2009,71,01,30,46,81,86
1437,25/07/2009,86,01,77,71,42,[88]
1438,28/07/2009,71,42,86,66,10,81
1439,30/07/2009,71,42,30,10,26,46
1440,01/08/2009,[71],42,46,10,77,40
1441,08/08/2009,42,[77],40,86,38,46
1442,09/08/2009,77,42,01,46,40,85
1443,10/08/2009,77,42,40,46,57,30
1444,13/08/2009,46,77,10,42,30,70
1445,17/08/2009,[10],42,46,01,77,30
1446,18/08/2009,01,85,46,42,[77],40
1447,20/08/2009,77,46,01,42,85,40
1448,22/08/2009,77,42,01,46,[88],30
1449,25/08/2009,77,01,42,46,40,30
1450,27/08/2009,71,42,77,46,88,85
1451,29/08/2009,77,85,42,46,30,01
1452,04/09/2009,85,77,01,42,46,18
1453,05/09/2009,77,42,85,46,18,64
1454,06/09/2009,[85],77,42,46,64,18
1455,07/09/2009,77,46,42,18,01,70
1456,12/09/2009,77,42,46,88,40,18
1457,15/09/2009,77,42,46,59,81,[88]
1458,17/09/2009,81,42,46,59,64,77
1459,19/09/2009,42,59,64,46,77,88
1460,22/09/2009,77,42,46,64,59,[40]
1461,24/09/2009,42,46,77,59,70,73
1462,26/09/2009,42,46,77,59,[70],78
1463,29/09/2009,42,46,59,18,54,77
1464,01/10/2009,42,46,77,59,64,18
1465,02/10/2009,42,46,59,64,[18],77
1466,03/10/2009,42,46,59,64,77,[88]
1467,09/10/2009,46,42,59,64,[77],88
1468,10/10/2009,42,46,64,88,59,70
1469,11/10/2009,42,46,88,64,[59],70
1470,12/10/2009,46,42,88,64,66,71
1471,13/10/2009,42,46,64,88,70,[82]
1472,15/10/2009,42,46,88,64,66,77
1473,17/10/2009,70,42,46,82,64,01
1474,20/10/2009,42,46,64,01,70,[77]
1475,22/10/2009,42,82,46,77,01,88
1476,24/10/2009,77,42,46,82,40,01
1477,27/10/2009,70,42,46,40,71,01
1478,29/10/2009,77,[42],01,46,88,71
1479,31/10/2009,01,66,46,71,77,70
1480,04/11/2009,01,77,88,66,46,71
1481,06/11/2009,01,77,70,46,88,71
1482,07/11/2009,01,77,71,46,88,86
1483,08/11/2009,01,46,71,88,66,31
1484,14/11/2009,01,77,88,71,46,81
1485,17/11/2009,01,77,88,46,70,71
1486,19/11/2009,[01],77,46,71,29,[57]
1487,21/11/2009,34,71,77,70,29,01
1488,24/11/2009,77,66,[71],29,70,34
1489,26/11/2009,88,40,[77],66,29,82
1490,28/11/2009,66,40,88,77,34,41
1491,02/12/2009,77,88,01,40,81,66
1492,03/12/2009,77,66,40,63,88,34
1493,05/12/2009,77,40,66,88,29,53
1494,09/12/2009,77,88,82,40,46,59
1495,11/12/2009,77,46,40,[66],70,[88]
1496,12/12/2009,[77],46,81,82,01,[40]
1497,15/12/2009,46,77,88,[53],[01],82
1498,17/12/2009,77,46,75,68,12,79
1499,19/12/2009,77,46,68,75,40,72
1500,22/12/2009,77,68,46,72,14,12
1501,24/12/2009,77,46,12,68,09,07
1502,28/12/2009,46,77,01,75,12,68
1503,29/12/2009,77,81,46,01,07,14
1504,31/12/2009,46,88,77,12,68,75
1505,04/01/2010,46,68,75,12,77,07
1506,06/01/2010,77,[46],01,68,58,88
1507,07/01/2010,[77],68,61,70,[01],12
1508,14/01/2010,[77],01,12,68,[74],70
1509,16/01/2010,77,07,01,12,20,68
1510,19/01/2010,01,68,77,07,12,81
1511,21/01/2010,77,01,12,[68],47,72
1512,23/01/2010,01,[81],77,07,12,20
1513,26/01/2010,77,88,07,72,01,58
1514,28/01/2010,77,58,07,20,01,44
1515,30/01/2010,58,77,88,07,12,40
1516,01/02/2010,77,07,12,44,58,88
1517,02/02/2010,77,07,58,44,[88],12
1518,03/02/2010,77,01,07,12,82,88
1519,09/02/2010,77,01,07,82,[88],[40]
1520,10/02/2010,77,12,01,82,07,40
1521,11/02/2010,07,12,40,77,62,76
1522,12/02/2010,07,12,40,58,62,77
1523,13/02/2010,07,12,77,88,20,58
1524,16/02/2010,07,77,62,12,44,58
1525,18/02/2010,[07],62,01,88,20,[58]
1526,20/02/2010,88,62,01,77,82,40
1527,23/02/2010,[62],01,88,60,77,28
1528,25/02/2010,88,[01],77,20,72,28
1529,27/02/2010,88,77,20,01,54,72
1530,04/03/2010,88,86,77,01,72,82
1531,05/03/2010,88,01,72,[82],77,70
1532,06/03/2010,72,01,20,86,[62],54
1533,07/03/2010,72,20,54,88,01,76
1534,08/03/2010,01,20,72,54,43,29
1535,13/03/2010,88,20,54,72,01,55
1536,16/03/2010,54,76,20,72,01,62
1537,18/03/2010,72,01,20,54,40,76
1538,20/03/2010,72,01,20,28,54,76
1539,23/03/2010,28,72,76,[20],40,01
1540,25/03/2010,28,76,90,42,60,72
1541,27/03/2010,28,60,76,42,87,72
1542,30/03/2010,76,87,42,28,60,72
1543,02/04/2010,76,72,88,[49],47,42
1544,03/04/2010,76,28,60,72,[87],78
1545,05/04/2010,76,72,28,60,22,40
1546,09/04/2010,76,60,88,42,28,72
1547,11/04/2010,76,60,72,42,28,77
1548,12/04/2010,72,[42],28,60,76,62
1549,13/04/2010,76,28,60,41,72,47
1550,15/04/2010,76,01,28,60,72,88
1551,17/04/2010,[76],60,47,28,72,04
1552,20/04/2010,28,60,[41],72,01,09
1553,22/04/2010,72,73,28,03,60,81
1554,24/04/2010,72,28,90,73,60,49
1555,27/04/2010,[28],60,72,88,90,49
1556,29/04/2010,60,32,72,81,78,[49]
1557,01/05/2010,72,60,32,81,73,78
1558,06/05/2010,72,32,60,78,49,73
1559,08/05/2010,72,81,73,32,60,78
1560,10/05/2010,72,81,60,90,01,54
1561,13/05/2010,72,81,73,60,03,49
1562,15/05/2010,72,81,03,60,86,[78]
1563,18/05/2010,81,72,01,03,73,60
1564,20/05/2010,72,81,73,60,03,01
1565,22/05/2010,73,72,81,60,01,47
1566,25/05/2010,72,81,[60],67,01,[73]
1567,27/05/2010,81,[72],03,88,86,63
1568,29/05/2010,81,03,88,90,86,35
1569,02/06/2010,81,03,[88],35,63,02
1570,03/06/2010,03,81,12,77,86,[35]
1571,04/06/2010,81,77,03,12,90,86
1572,05/06/2010,81,77,01,03,49,88
1573,07/06/2010,81,01,03,77,[88],18
1574,11/06/2010,77,03,81,01,06,18
1575,15/06/2010,03,81,77,18,01,38
1576,17/06/2010,03,81,01,77,38,[86]
1577,19/06/2010,[03],81,77,01,27,88
1578,22/06/2010,81,63,77,45,34,12
1579,24/06/2010,81,77,63,88,[12],[18]
1580,26/06/2010,81,88,86,63,77,01
1581,29/06/2010,81,77,86,27,58,63
1582,01/07/2010,81,58,86,63,[77],27
1583,08/07/2010,86,63,81,77,05,27
1584,09/07/2010,81,58,63,05,01,86
1585,10/07/2010,01,81,88,05,40,86
1586,12/07/2010,81,01,88,05,86,63
1587,13/07/2010,81,01,05,88,86,63
1588,15/07/2010,81,01,86,63,[05],58
1589,17/07/2010,81,[01],49,23,58,63
1590,20/07/2010,88,81,01,63,82,85
1591,22/07/2010,81,88,01,09,63,82
1592,24/07/2010,01,81,58,[82],88,09
1593,27/07/2010,81,58,[88],01,[86],09
1594,29/07/2010,58,81,63,09,01,36
1595,31/07/2010,81,63,01,09,70,36
1596,04/08/2010,01,81,63,19,09,60
1597,05/08/2010,09,81,01,63,19,58
1598,06/08/2010,81,60,09,01,62,[86]
1599,07/08/2010,81,63,58,09,01,88
1600,14/08/2010,81,42,01,90,[86],58
1601,17/08/2010,01,58,49,81,42,[90]
1602,19/08/2010,01,86,90,81,58,42
1603,21/08/2010,81,86,42,88,01,49
1604,24/08/2010,63,01,49,86,81,19
1605,26/08/2010,01,81,49,60,63,86
1606,28/08/2010,86,01,49,81,90,42
1607,31/08/2010,01,70,81,86,88,42
1608,01/09/2010,88,86,42,81,[01],39
1609,02/09/2010,58,81,86,90,01,42
1610,03/09/2010,81,86,42,[90],01,58
1611,09/09/2010,81,01,88,45,[86],70
1612,10/09/2010,81,45,88,60,01,86
1613,11/09/2010,01,81,90,58,88,[62]
1614,12/09/2010,86,58,81,[90],01,76
1615,14/09/2010,81,58,01,86,88,69
1616,16/09/2010,01,86,81,[88],58,39
1617,18/09/2010,81,58,01,86,88,45
1618,21/09/2010,01,88,58,81,90,45
1619,23/09/2010,58,[90],81,01,49,73
1620,25/09/2010,01,81,[58],49,88,69
1621,28/09/2010,49,90,01,88,81,86
1622,30/09/2010,86,90,88,01,73,49
1623,04/10/2010,90,81,88,01,39,70
1624,06/10/2010,81,90,69,02,39,73
1625,07/10/2010,81,[86],01,70,76,90
1626,08/10/2010,81,73,90,88,[01],48
1627,14/10/2010,01,81,73,90,88,39
1628,16/10/2010,01,68,81,76,90,85
1629,19/10/2010,86,01,68,90,66,76
1630,21/10/2010,01,73,81,86,70,39
1631,23/10/2010,01,73,81,39,86,90
1632,26/10/2010,73,88,90,81,02,76
1633,28/10/2010,01,02,39,73,81,68
1634,30/10/2010,88,81,01,73,49,85
1635,02/11/2010,[73],81,88,01,02,39
1636,03/11/2010,76,01,88,81,85,54
1637,05/11/2010,76,[81],01,88,86,32
1638,09/11/2010,01,76,88,49,43,32
1639,11/11/2010,01,76,43,[49],27,88
1640,12/11/2010,01,02,76,27,90,43
1641,13/11/2010,01,76,90,43,49,32
1642,16/11/2010,01,[76],88,43,49,85
1643,18/11/2010,01,88,90,62,59,[32]
1644,20/11/2010,90,01,32,88,59,49
1645,23/11/2010,90,01,32,88,49,62
1646,25/11/2010,88,[90],01,49,62,54
1647,27/11/2010,88,01,[43],32,59,62
1648,30/11/2010,88,86,59,82,42,01
1649,01/12/2010,88,01,54,85,70,44
1650,06/12/2010,[62],37,32,01,88,60
1651,08/12/2010,60,32,18,37,88,01
1652,10/12/2010,32,37,44,88,01,[18]
1653,14/12/2010,37,44,01,32,22,88
1654,16/12/2010,60,32,37,88,22,01
1655,18/12/2010,88,60,22,01,32,37
1656,21/12/2010,88,32,37,85,01,41
1657,23/12/2010,88,85,86,32,54,01
1658,27/12/2010,88,85,01,86,37,19
1659,28/12/2010,88,[01],11,49,37,42
1660,30/12/2010,49,01,37,60,19,32
1661,02/01/2011,32,49,19,54,88,37
1662,03/01/2011,49,60,37,79,01,88
1663,09/01/2011,37,01,11,90,04,60
1664,10/01/2011,37,32,01,11,79,88
1665,12/01/2011,60,37,32,11,[54],19
1666,13/01/2011,24,60,37,32,01,11
1667,15/01/2011,60,24,[37],01,88,32
1668,18/01/2011,88,60,32,11,24,[90]
1669,20/01/2011,[88],32,90,60,86,85
1670,22/01/2011,90,32,60,04,11,[86]
1671,25/01/2011,90,88,32,04,11,24
1672,27/01/2011,[01],32,90,60,84,54
1673,29/01/2011,60,80,24,82,01,32
1674,04/02/2011,90,88,01,04,[85],60
1675,07/02/2011,01,04,60,32,54,53
1676,08/02/2011,[01],60,54,85,25,88
1677,11/02/2011,24,01,[90],60,25,04
1678,15/02/2011,24,60,90,54,01,86
1679,17/02/2011,88,60,90,01,32,24
1680,19/02/2011,01,88,86,90,24,60
1681,22/02/2011,88,90,01,60,86,32
1682,24/02/2011,60,01,88,24,32,45
1683,26/02/2011,01,60,24,28,88,[32]
1684,01/03/2011,01,60,45,90,28,54
1685,02/03/2011,01,32,60,24,88,09
1686,03/03/2011,32,45,01,60,90,05
1687,05/03/2011,45,[54],32,24,28,60
1688,06/03/2011,01,45,88,90,32,[24]
1689,09/03/2011,01,04,45,54,[05],32
1690,11/03/2011,54,04,90,01,05,45
1691,12/03/2011,01,60,28,86,45,85
1692,15/03/2011,90,60,01,66,28,45
1693,18/03/2011,90,88,01,45,86,54
1694,19/03/2011,90,88,01,66,05,70
1695,22/03/2011,66,90,88,01,86,60
1696,24/03/2011,90,01,[88],66,60,45
1697,26/03/2011,90,01,60,33,66,[70]
1698,29/03/2011,60,[66],90,28,88,01
1699,31/03/2011,90,60,86,01,45,73
1700,01/04/2011,60,90,28,45,[01],[31]
1701,06/04/2011,60,90,32,45,62,01
1702,08/04/2011,01,60,[90],28,22,54
1703,10/04/2011,60,[01],71,88,85,[73]
1704,14/04/2011,86,60,28,49,88,[71]
1705,16/04/2011,60,28,88,[49],87,04
1706,19/04/2011,54,60,49,90,01,87
1707,21/04/2011,49,87,60,28,85,54
1708,23/04/2011,60,49,28,[54],33,85
1709,26/04/2011,60,28,85,49,86,22
1710,28/04/2011,49,85,60,09,28,01
1711,30/04/2011,60,28,49,54,33,45
1712,02/05/2011,60,85,28,49,[32],33
1713,03/05/2011,60,88,01,28,49,22
1714,04/05/2011,60,01,28,87,49,45
1715,05/05/2011,60,28,87,[33],88,49
1716,07/05/2011,60,87,61,49,32,45
1717,11/05/2011,60,28,[59],87,61,01
1718,14/05/2011,60,28,49,87,77,61
1719,17/05/2011,60,61,77,[28],87,49
1720,19/05/2011,60,76,49,87,86,61
1721,21/05/2011,87,60,49,77,61,76
1722,24/05/2011,60,49,[87],76,55,01
1723,26/05/2011,49,[54],60,55,76,86
1724,28/05/2011,60,61,77,04,09,32
1725,31/05/2011,60,77,04,[01],45,32
1726,08/06/2011,60,77,01,76,04,[90]
1727,09/06/2011,[60],76,27,01,45,32
1728,10/06/2011,77,42,86,76,27,32
1729,12/06/2011,27,[01],32,49,86,77
1730,14/06/2011,01,27,76,[49],53,77
1731,16/06/2011,85,27,54,01,76,19
1732,18/06/2011,76,85,27,55,90,77
1733,21/06/2011,90,49,55,32,27,[41]
1734,23/06/2011,90,76,61,49,32,01
1735,25/06/2011,77,61,90,01,49,32
1736,28/06/2011,90,49,77,32,55,54
1737,30/06/2011,90,77,85,61,01,55
1738,01/07/2011,90,01,55,61,77,85
1739,04/07/2011,77,73,01,90,49,70
1740,05/07/2011,90,55,77,01,87,88
1741,06/07/2011,01,55,[90],77,49,32
1742,07/07/2011,55,77,90,[01],69,73
1743,14/07/2011,01,77,85,55,61,86
1744,16/07/2011,90,01,54,55,77,32
1745,19/07/2011,01,85,77,13,[90],14
1746,21/07/2011,85,01,55,77,90,54
1747,23/07/2011,01,54,90,[77],85,55
1748,26/07/2011,90,73,54,85,61,55
1749,28/07/2011,85,01,54,90,49,55
1750,30/07/2011,01,61,90,55,85,79
1751,01/08/2011,90,54,01,05,30,[73]
1752,02/08/2011,90,01,[55],79,49,85
1753,03/08/2011,90,54,55,76,49,21
1754,09/08/2011,90,54,49,35,55,01
1755,10/08/2011,90,49,39,64,[01],54
1756,11/08/2011,90,54,55,01,21,79
1757,13/08/2011,90,01,54,72,21,55
1758,16/08/2011,90,49,39,64,01,82
1759,18/08/2011,90,82,01,21,55,39
1760,20/08/2011,90,39,72,64,30,01
1761,23/08/2011,90,01,82,79,39,64
1762,25/08/2011,82,01,[90],55,[39],64
1763,27/08/2011,90,54,85,82,79,01
1764,30/08/2011,90,72,54,80,79,01
1765,04/09/2011,90,72,85,54,64,01
1766,06/09/2011,43,85,90,54,55,72
1767,07/09/2011,90,74,82,60,85,01
1768,08/09/2011,90,85,64,21,78,54
1769,12/09/2011,90,74,64,72,88,85
1770,13/09/2011,72,90,55,20,78,62
1771,15/09/2011,90,72,54,85,55,01
1772,17/09/2011,90,01,[45],85,74,82
1773,20/09/2011,90,45,74,08,62,78
1774,22/09/2011,90,[45],85,08,24,40
1775,24/09/2011,59,55,90,80,15,85
1776,27/09/2011,45,59,90,40,74,65
1777,29/09/2011,[45],90,59,49,08,78
1778,02/10/2011,24,90,45,08,59,15
1779,03/10/2011,59,90,85,45,78,24
1780,05/10/2011,24,45,59,16,90,[35]
1781,09/10/2011,45,62,24,59,90,58
1782,11/10/2011,62,59,45,16,15,40
1783,12/10/2011,62,59,16,88,46,40
1784,13/10/2011,90,40,15,16,62,35
1785,15/10/2011,45,88,62,[85],15,35
1786,18/10/2011,62,90,45,59,[01],03
1787,20/10/2011,62,90,59,45,[88],78
1788,22/10/2011,45,62,16,59,81,55
1789,25/10/2011,62,78,45,82,59,90
1790,27/10/2011,62,78,45,16,03,59
1791,29/10/2011,62,[16],59,55,78,76
1792,01/11/2011,62,03,59,49,90,45
1793,06/11/2011,62,03,25,59,90,[55]
1794,08/11/2011,62,59,90,46,03,49
1795,10/11/2011,62,[90],03,59,80,49
1796,15/11/2011,85,59,[45],[62],90,87
1797,17/11/2011,45,03,65,59,[25],46
1798,19/11/2011,65,85,38,59,41,45
1799,22/11/2011,65,80,59,79,41,03
1800,24/11/2011,78,65,85,80,59,41
1801,26/11/2011,45,80,66,65,59,41
1802,29/11/2011,45,46,59,41,05,35
1803,02/12/2011,65,66,59,45,41,20
1804,03/12/2011,66,65,90,59,76,05
1805,04/12/2011,66,59,41,20,65,85
1806,05/12/2011,59,65,20,66,[85],05
1807,07/12/2011,59,05,65,66,62,20
1808,11/12/2011,59,45,05,80,35,87
1809,13/12/2011,05,65,66,[10],59,[85]
1810,15/12/2011,90,[55],66,65,59,87
1811,17/12/2011,66,05,80,59,87,65
1812,20/12/2011,66,80,05,85,59,90
1813,22/12/2011,80,49,66,[90],59,45
1814,24/12/2011,66,80,59,49,05,65
1815,27/12/2011,05,49,66,80,59,90
1816,29/12/2011,05,49,66,90,80,45
1817,31/12/2011,80,66,55,01,49,65
1818,03/01/2012,05,66,59,80,01,90
1819,09/01/2012,80,49,90,59,05,66
1820,12/01/2012,80,90,66,65,59,32
1821,14/01/2012,80,90,45,66,65,59
1822,17/01/2012,80,66,59,05,49,76
1823,19/01/2012,[90],80,66,59,55,45
1824,21/01/2012,[80],66,05,59,45,65
1825,24/01/2012,05,66,59,45,49,65
1826,26/01/2012,05,59,76,66,89,01
1827,28/01/2012,05,66,41,59,45,90
1828,31/01/2012,05,59,65,66,90,45
1829,02/02/2012,05,66,65,59,90,45
1830,05/02/2012,66,59,90,65,88,05
1831,08/02/2012,[66],59,90,88,05,49
1832,10/02/2012,59,90,65,76,55,09
1833,14/02/2012,59,05,65,90,55,87
1834,16/02/2012,59,90,65,82,[05],55
1835,18/02/2012,59,65,82,76,48,54
1836,21/02/2012,59,55,65,01,85,48
1837,23/02/2012,59,09,65,01,45,34
1838,25/02/2012,59,65,48,01,34,90
1839,28/02/2012,59,65,86,[34],49,54
1840,01/03/2012,59,65,82,01,80,[54]
1841,03/03/2012,65,59,90,80,86,09
1842,04/03/2012,59,65,90,85,41,01
1843,05/03/2012,65,59,41,82,90,80
1844,07/03/2012,59,65,82,87,88,41
1845,11/03/2012,65,59,82,90,63,55
1846,13/03/2012,59,65,82,63,55,48
1847,15/03/2012,59,82,65,48,55,80
1848,17/03/2012,82,59,55,65,18,49
1849,20/03/2012,[65],82,59,80,48,76
1850,22/03/2012,82,59,70,90,[55],74
1851,24/03/2012,70,82,59,55,90,10
1852,27/03/2012,82,59,70,01,10,48
1853,29/03/2012,82,70,59,90,74,55
1854,31/03/2012,70,59,82,48,10,18
1855,02/04/2012,59,90,70,[82],10,48
1856,06/04/2012,48,59,70,90,18,21
1857,08/04/2012,59,90,48,70,18,[74]
1858,09/04/2012,59,10,48,70,90,87
1859,10/04/2012,90,59,70,48,18,84
1860,12/04/2012,59,48,70,90,21,07
1861,14/04/2012,59,87,70,48,10,90
1862,17/04/2012,59,48,70,10,74,14
1863,19/04/2012,59,70,48,10,90,55
1864,21/04/2012,59,48,70,07,87,10
1865,24/04/2012,59,87,48,70,07,18
1866,26/04/2012,59,74,07,70,48,21
1867,28/04/2012,70,90,[59],48,62,87
1868,01/05/2012,90,70,87,03,55,72
1869,04/05/2012,90,70,55,21,03,18
1870,05/05/2012,90,70,18,48,55,21
1871,06/05/2012,90,70,18,48,56,03
1872,07/05/2012,90,56,70,55,18,48
1873,11/05/2012,90,18,56,70,55,48
1874,15/05/2012,[56],70,90,87,74,12
1875,17/05/2012,70,56,11,48,90,55
1876,19/05/2012,90,70,03,18,55,56
1877,22/05/2012,90,70,03,55,56,32
1878,24/05/2012,[90],[32],70,03,55,[56]
1879,26/05/2012,70,[55],[03],72,18,56
1880,29/05/2012,72,70,56,12,74,48
1881,31/05/2012,56,[72],48,70,18,21
1882,03/06/2012,70,52,01,18,78,04
1883,09/06/2012,01,12,21,70,80,48
1884,10/06/2012,[56],01,12,48,70,18
1885,11/06/2012,70,11,12,56,87,75
1886,12/06/2012,75,12,87,48,[70],11
1887,14/06/2012,80,48,88,56,11,12
1888,16/06/2012,88,48,56,04,12,80
1889,19/06/2012,80,04,88,48,56,11
1890,21/06/2012,88,80,01,04,[48],56
1891,23/06/2012,80,04,88,[02],56,87
1892,26/06/2012,[88],80,90,85,04,63
1893,28/06/2012,[80],87,04,08,53,56
1894,30/06/2012,56,55,90,06,53,79
1895,01/07/2012,06,56,75,53,39,01
1896,02/07/2012,55,56,90,50,01,04
1897,04/07/2012,56,75,06,39,01,04
1898,06/07/2012,87,55,86,56,[75],06
1899,07/07/2012,55,56,75,01,08,87
1900,08/07/2012,56,75,39,55,87,[50]
1901,14/07/2012,87,61,04,08,56,[75]
1902,17/07/2012,04,75,06,36,[08],[35]
1903,19/07/2012,87,56,75,01,06,04
1904,21/07/2012,56,90,75,01,55,04
1905,24/07/2012,39,75,87,[55],57,90
1906,26/07/2012,57,55,90,01,75,39
1907,28/07/2012,55,57,75,62,90,39
1908,31/07/2012,55,57,56,04,19,23
1909,03/08/2012,90,55,04,87,19,57
1910,05/08/2012,[19],90,43,80,77,55
1911,09/08/2012,10,75,87,55,77,57
1912,11/08/2012,55,77,04,90,10,33
1913,14/08/2012,55,04,77,88,83,90
1914,16/08/2012,55,77,90,04,87,75
1915,18/08/2012,77,55,90,04,01,56
1916,21/08/2012,55,75,77,57,90,10
1917,23/08/2012,55,90,77,66,75,04
1918,25/08/2012,[66],77,10,87,55,04
1919,28/08/2012,55,04,77,10,87,33
1920,30/08/2012,55,87,77,33,82,10
1921,02/09/2012,77,14,10,74,87,55
1922,06/09/2012,77,55,10,12,38,39
1923,08/09/2012,77,86,33,90,55,10
1924,10/09/2012,77,55,10,75,04,86
1925,13/09/2012,[77],55,04,10,80,75
1926,15/09/2012,55,77,39,33,82,80
1927,18/09/2012,77,55,75,[10],76,87
1928,20/09/2012,55,77,01,[75],39,33
1929,22/09/2012,55,[01],90,04,77,38
1930,25/09/2012,55,75,04,38,39,90
1931,27/09/2012,55,90,75,04,82,60
1932,29/09/2012,55,[90],82,77,63,75
1933,01/10/2012,77,55,82,60,48,75
1934,03/10/2012,55,77,16,75,82,63
1935,04/10/2012,55,77,90,39,75,63
1936,05/10/2012,55,75,77,82,63,90
1937,07/10/2012,63,48,55,88,57,56
1938,11/10/2012,77,55,63,85,04,56
1939,12/10/2012,55,75,63,48,80,04
1940,13/10/2012,82,55,77,63,28,01
1941,16/10/2012,63,77,48,55,78,04
1942,18/10/2012,77,55,04,63,28,75
1943,20/10/2012,75,55,48,63,[28],77
1944,23/10/2012,55,63,77,27,04,57
1945,25/10/2012,55,63,48,85,01,[77]
1946,27/10/2012,55,63,[75],48,38,04
1947,30/10/2012,55,77,04,63,01,48
1948,02/11/2012,55,77,90,63,75,38
1949,08/11/2012,55,77,[04],63,59,57
1950,09/11/2012,63,59,87,55,82,01
1951,10/11/2012,85,63,57,55,59,82
1952,12/11/2012,63,55,59,57,77,74
1953,13/11/2012,55,63,[57],87,59,74
1954,15/11/2012,55,87,01,77,63,[74]
1955,17/11/2012,87,55,[77],63,59,88
1956,20/11/2012,55,63,87,59,82,88
1957,22/11/2012,55,63,[59],73,87,[77]
1958,24/11/2012,55,[63],82,87,85,77
1959,27/11/2012,77,55,[82],87,37,18
1960,29/11/2012,55,90,87,77,75,[01]
1961,01/12/2012,87,55,77,[73],85,90
1962,04/12/2012,55,87,77,75,86,72
1963,05/12/2012,77,55,87,90,75,01
1964,06/12/2012,55,87,[77],82,72,90
1965,07/12/2012,87,55,82,72,83,90
1966,13/12/2012,87,77,55,90,72,75
1967,15/12/2012,55,87,90,72,18,77
1968,18/12/2012,55,[87],72,18,77,[62]
1969,20/12/2012,55,37,72,90,76,77
1970,22/12/2012,55,37,72,76,77,21
1971,24/12/2012,55,77,90,18,79,[37]
1972,27/12/2012,90,55,77,01,[57],88
1973,29/12/2012,55,90,77,72,01,88
1974,06/01/2013,77,55,01,90,75,88
1975,08/01/2013,55,77,78,72,01,90
1976,10/01/2013,77,55,01,90,76,18
1977,15/01/2013,55,72,18,77,90,01
1978,17/01/2013,77,55,72,90,76,14
1979,19/01/2013,55,77,[01],90,76,72
1980,22/01/2013,55,77,18,90,63,[08]
1981,24/01/2013,55,72,90,76,77,18
1982,26/01/2013,55,90,72,76,18,68
1983,29/01/2013,55,88,[18],90,76,72
1984,31/01/2013,55,90,77,01,68,72
1985,01/02/2013,72,55,77,85,90,82
1986,02/02/2013,84,68,55,72,77,34
1987,03/02/2013,68,55,76,77,90,[82]
1988,04/02/2013,68,72,55,77,[85],76
1989,05/02/2013,76,72,77,85,55,[75]
1990,07/02/2013,77,76,80,85,55,72
1991,11/02/2013,07,55,76,77,72,49
1992,14/02/2013,55,[76],77,84,07,72
1993,16/02/2013,72,85,55,68,77,83
1994,19/02/2013,[55],85,68,07,14,72
1995,21/02/2013,68,72,90,14,01,07
1996,23/02/2013,36,90,68,72,74,85
1997,26/02/2013,85,14,75,[90],52,86
1998,28/02/2013,85,75,07,06,14,12
1999,01/03/2013,85,68,72,07,75,36
2000,08/03/2013,90,[85],12,07,53,55
2001,09/03/2013,72,[07],[90],12,36,46
2002,10/03/2013,72,05,12,86,36,68
2003,12/03/2013,05,36,72,[12],02,68
2004,14/03/2013,05,72,01,12,[85],36
2005,16/03/2013,01,05,12,06,25,75
2006,19/03/2013,68,05,12,72,46,01
2007,21/03/2013,68,72,75,85,05,12
2008,23/03/2013,72,36,12,68,05,90
2009,26/03/2013,90,36,05,85,12,68
2010,28/03/2013,85,36,05,[12],90,[68]
2011,30/03/2013,36,[90],72,85,88,05
2012,04/04/2013,12,13,36,05,85,72
2013,05/04/2013,72,12,36,05,[63],90
2014,06/04/2013,72,36,05,85,90,52
2015,07/04/2013,90,36,72,05,85,13
2016,13/04/2013,05,36,85,12,72,90
2017,16/04/2013,05,90,[36],02,72,85
2018,18/04/2013,72,05,28,90,02,13
2019,20/04/2013,90,72,85,28,12,02
2020,23/04/2013,90,52,72,28,05,79
2021,27/04/2013,90,79,05,28,12,38
2022,29/04/2013,90,79,38,72,05,28
2023,30/04/2013,72,90,[05],28,79,01
2024,01/05/2013,72,12,90,79,28,01
2025,02/05/2013,12,90,01,28,72,79
2026,03/05/2013,79,90,78,72,01,28
2027,09/05/2013,28,90,72,79,08,78
2028,10/05/2013,72,79,78,01,28,90
2029,11/05/2013,90,62,82,72,79,28
2030,12/05/2013,72,90,01,79,[28],44
2031,14/05/2013,72,79,60,90,[85],01
2032,16/05/2013,90,72,52,79,01,12
2033,18/05/2013,90,55,72,79,60,75
2034,21/05/2013,72,55,79,44,60,75
2035,23/05/2013,72,90,55,60,44,79
2036,25/05/2013,72,[55],79,60,90,18
2037,28/05/2013,72,18,60,79,01,52
2038,30/05/2013,[79],18,60,72,52,44
2039,04/06/2013,18,72,50,60,01,85
2040,06/06/2013,72,18,60,25,85,01
2041,07/06/2013,72,18,60,44,01,90
2042,08/06/2013,18,60,72,44,63,01
2043,13/06/2013,72,[01],18,60,90,34
2044,15/06/2013,60,18,72,88,25,51
2045,18/06/2013,60,90,27,72,18,44
2046,20/06/2013,72,18,60,25,01,90
2047,22/06/2013,72,18,60,85,34,90
2048,25/06/2013,18,44,60,72,51,27
2049,27/06/2013,18,60,51,85,90,72
2050,29/06/2013,72,18,60,51,35,90
2051,02/07/2013,72,18,60,90,51,58
2052,03/07/2013,72,18,60,90,85,06
2053,05/07/2013,85,72,18,60,44,90
2054,09/07/2013,44,88,90,18,60,01
2055,11/07/2013,90,44,51,18,60,85
2056,12/07/2013,90,44,18,60,85,77
2057,13/07/2013,90,60,18,44,77,85
2058,16/07/2013,90,60,18,44,75,51
2059,18/07/2013,90,18,60,51,44,52
2060,20/07/2013,90,44,18,60,01,32
2061,23/07/2013,90,18,60,44,01,62
2062,25/07/2013,90,18,51,60,44,01
2063,27/07/2013,90,18,60,44,35,52
2064,30/07/2013,90,18,60,44,07,52
2065,01/08/2013,60,90,18,44,07,01
2066,06/08/2013,18,90,60,44,85,01
2067,08/08/2013,90,35,32,18,60,44
2068,10/08/2013,90,75,18,44,[60],85
2069,13/08/2013,90,35,32,51,18,44
2070,17/08/2013,90,52,18,30,44,32
2071,19/08/2013,90,18,52,32,44,30
2072,20/08/2013,90,18,44,[58],01,52
2073,22/08/2013,18,90,07,44,52,32
2074,24/08/2013,18,90,44,07,52,78
2075,27/08/2013,90,[44],07,18,01,88
2076,29/08/2013,90,01,07,18,52,85
2077,31/08/2013,07,90,01,18,09,75
2078,02/09/2013,90,07,18,[51],45,01
2079,03/09/2013,90,18,01,07,75,70
2080,04/09/2013,18,90,07,01,75,11
2081,05/09/2013,90,18,07,75,86,80
2082,07/09/2013,90,18,01,07,75,62
2083,11/09/2013,18,90,62,07,70,01
2084,14/09/2013,18,90,70,07,75,01
2085,17/09/2013,18,[90],80,07,86,28
2086,19/09/2013,18,[86],01,69,07,67
2087,21/09/2013,01,18,70,16,07,[81]
2088,24/09/2013,18,[01],88,08,07,70
2089,26/09/2013,01,18,07,08,88,62
2090,28/09/2013,01,07,18,88,84,70
2091,01/10/2013,[01],18,75,88,07,62
2092,08/10/2013,01,18,75,07,88,32
2093,09/10/2013,18,01,07,[88],32,80
2094,10/10/2013,01,18,[07],09,75,28
2095,12/10/2013,18,01,09,23,75,70
2096,15/10/2013,01,18,70,23,75,09
2097,17/10/2013,01,[18],09,67,[81],23
2098,19/10/2013,01,08,09,75,67,23
2099,22/10/2013,01,90,09,75,81,08
2100,24/10/2013,[01],75,81,70,85,90
2101,26/10/2013,67,01,75,09,81,23
2102,29/10/2013,01,81,70,09,75,08
2103,31/10/2013,[46],01,[37],09,62,08
2104,04/11/2013,[01],31,77,09,08,29
2105,05/11/2013,01,31,74,08,09,77
2106,06/11/2013,01,31,08,09,77,75
2107,07/11/2013,01,09,31,77,29,08
2108,14/11/2013,01,77,[75],08,62,16
2109,16/11/2013,01,09,75,08,62,70
2110,19/11/2013,01,90,09,75,08,31
2111,21/11/2013,77,01,62,09,08,75
2112,23/11/2013,01,70,08,81,55,09
2113,26/11/2013,01,70,77,62,09,[75]
2114,28/11/2013,01,09,75,77,80,08
2115,30/11/2013,01,85,08,09,74,77
2116,01/12/2013,01,78,77,85,08,57
2117,02/12/2013,01,32,77,74,85,29
2118,03/12/2013,32,74,85,01,[77],08
2119,09/12/2013,01,85,32,29,70,74
2120,10/12/2013,[85],01,32,08,70,74
2121,11/12/2013,01,74,70,75,67,08
2122,12/12/2013,01,75,74,62,08,29
2123,14/12/2013,01,75,20,67,62,70
2124,17/12/2013,01,90,74,75,88,70
2125,19/12/2013,01,88,62,[82],75,86
2126,21/12/2013,01,08,88,90,74,75
2127,23/12/2013,01,90,88,74,81,29
2128,24/12/2013,01,[74],75,90,62,20
2129,28/12/2013,01,75,62,80,90,[70]
2130,31/12/2013,01,75,88,29,90,[62]
2131,02/01/2014,01,75,29,90,88,38
2132,03/01/2014,01,75,88,[08],29,39
2133,04/01/2014,01,75,29,88,70,[90]
2134,07/01/2014,01,75,68,88,29,10
2135,14/01/2014,01,75,88,29,70,90
2136,16/01/2014,01,75,88,29,58,68
2137,18/01/2014,88,01,29,75,90,68
2138,21/01/2014,01,88,29,68,39,85
2139,23/01/2014,01,29,68,75,50,88
2140,25/01/2014,[88],29,70,50,75,01
2141,28/01/2014,[29],01,70,10,68,50
2142,30/01/2014,01,50,68,75,70,24
2143,01/02/2014,01,50,68,24,62,39
2144,08/02/2014,01,68,50,85,39,75
2145,09/02/2014,01,68,50,75,39,81
2146,10/02/2014,01,68,[50],39,84,10
2147,12/02/2014,01,75,85,39,41,68
2148,13/02/2014,01,70,[75],68,85,90
2149,15/02/2014,01,90,68,85,86,80
2150,18/02/2014,01,90,85,68,10,86
2151,20/02/2014,01,[63],68,24,39,86
2152,22/02/2014,01,39,68,85,84,10
2153,25/02/2014,01,62,68,10,85,24
2154,27/02/2014,01,[68],10,85,24,84
2155,04/03/2014,01,85,84,10,24,39
2156,05/03/2014,01,[85],82,61,71,24
2157,06/03/2014,01,75,84,24,70,39
2158,07/03/2014,[01],62,71,84,24,39
2159,11/03/2014,62,84,39,90,01,71
2160,13/03/2014,62,54,[10],83,90,24
2161,15/03/2014,62,83,84,90,[24],[01]
2162,18/03/2014,62,[39],84,90,86,54
2163,20/03/2014,62,84,71,69,90,30
2164,22/03/2014,84,62,01,71,69,02
2165,25/03/2014,84,62,16,[70],30,71
2166,27/03/2014,84,69,02,62,59,71
2167,29/03/2014,84,62,59,02,30,71
2168,01/04/2014,59,84,02,71,62,90
2169,02/04/2014,02,90,62,01,71,84
2170,03/04/2014,62,84,02,44,90,01
2171,09/04/2014,90,71,84,86,02,01
2172,10/04/2014,90,88,84,[71],01,60
2173,11/04/2014,[88],84,90,59,[23],37
2174,12/04/2014,84,37,90,59,16,55
2175,15/04/2014,62,84,59,90,37,16
2176,17/04/2014,90,84,37,47,59,19
2177,19/04/2014,[90],59,62,84,73,19
2178,22/04/2014,37,55,84,50,[16],59
2179,24/04/2014,84,55,37,01,62,59
2180,26/04/2014,59,62,84,55,01,88
2181,29/04/2014,62,55,84,50,01,70
2182,04/05/2014,73,62,88,55,84,50
2183,05/05/2014,62,80,03,84,55,73
2184,06/05/2014,73,62,03,84,55,[80]
2185,07/05/2014,62,[55],84,73,01,32
2186,08/05/2014,84,62,60,01,34,73
2187,13/05/2014,62,84,60,73,04,59
2188,15/05/2014,62,84,60,04,19,73
2189,17/05/2014,84,62,60,17,88,73
2190,20/05/2014,84,59,60,03,62,73
2191,22/05/2014,03,84,47,04,60,90
2192,24/05/2014,84,[03],60,31,47,72
2193,27/05/2014,62,84,04,60,03,72
2194,29/05/2014,59,[84],60,72,04,09
2195,31/05/2014,04,[01],60,88,03,33
2196,02/06/2014,60,72,04,87,03,01
2197,03/06/2014,04,72,60,49,88,03
2198,05/06/2014,[60],[04],35,31,90,72
2199,09/06/2014,28,72,30,62,88,49
2200,11/06/2014,35,28,34,[88],72,30
2201,12/06/2014,28,49,70,35,72,87
2202,14/06/2014,87,[03],90,35,72,34
2203,17/06/2014,28,72,18,47,03,34
2204,19/06/2014,03,72,35,34,87,28
2205,21/06/2014,72,28,03,33,78,30
2206,24/06/2014,87,28,72,[03],78,35
2207,26/06/2014,03,28,35,72,87,34
2208,28/06/2014,03,34,28,55,01,35
2209,01/07/2014,01,03,34,28,70,30
2210,06/07/2014,28,35,30,34,87,03
2211,08/07/2014,28,87,03,30,34,35
2212,10/07/2014,87,34,28,03,70,35
2213,15/07/2014,87,70,35,28,03,30
2214,17/07/2014,35,72,87,[28],34,03
2215,19/07/2014,57,03,35,[87],01,30
2216,22/07/2014,34,72,03,35,30,57
2217,24/07/2014,35,72,34,90,01,31
2218,26/07/2014,59,51,65,57,03,49
2219,29/07/2014,03,34,30,59,35,72
2220,31/07/2014,34,35,31,72,32,03
2221,02/08/2014,34,72,31,59,35,30
2222,03/08/2014,34,[35],57,72,59,65
2223,04/08/2014,34,72,30,59,03,65
2224,05/08/2014,34,72,30,59,65,25
2225,07/08/2014,57,88,34,65,03,72
2226,11/08/2014,34,31,65,72,83,03
2227,14/08/2014,34,72,30,57,25,65
2228,16/08/2014,34,70,59,88,03,65
2229,19/08/2014,34,88,[30],65,72,25
2230,21/08/2014,34,72,59,01,03,65
2231,23/08/2014,34,44,59,83,03,32
2232,26/08/2014,72,34,[44],[59],03,88
2233,28/08/2014,34,65,25,03,72,57
2234,30/08/2014,34,59,65,57,88,72
2235,01/09/2014,34,65,57,03,59,72
2236,08/09/2014,57,[72],34,59,65,25
2237,09/09/2014,59,34,57,31,61,65
2238,10/09/2014,59,34,57,65,32,88
2239,12/09/2014,57,34,65,12,59,15
2240,13/09/2014,57,88,12,34,[65],59
2241,16/09/2014,57,88,34,59,03,86
2242,18/09/2014,59,57,88,34,03,36
2243,20/09/2014,88,34,[57],82,86,[36]
2244,23/09/2014,88,27,34,41,[59],79
2245,25/09/2014,88,34,49,[59],27,03
2246,27/09/2014,34,88,59,49,18,27
2247,30/09/2014,88,34,27,03,18,15
2248,04/10/2014,88,34,27,03,15,59
2249,05/10/2014,18,88,34,03,59,41
2250,06/10/2014,18,88,59,34,01,41
2251,07/10/2014,88,41,34,86,01,[18]
2252,14/10/2014,01,88,41,34,86,59
2253,16/10/2014,88,01,34,59,86,83
2254,18/10/2014,88,59,34,80,01,90
2255,21/10/2014,88,[34],80,86,01,59
2256,23/10/2014,88,01,32,15,[59],49
2257,25/10/2014,[88],32,90,01,80,[85]
2258,28/10/2014,59,86,90,05,01,13
2259,30/10/2014,05,41,59,67,90,13
2260,01/11/2014,82,[90],69,67,59,01
2261,02/11/2014,59,[67],75,26,20,05
2262,03/11/2014,88,01,82,05,13,45
2263,09/11/2014,59,78,12,41,45,05
2264,10/11/2014,80,60,[83],59,45,69
2265,11/11/2014,80,60,75,59,88,05
2266,12/11/2014,80,88,75,01,05,31
2267,13/11/2014,80,75,60,01,78,88
2268,15/11/2014,[80],88,05,31,45,60
2269,18/11/2014,79,01,49,83,11,39
2270,20/11/2014,05,79,78,10,31,11
2271,22/11/2014,79,39,31,78,75,05
2272,25/11/2014,60,31,41,75,45,05
2273,27/11/2014,11,49,05,10,31,55
2274,29/11/2014,79,45,41,05,10,31
2275,04/12/2014,60,90,41,79,05,31
2276,06/12/2014,05,60,59,10,31,62
2277,07/12/2014,90,45,79,59,60,01
2278,08/12/2014,60,59,90,88,62,05
2279,13/12/2014,88,90,75,62,60,55
2280,16/12/2014,31,01,59,75,90,05
2281,18/12/2014,79,90,77,31,75,78
2282,20/12/2014,79,31,75,70,[77],60
2283,23/12/2014,31,75,60,05,71,59
2284,24/12/2014,60,75,05,31,71,[33]
2285,27/12/2014,05,60,10,71,[31],75
2286,30/12/2014,71,60,16,01,[05],75
2287,08/01/2015,75,60,90,11,71,04
2288,09/01/2015,71,75,16,60,90,79
2289,10/01/2015,75,16,60,90,82,79
2290,12/01/2015,75,16,60,90,71,01
2291,13/01/2015,60,71,75,16,90,04
2292,15/01/2015,60,78,16,75,90,71
2293,17/01/2015,75,[71],16,60,04,78
2294,20/01/2015,75,78,16,04,60,32
2295,22/01/2015,75,04,78,16,60,01
2296,24/01/2015,04,78,01,60,16,75
2297,27/01/2015,78,04,16,75,60,01
2298,29/01/2015,60,16,78,04,75,01
2299,31/01/2015,04,75,60,78,16,90
2300,04/02/2015,90,16,75,78,60,88
2301,05/02/2015,75,78,16,60,90,39
2302,07/02/2015,04,[78],75,16,60,90
2303,14/02/2015,75,04,[60],16,[79],[32]
2304,17/02/2015,75,04,90,16,01,09
2305,19/02/2015,90,04,75,16,55,41
2306,21/02/2015,04,90,75,[16],01,59
2307,24/02/2015,04,75,90,01,41,43
2308,26/02/2015,90,04,75,01,[41],39
2309,28/02/2015,75,04,90,01,59,79
2310,01/03/2015,90,75,01,04,59,62
2311,02/03/2015,90,[75],04,01,58,62
2312,03/03/2015,90,04,01,70,59,65
2313,06/03/2015,90,04,[37],39,65,[28]
2314,09/03/2015,90,01,04,85,88,59
2315,10/03/2015,90,01,[04],59,70,85
2316,11/03/2015,90,01,09,59,70,65
2317,12/03/2015,01,90,73,48,70,62
2318,14/03/2015,01,90,70,82,59,79
2319,17/03/2015,01,90,70,62,09,59
2320,19/03/2015,90,01,73,70,87,09
2321,21/03/2015,90,01,70,59,79,25
2322,24/03/2015,01,[90],70,62,59,58
2323,26/03/2015,01,70,62,55,25,52
2324,28/03/2015,01,70,62,51,25,88
2325,31/03/2015,01,70,62,58,51,25
2326,04/04/2015,01,70,25,52,59,79
2327,06/04/2015,01,70,25,62,52,39
2328,07/04/2015,01,70,50,58,[51],52
2329,08/04/2015,01,25,87,52,70,50
2330,14/04/2015,70,01,52,50,76,59
2331,16/04/2015,70,50,01,[79],52,25
2332,18/04/2015,01,50,70,52,25,76
2333,21/04/2015,01,70,[52],50,64,[59]
2334,23/04/2015,70,01,76,24,25,50
2335,27/04/2015,01,25,50,64,79,[78]
2336,28/04/2015,28,24,25,70,01,50
2337,30/04/2015,76,24,25,70,01,50
2338,01/05/2015,01,25,76,85,24,70
2339,02/05/2015,01,59,24,25,70,78
2340,03/05/2015,01,25,78,76,70,24
2341,05/05/2015,01,25,76,70,59,24
2342,09/05/2015,76,01,[24],25,70,50
2343,11/05/2015,64,01,59,85,76,70
2344,12/05/2015,50,76,[01],85,70,64
2345,14/05/2015,78,54,85,[25],70,80
2346,16/05/2015,06,[76],85,70,64,72
2347,19/05/2015,[06],64,70,50,73,01
2348,21/05/2015,64,70,80,50,72,73
2349,23/05/2015,72,78,86,70,64,80
2350,26/05/2015,64,72,[78],70,80,50
2351,28/05/2015,50,54,85,70,[80],64
2352,30/05/2015,70,64,73,79,50,59
2353,06/06/2015,70,73,64,88,50,85
2354,08/06/2015,64,73,[79],12,87,70
2355,10/06/2015,64,70,72,78,73,50
2356,13/06/2015,70,73,64,55,79,72
2357,16/06/2015,73,64,70,79,85,72
2358,18/06/2015,70,50,72,64,79,73
2359,20/06/2015,73,33,64,28,70,50
2360,23/06/2015,64,70,73,39,78,72
2361,25/06/2015,39,70,64,[73],28,72
2362,27/06/2015,70,72,88,78,28,50
2363,30/06/2015,70,88,39,72,12,64
2364,01/07/2015,72,12,64,39,78,70
2365,02/07/2015,70,62,12,79,39,72
2366,03/07/2015,78,17,72,79,39,87
2367,04/07/2015,78,39,70,17,[72],79
2368,05/07/2015,64,[12],17,70,[58],88
2369,07/07/2015,50,64,54,70,05,60
2370,11/07/2015,44,[54],64,50,60,70
2371,14/07/2015,64,05,44,50,60,70
2372,16/07/2015,70,64,05,50,60,44
2373,18/07/2015,64,05,78,[70],50,60
2374,21/07/2015,50,64,33,05,89,60
2375,23/07/2015,50,64,78,05,60,79
2376,25/07/2015,64,50,28,79,05,60
2377,28/07/2015,50,64,05,82,39,60
2378,30/07/2015,50,79,60,64,78,05
2379,01/08/2015,[50],64,78,60,17,05
2380,08/08/2015,64,85,60,82,59,05
2381,09/08/2015,64,[60],05,79,44,26
2382,10/08/2015,64,52,05,39,26,18
2383,13/08/2015,52,64,82,05,21,90
2384,17/08/2015,64,82,33,79,05,52
2385,18/08/2015,64,26,33,82,78,57
2386,20/08/2015,64,89,82,33,43,52
2387,22/08/2015,64,78,59,26,05,89
2388,25/08/2015,64,56,17,57,82,78
2389,27/08/2015,78,52,64,05,89,37
2390,29/08/2015,64,[55],17,05,52,37
2391,04/09/2015,64,18,81,05,89,52
2392,05/09/2015,64,05,[52],10,37,89
2393,06/09/2015,64,89,05,10,37,[82]
2394,07/09/2015,64,10,37,[89],85,05
2395,12/09/2015,85,64,37,55,39,05
2396,15/09/2015,85,64,37,10,39,05
2397,17/09/2015,64,85,37,39,05,10
2398,19/09/2015,85,64,37,39,05,10
2399,22/09/2015,64,85,05,37,39,[10]
2400,24/09/2015,37,64,85,05,04,21
2401,26/09/2015,64,85,[37],55,05,39
2402,29/09/2015,64,78,05,39,21,04
2403,01/10/2015,64,04,59,05,39,85
2404,02/10/2015,17,[78],04,64,05,39
2405,03/10/2015,64,04,53,05,39,17
2406,09/10/2015,85,64,62,04,78,05
2407,10/10/2015,64,53,85,[78],05,39
2408,11/10/2015,85,05,64,78,82,39
2409,12/10/2015,55,39,78,64,32,05
2410,13/10/2015,39,64,05,78,32,85
2411,15/10/2015,64,05,17,78,[32],39
2412,17/10/2015,64,85,78,05,39,17
2413,20/10/2015,[64],32,85,41,04,78
2414,22/10/2015,85,73,41,78,04,05
2415,24/10/2015,85,62,79,04,41,05
2416,27/10/2015,32,62,78,85,04,05
2417,29/10/2015,32,78,[04],62,45,85
2418,31/10/2015,85,32,05,09,59,87
2419,04/11/2015,79,78,32,85,[73],09
2420,06/11/2015,04,09,43,50,85,32
2421,07/11/2015,85,[39],86,01,05,11
2422,08/11/2015,[85],62,26,77,04,05
2423,14/11/2015,09,50,26,32,04,53
2424,17/11/2015,32,09,43,[27],44,26
2425,19/11/2015,32,11,04,09,62,37
2426,21/11/2015,67,62,05,11,32,23
2427,24/11/2015,05,78,62,32,11,26
2428,26/11/2015,62,09,57,78,32,05
2429,28/11/2015,62,32,78,86,90,05
2430,02/12/2015,62,78,90,86,[32],05
2431,03/12/2015,76,05,55,11,32,43
2432,05/12/2015,62,32,[78],05,86,43
2433,09/12/2015,78,76,79,05,09,[11]
2434,11/12/2015,78,77,79,32,09,43
2435,12/12/2015,32,86,78,76,43,80
2436,15/12/2015,32,78,43,77,73,86
2437,17/12/2015,19,32,62,49,55,43
2438,19/12/2015,43,62,78,49,88,32
2439,22/12/2015,62,49,55,43,[60],81
2440,24/12/2015,62,55,43,90,59,49
2441,28/12/2015,62,32,43,[88],78,87
2442,29/12/2015,43,62,90,55,81,[76]
2443,31/12/2015,43,55,49,62,[90],79
2444,03/01/2016,62,43,37,81,49,02
2445,09/01/2016,55,78,[43],62,81,73
2446,10/01/2016,81,62,37,36,78,49
2447,12/01/2016,81,37,62,49,02,73
2448,14/01/2016,81,25,37,62,32,90
2449,16/01/2016,37,81,62,49,55,21
2450,19/01/2016,62,81,37,03,49,02
2451,21/01/2016,62,[81],37,50,49,01
2452,23/01/2016,81,62,37,90,25,[49]
2453,26/01/2016,81,90,01,37,64,03
2454,28/01/2016,01,03,37,62,64,81
2455,30/01/2016,37,01,62,[81],86,88
2456,01/02/2016,62,[01],37,32,81,18
2457,02/02/2016,81,37,62,21,90,86
2458,04/02/2016,[81],37,62,21,18,03
2459,07/02/2016,62,81,37,03,64,79
2460,08/02/2016,81,03,21,37,62,64
2461,13/02/2016,62,81,21,37,03,64
2462,16/02/2016,03,62,64,81,37,32
2463,18/02/2016,81,62,03,37,64,88
2464,20/02/2016,62,37,81,21,88,19
2465,23/02/2016,81,21,37,62,64,03
2466,25/02/2016,[81],21,37,62,86,56
2467,27/02/2016,62,81,03,37,86,56
2468,03/03/2016,81,[16],37,21,[62],64
2469,05/03/2016,37,79,81,21,64,56
2470,09/03/2016,37,81,64,79,03,32
2471,11/03/2016,81,03,37,64,[79],88
2472,12/03/2016,03,64,37,86,32,59
2473,15/03/2016,37,64,03,86,42,59
2474,17/03/2016,64,03,37,[86],59,[76]
2475,19/03/2016,03,37,64,81,90,88
2476,22/03/2016,37,03,64,90,87,55
2477,24/03/2016,64,03,37,78,19,32
2478,26/03/2016,37,81,19,78,64,32
2479,29/03/2016,19,32,64,56,02,85
2480,31/03/2016,[78],37,32,03,64,02
2481,02/04/2016,32,37,81,56,17,19
2482,06/04/2016,56,32,[64],03,37,81
2483,08/04/2016,[37],19,56,02,03,44
2484,10/04/2016,56,32,[85],81,90,03
2485,14/04/2016,03,56,81,[02],44,16
2486,16/04/2016,56,85,44,41,81,02
2487,19/04/2016,03,56,85,81,44,36
2488,21/04/2016,03,56,44,81,36,32
2489,23/04/2016,56,81,44,85,03,36
2490,26/04/2016,20,03,56,44,85,81
2491,28/04/2016,17,85,36,44,81,03
2492,30/04/2016,44,[85],81,03,36,70
2493,01/05/2016,81,03,17,44,36,70
2494,03/05/2016,85,56,[08],44,81,03
2495,04/05/2016,44,08,03,[85],59,36
2496,05/05/2016,85,81,44,03,56,36
2497,07/05/2016,85,44,03,32,70,36
2498,11/05/2016,03,32,[85],36,70,44
2499,14/05/2016,32,85,44,03,36,88
2500,17/05/2016,32,[44],85,70,08,03
2501,19/05/2016,85,32,53,70,59,03
2502,21/05/2016,85,32,03,36,70,45
2503,24/05/2016,85,36,32,19,88,03
2504,26/05/2016,85,03,[32],36,70,05
2505,28/05/2016,85,90,[03],36,70,[05]
2506,31/05/2016,85,32,70,19,36,53
2507,02/06/2016,85,32,19,49,90,[77]
2508,06/06/2016,70,81,32,85,53,38
2509,08/06/2016,85,32,70,81,52,53
2510,09/06/2016,85,32,81,70,53,56
2511,10/06/2016,32,85,81,56,77,53
2512,12/06/2016,32,85,77,81,37,53
2513,14/06/2016,32,81,85,53,27,82
2514,16/06/2016,32,85,81,27,37,56
2515,18/06/2016,85,81,82,53,70,27
2516,21/06/2016,[85],82,81,32,56,53
2517,23/06/2016,81,32,85,27,56,19
2518,25/06/2016,[85],53,81,56,70,82
2519,28/06/2016,85,81,53,70,82,55
2520,30/06/2016,81,85,53,70,82,55
2521,01/07/2016,85,77,81,32,53,70
2522,04/07/2016,85,81,53,70,82,54
2523,05/07/2016,53,85,[82],81,70,[32]
2524,06/07/2016,81,85,76,[70],37,53
2525,07/07/2016,[32],85,55,81,78,53
2526,14/07/2016,85,55,81,27,76,32
2527,16/07/2016,55,85,32,81,53,87
2528,19/07/2016,76,32,81,85,55,86
2529,21/07/2016,32,85,53,55,81,77
2530,23/07/2016,81,85,32,55,[88],53
2531,26/07/2016,85,32,55,53,41,81
2532,28/07/2016,55,32,81,[85],53,79
2533,30/07/2016,85,55,81,53,79,32
2534,03/08/2016,79,81,85,55,69,[32]
2535,09/08/2016,32,85,55,[79],81,46
2536,10/08/2016,32,85,55,81,30,80
2537,11/08/2016,[81],[32],55,85,53,69
2538,13/08/2016,46,85,32,21,55,28
2539,16/08/2016,32,69,53,55,85,21
2540,18/08/2016,32,85,55,71,53,69
2541,20/08/2016,32,40,55,53,85,24
2542,23/08/2016,53,55,32,51,85,40
2543,25/08/2016,32,55,53,[40],85,77
2544,27/08/2016,[32],46,85,53,55,69
2545,30/08/2016,32,85,41,51,01,53
2546,01/09/2016,32,85,77,80,[51],49
2547,02/09/2016,32,41,55,85,77,51
2548,04/09/2016,32,85,69,51,41,61
2549,06/09/2016,32,41,53,85,21,55
2550,07/09/2016,32,41,51,85,69,[53]
2551,08/09/2016,32,[85],90,55,[77],69
2552,13/09/2016,32,90,85,01,82,55
2553,15/09/2016,32,85,90,41,55,69
2554,17/09/2016,32,90,69,85,55,71
2555,20/09/2016,21,32,55,71,90,41
2556,22/09/2016,32,90,[55],85,07,21
2557,24/09/2016,90,32,41,85,78,21
2558,27/09/2016,32,[41],90,69,07,[85]
2559,29/09/2016,32,90,69,85,21,12
2560,03/10/2016,32,90,86,07,21,69
2561,05/10/2016,32,90,69,85,07,21
2562,09/10/2016,32,21,69,90,23,85
2563,11/10/2016,90,85,32,21,[69],23
2564,12/10/2016,32,90,[85],19,21,61
2565,13/10/2016,32,90,41,21,62,57
2566,15/10/2016,90,32,[07],19,21,85
2567,18/10/2016,90,32,56,85,19,21
2568,20/10/2016,[90],32,19,23,79,21
2569,22/10/2016,32,79,62,21,85,[45]
2570,25/10/2016,[85],19,[04],32,79,21
2571,27/10/2016,19,32,04,85,21,79
2572,29/10/2016,79,85,62,19,21,38
2573,31/10/2016,62,79,85,32,19,21
2574,02/11/2016,85,79,[45],78,19,21
2575,06/11/2016,85,38,79,21,19,15
2576,08/11/2016,[85],79,21,12,19,38
2577,10/11/2016,79,42,85,19,21,38
2578,15/11/2016,85,79,45,60,19,21
2579,17/11/2016,79,85,78,49,19,21
2580,19/11/2016,85,21,19,79,42,09
2581,22/11/2016,85,19,[86],79,42,[21]
2582,24/11/2016,85,[79],[82],38,62,42
2583,26/11/2016,38,62,[42],85,77,19
2584,29/11/2016,[77],[35],85,[62],09,19
2585,01/12/2016,77,49,57,19,38,63
2586,03/12/2016,49,09,85,77,25,81
2587,04/12/2016,49,77,45,19,38,63
2588,05/12/2016,49,77,85,57,63,19
2589,07/12/2016,49,[63],38,[85],19,15
2590,11/12/2016,49,38,57,32,77,45
2591,12/12/2016,58,57,77,85,09,49
2592,13/12/2016,57,77,85,49,19,38
2593,15/12/2016,49,57,[09],45,78,19
2594,17/12/2016,32,85,88,[45],57,19
2595,20/12/2016,86,32,38,57,85,49
2596,22/12/2016,85,[86],88,49,09,19
2597,24/12/2016,38,49,[19],88,77,57
2598,27/12/2016,86,77,09,85,45,49
2599,29/12/2016,[85],49,09,[38],86,87
2600,31/12/2016,86,85,77,09,68,49
2601,04/01/2017,[86],09,85,[70],[68],77
2602,06/01/2017,09,86,88,[56],61,45
2603,07/01/2017,86,09,[85],61,77,87
2604,08/01/2017,86,09,61,87,88,77
2605,14/01/2017,86,87,61,88,85,09
2606,17/01/2017,86,77,87,88,85,61
2607,19/01/2017,88,87,86,85,83,61
2608,21/01/2017,85,86,12,45,87,88
2609,24/01/2017,[85],01,81,86,61,87
2610,26/01/2017,44,45,87,88,86,36
2611,28/01/2017,86,85,87,61,88,26
2612,31/01/2017,85,86,45,61,87,81
2613,02/02/2017,86,85,01,45,81,12
2614,03/02/2017,87,88,86,01,05,26
2615,05/02/2017,86,85,61,88,12,49
2616,09/02/2017,86,26,[77],[49],87,88
2617,11/02/2017,88,87,49,26,77,81
2618,12/02/2017,87,81,49,86,26,88
2619,14/02/2017,88,26,77,49,86,87
2620,16/02/2017,86,49,77,85,88,87
2621,18/02/2017,[86],77,85,49,87,88
2622,21/02/2017,77,88,87,62,85,05
2623,23/02/2017,77,85,49,[86],61,05
2624,25/02/2017,[85],86,05,77,88,49
2625,28/02/2017,86,77,87,05,62,03
2626,01/03/2017,86,[77],03,62,85,05
2627,06/03/2017,05,86,61,88,03,62
2628,08/03/2017,62,88,86,87,77,85
2629,10/03/2017,87,88,86,09,62,77
2630,14/03/2017,85,77,86,87,88,62
2631,16/03/2017,[85],86,77,87,88,[62]
2632,18/03/2017,85,86,77,87,88,09
2633,21/03/2017,85,77,86,49,09,03
2634,23/03/2017,77,85,05,49,[86],09
2635,25/03/2017,77,[85],05,49,[86],01
2636,28/03/2017,85,86,05,77,61,88
2637,30/03/2017,87,[05],86,88,77,85
2638,02/04/2017,77,88,85,87,86,61
2639,03/04/2017,77,86,61,01,85,[87]
2640,04/04/2017,77,85,48,86,61,[29]
2641,05/04/2017,77,86,85,61,88,60
2642,07/04/2017,86,90,[85],77,61,01
2643,11/04/2017,86,85,77,10,88,[78]
2644,13/04/2017,77,88,86,90,61,[85]
2645,15/04/2017,88,77,60,86,61,85
2646,18/04/2017,86,85,60,77,37,[88]
2647,20/04/2017,85,86,77,60,11,37
2648,22/04/2017,60,85,77,86,49,61
2649,24/04/2017,85,86,23,77,49,90
2650,27/04/2017,77,85,60,86,23,61
2651,29/04/2017,77,85,86,60,61,09
2652,01/05/2017,86,85,73,77,60,23
2653,08/05/2017,85,86,42,61,77,48
2654,09/05/2017,85,86,77,23,30,90
2655,10/05/2017,86,85,90,60,23,42
2656,12/05/2017,86,85,30,77,23,48
2657,13/05/2017,86,85,60,[77],23,90
2658,16/05/2017,85,86,74,60,09,14
2659,18/05/2017,85,86,77,14,11,48
2660,20/05/2017,85,86,77,14,30,90
2661,23/05/2017,86,85,77,60,90,49
2662,25/05/2017,86,85,05,[77],14,90
2663,27/05/2017,86,90,85,14,05,77
2664,30/05/2017,85,86,90,49,30,31
2665,04/06/2017,86,49,85,05,71,30
2666,05/06/2017,[86],[77],85,16,90,49
2667,06/06/2017,86,49,85,90,30,14
2668,07/06/2017,86,49,71,30,85,14
2669,13/06/2017,86,85,49,14,78,90
2670,15/06/2017,77,14,86,49,85,05
2671,17/06/2017,77,49,86,13,43,37
2672,20/06/2017,77,[86],05,49,14,85
2673,22/06/2017,43,05,49,86,37,77
2674,24/06/2017,77,49,85,86,05,[30]
2675,27/06/2017,77,86,43,49,11,05
2676,29/06/2017,49,77,85,86,43,13
2677,01/07/2017,31,86,43,49,13,05
2678,02/07/2017,86,49,43,11,77,31
2679,03/07/2017,86,85,43,49,77,14
2680,09/07/2017,86,77,43,49,[85],05
2681,10/07/2017,05,86,[14],43,49,13
2682,11/07/2017,13,[86],49,43,[77],05
2683,12/07/2017,43,13,77,[14],49,05
2684,13/07/2017,13,43,49,16,05,14
2685,15/07/2017,13,[86],14,43,49,77
2686,18/07/2017,43,86,05,49,13,77
2687,20/07/2017,86,13,05,43,49,77
2688,22/07/2017,13,05,86,43,49,77
2689,25/07/2017,86,43,49,13,77,31
2690,27/07/2017,86,43,49,13,[77],14
2691,29/07/2017,86,43,49,77,67,13
2692,04/08/2017,[86],49,43,77,37,13
2693,06/08/2017,49,43,86,77,78,74
2694,07/08/2017,43,86,85,49,77,14
2695,08/08/2017,86,85,43,49,77,13
2696,14/08/2017,86,43,77,49,13,85
2697,17/08/2017,77,[86],85,43,49,81
2698,19/08/2017,43,86,03,49,77,85
2699,22/08/2017,[86],43,49,03,78,80
2700,24/08/2017,43,86,[85],49,77,03
2701,26/08/2017,86,77,43,49,85,63
2702,29/08/2017,86,43,49,34,85,31
2703,31/08/2017,86,85,77,43,49,78
2704,02/09/2017,86,85,34,43,49,90
2705,03/09/2017,86,85,77,43,49,34
2706,05/09/2017,86,85,90,43,49,77
2707,09/09/2017,86,43,77,90,[49],01
2708,11/09/2017,86,77,01,90,85,43
2709,12/09/2017,86,90,43,85,77,87
2710,14/09/2017,86,90,43,78,77,85
2711,16/09/2017,[86],85,90,43,06,13
2712,19/09/2017,43,86,90,31,85,72
2713,21/09/2017,86,43,90,31,34,78
2714,23/09/2017,86,90,78,01,43,85
2715,26/09/2017,86,43,31,90,78,01
2716,28/09/2017,86,90,43,46,37,01
2717,30/09/2017,86,43,[90],29,46,01
2718,01/10/2017,86,43,31,87,[01],10
2719,06/10/2017,86,43,[57],62,31,87
2720,08/10/2017,43,87,86,53,85,31
2721,10/10/2017,86,43,31,87,10,29
2722,14/10/2017,86,87,[85],43,31,62
2723,17/10/2017,43,86,29,85,31,87
2724,19/10/2017,86,79,43,31,34,87
2725,21/10/2017,79,86,87,[31],43,48
2726,24/10/2017,86,43,79,87,14,29
2727,26/10/2017,86,[43],79,37,85,87
2728,28/10/2017,86,37,[79],87,46,85
2729,31/10/2017,86,20,48,54,63,87
2730,02/11/2017,86,20,59,88,[63],87
2731,03/11/2017,86,20,62,59,80,87
2732,04/11/2017,[86],87,20,[59],62,32
2733,05/11/2017,86,87,20,53,06,48
2734,07/11/2017,86,87,77,85,44,20
2735,11/11/2017,86,87,85,77,23,53
2736,14/11/2017,87,85,86,06,34,[46]
2737,16/11/2017,86,87,34,80,06,46
2738,18/11/2017,86,77,80,87,78,85
2739,21/11/2017,78,86,77,80,23,62
2740,23/11/2017,23,87,86,20,22,06
2741,25/11/2017,85,23,86,34,87,29
2742,28/11/2017,70,85,[87],23,46,86
2743,30/11/2017,86,77,70,23,34,29
2744,01/12/2017,86,85,77,70,01,23
2745,08/12/2017,86,77,85,[32],29,90
2746,09/12/2017,86,85,23,77,46,90
2747,10/12/2017,86,77,85,90,[16],23
2748,12/12/2017,86,77,85,36,06,16
2749,14/12/2017,86,36,77,85,88,16
2750,16/12/2017,77,80,06,86,16,85
2751,18/12/2017,77,86,70,16,[85],23
2752,19/12/2017,[77],16,86,06,78,23
2753,21/12/2017,86,32,16,80,70,24
2754,23/12/2017,86,70,51,16,23,36
2755,28/12/2017,86,70,32,85,23,15
2756,30/12/2017,86,32,36,70,78,[23]
2757,02/01/2018,86,70,18,32,08,29
2758,03/01/2018,86,32,70,18,16,08
2759,09/01/2018,86,70,79,32,60,06
2760,12/01/2018,86,08,81,[80],[16],70
2761,13/01/2018,86,79,80,18,60,08
2762,16/01/2018,86,08,18,16,60,70
2763,18/01/2018,[86],08,70,15,16,78
2764,20/01/2018,06,16,70,33,46,80
2765,23/01/2018,86,36,70,85,16,08
2766,25/01/2018,80,16,06,70,33,08
2767,27/01/2018,79,86,70,16,08,36
2768,30/01/2018,86,16,36,70,08,13
2769,01/02/2018,70,33,16,88,86,08
2770,08/02/2018,70,16,85,86,08,79
2771,10/02/2018,79,81,16,86,08,70
2772,13/02/2018,08,13,79,60,16,86
2773,15/02/2018,60,08,79,86,88,13
2774,17/02/2018,[79],86,60,81,06,08
2775,20/02/2018,86,08,13,36,81,60
2776,22/02/2018,86,13,[81],08,15,36
2777,24/02/2018,86,08,60,88,16,36
2778,27/02/2018,[86],36,13,85,31,08
2779,02/03/2018,46,60,86,88,21,36
2780,03/03/2018,21,16,86,36,17,48
2781,04/03/2018,86,21,17,48,13,33
2782,05/03/2018,16,88,21,48,[77],13
2783,07/03/2018,86,21,85,88,16,13
2784,11/03/2018,13,16,17,88,21,14
2785,13/03/2018,36,13,60,88,48,21
2786,15/03/2018,21,60,88,74,85,36
2787,17/03/2018,86,48,36,60,16,21
2788,20/03/2018,86,36,[48],60,16,21
2789,22/03/2018,86,60,21,36,14,77
2790,24/03/2018,86,77,85,36,21,17
2791,27/03/2018,36,85,21,17,33,48
2792,29/03/2018,86,21,36,60,85,[32]
2793,31/03/2018,60,85,12,21,36,14
2794,01/04/2018,85,86,21,60,36,12
2795,06/04/2018,[77],17,19,21,14,33
2796,08/04/2018,14,85,60,12,19,86
2797,09/04/2018,12,21,59,14,85,86
2798,10/04/2018,[86],36,21,12,14,85
2799,12/04/2018,12,59,85,21,36,60
2800,14/04/2018,12,19,85,86,21,36
2801,17/04/2018,86,85,19,37,48,[12]
2802,19/04/2018,86,85,19,48,21,36
2803,21/04/2018,[85],36,86,21,17,59
2804,24/04/2018,85,36,48,59,86,21
2805,26/04/2018,86,85,17,19,60,36
2806,28/04/2018,85,19,86,17,21,88
2807,30/04/2018,85,21,72,36,77,59
2808,04/05/2018,85,86,21,14,57,48
2809,05/05/2018,85,86,36,21,[14],77
2810,06/05/2018,85,86,80,36,57,[21]
2811,07/05/2018,85,06,17,57,72,86
2812,11/05/2018,86,04,85,06,[36],22
2813,15/05/2018,86,06,85,19,04,[03]
2814,17/05/2018,06,85,86,04,78,17
2815,19/05/2018,85,06,86,19,79,04
2816,22/05/2018,[72],85,71,[19],76,04
2817,24/05/2018,19,06,85,86,44,72
2818,26/05/2018,06,85,72,19,86,[32]
2819,29/05/2018,[19],85,72,22,06,04
2820,31/05/2018,85,[86],19,[57],22,62
2821,02/06/2018,06,19,85,72,[04],79
2822,03/06/2018,88,85,19,86,72,01
2823,09/06/2018,88,06,85,19,86,72
2824,10/06/2018,06,39,86,19,83,85
2825,11/06/2018,06,85,19,83,88,86
2826,12/06/2018,85,88,83,19,74,06
2827,14/06/2018,77,06,83,85,19,88
2828,16/06/2018,88,85,19,74,80,86
2829,19/06/2018,88,85,54,19,86,74
2830,21/06/2018,88,[06],19,85,86,72
2831,23/06/2018,88,85,19,01,53,06
2832,26/06/2018,88,85,19,72,54,[06]
2833,28/06/2018,88,74,06,85,19,32
2834,30/06/2018,85,19,88,06,[54],72
2835,04/07/2018,85,88,82,06,19,77
2836,06/07/2018,85,88,72,06,78,82
2837,07/07/2018,85,88,06,74,86,82
2838,08/07/2018,85,88,06,72,60,86
2839,14/07/2018,85,88,86,06,43,45
2840,17/07/2018,88,85,77,86,06,43
2841,19/07/2018,85,88,86,06,19,79
2842,21/07/2018,85,88,06,82,86,55
2843,24/07/2018,85,88,[43],26,55,06
2844,26/07/2018,85,88,55,86,06,19
2845,28/07/2018,85,88,55,77,86,79
2846,31/07/2018,88,[85],72,19,02,63
2847,01/08/2018,88,72,83,19,63,82
2848,02/08/2018,86,88,77,19,63,82
2849,03/08/2018,55,85,47,86,88,83
2850,05/08/2018,88,82,77,85,86,55
2851,09/08/2018,55,88,19,06,82,85
2852,11/08/2018,88,31,85,55,06,63
2853,14/08/2018,31,82,88,77,55,47
2854,16/08/2018,88,31,77,82,85,19
2855,18/08/2018,88,85,77,26,19,31
2856,21/08/2018,88,86,77,85,49,19
2857,23/08/2018,31,88,77,47,19,63
2858,25/08/2018,31,88,63,85,86,19
2859,28/08/2018,19,85,88,31,63,77
2860,30/08/2018,[63],85,19,86,82,88
2861,01/09/2018,85,[88],55,31,82,19
2862,06/09/2018,55,[86],82,85,78,39
2863,08/09/2018,[31],82,85,19,86,39
2864,10/09/2018,62,82,[85],86,79,74
2865,13/09/2018,74,87,78,82,62,33
2866,15/09/2018,74,62,[87],82,78,47
2867,18/09/2018,19,78,62,74,39,32
2868,20/09/2018,62,39,47,[74],78,85
2869,22/09/2018,39,[85],19,[45],49,62
2870,25/09/2018,62,78,51,06,19,77
2871,27/09/2018,62,78,55,19,39,06
2872,29/09/2018,62,78,39,85,86,05
2873,02/10/2018,78,62,32,86,85,05
2874,03/10/2018,62,78,86,85,39,19
2875,04/10/2018,85,78,62,86,45,47
2876,05/10/2018,85,78,86,19,[62],55
2877,07/10/2018,55,39,78,02,[81],47
2878,11/10/2018,55,32,78,77,85,47
2879,12/10/2018,78,19,77,81,85,55
2880,13/10/2018,86,[55],85,78,77,81
2881,16/10/2018,55,78,77,81,86,85
2882,18/10/2018,86,55,81,78,77,85
2883,20/10/2018,55,85,77,78,19,86
2884,23/10/2018,19,55,78,85,77,[49]
2885,25/10/2018,78,85,19,77,81,55
2886,27/10/2018,77,78,19,48,81,55
2887,30/10/2018,78,85,55,19,86,32
2888,01/11/2018,55,85,19,78,77,81
2889,08/11/2018,77,78,19,72,81,33
2890,09/11/2018,77,78,55,33,72,19
2891,10/11/2018,78,55,77,85,33,19
2892,12/11/2018,55,78,77,85,72,19
2893,13/11/2018,55,77,78,19,72,79
2894,15/11/2018,19,78,77,55,86,85
2895,17/11/2018,55,77,78,81,33,85
2896,20/11/2018,19,78,85,58,55,33
2897,22/11/2018,78,19,86,55,58,77
2898,24/11/2018,19,78,[77],81,85,55
2899,27/11/2018,85,55,19,86,78,33
2900,29/11/2018,78,85,86,19,33,77
2901,04/12/2018,33,78,80,19,81,58
2902,05/12/2018,[78],81,06,55,33,86
2903,06/12/2018,85,81,77,75,19,06
2904,07/12/2018,86,19,85,06,58,75
2905,13/12/2018,86,72,06,69,19,02
2906,15/12/2018,86,06,19,69,77,81
2907,18/12/2018,[86],06,19,85,58,[69]
2908,20/12/2018,85,19,06,[58],81,77
2909,22/12/2018,85,06,81,19,77,86
2910,24/12/2018,85,[77],81,[19],06,86
2911,27/12/2018,85,77,86,50,06,81
2912,29/12/2018,85,77,81,86,06,75
2913,06/01/2019,85,81,77,06,75,49
2914,08/01/2019,85,75,06,49,81,77
2915,10/01/2019,86,77,75,55,85,06
2916,15/01/2019,85,55,77,81,06,75
2917,17/01/2019,55,75,85,77,60,12
2918,19/01/2019,89,06,85,86,32,77
2919,22/01/2019,81,85,89,86,06,77
2920,24/01/2019,81,85,06,86,89,55
2921,26/01/2019,85,81,49,77,[82],86
2922,29/01/2019,81,82,85,86,49,77
2923,31/01/2019,82,85,81,06,55,24
2924,02/02/2019,85,81,77,49,75,82
2925,03/02/2019,85,49,75,55,81,82
2926,04/02/2019,82,55,81,85,86,75
2927,05/02/2019,85,06,39,81,[75],19
2928,07/02/2019,85,19,06,81,82,49
2929,11/02/2019,85,81,55,82,[19],49
2930,14/02/2019,85,81,82,19,49,77
2931,16/02/2019,19,81,85,49,82,77
2932,19/02/2019,85,19,81,82,49,68
2933,21/02/2019,85,19,89,82,88,81
2934,23/02/2019,85,81,19,55,82,80
2935,26/02/2019,85,81,82,19,86,80
2936,28/02/2019,[85],82,81,80,19,37
2937,01/03/2019,81,77,19,80,83,82
2938,08/03/2019,19,81,82,85,39,43
2939,09/03/2019,19,80,81,86,37,77
2940,10/03/2019,19,81,85,82,37,30
2941,12/03/2019,82,19,77,81,37,80
2942,14/03/2019,82,19,80,30,81,37
2943,16/03/2019,81,38,19,82,30,[77]
2944,19/03/2019,81,19,80,54,49,83
2945,21/03/2019,82,81,74,37,54,83
2946,23/03/2019,[83],54,81,19,82,[90]
2947,26/03/2019,81,82,54,83,09,53
2948,28/03/2019,81,82,[83],19,54,77
2949,30/03/2019,81,82,54,74,83,09
2950,04/04/2019,81,82,09,54,83,43
2951,05/04/2019,82,81,54,[41],83,19
2952,06/04/2019,81,54,74,82,83,[49]
2953,07/04/2019,74,43,82,81,49,83
2954,13/04/2019,81,23,49,83,63,54
2955,16/04/2019,83,81,49,[82],54,19
2956,18/04/2019,90,23,83,49,85,82
2957,20/04/2019,49,82,83,85,81,86
2958,23/04/2019,74,82,83,23,54,81
2959,27/04/2019,83,90,54,63,85,09
2960,29/04/2019,49,85,63,09,54,[74]
2961,30/04/2019,90,63,83,[55],62,19
2962,01/05/2019,90,82,85,15,09,54
2963,02/05/2019,63,[86],85,15,09,55
2964,03/05/2019,81,54,85,77,09,23
2965,09/05/2019,81,85,49,63,15,[54]
2966,10/05/2019,47,82,85,09,37,83
2967,11/05/2019,83,82,15,85,37,52
2968,12/05/2019,83,63,23,[52],15,77
2969,14/05/2019,63,83,27,85,23,52
2970,16/05/2019,52,90,83,63,24,23
2971,18/05/2019,90,52,23,83,85,81
2972,21/05/2019,83,90,19,63,23,77
2973,23/05/2019,[15],83,52,63,90,60
2974,25/05/2019,90,63,85,39,09,15
2975,28/05/2019,39,09,90,16,81,23
2976,30/05/2019,39,90,81,85,63,09
2977,04/06/2019,90,63,39,52,81,24
2978,06/06/2019,63,39,23,09,90,81
2979,07/06/2019,39,81,63,90,80,09
2980,08/06/2019,90,39,47,63,81,83
2981,13/06/2019,39,[23],82,43,81,09
2982,15/06/2019,39,90,81,80,09,60
2983,18/06/2019,[81],39,47,[63],24,83
2984,20/06/2019,15,63,43,59,89,83
2985,22/06/2019,[39],85,86,89,47,52
2986,25/06/2019,82,89,24,86,60,09
2987,27/06/2019,83,90,09,[68],[82],60
2988,29/06/2019,82,83,85,77,89,09
2989,01/07/2019,82,83,01,06,43,59
2990,02/07/2019,82,83,01,[49],63,06
2991,03/07/2019,83,63,[80],01,86,40
2992,05/07/2019,83,82,63,40,43,01
2993,09/07/2019,82,83,[43],90,40,63
2994,11/07/2019,52,83,82,89,68,01
2995,12/07/2019,82,83,49,86,01,59
2996,13/07/2019,68,82,49,[90],89,01
2997,16/07/2019,19,68,82,49,01,83
2998,18/07/2019,[68],77,90,19,86,06
2999,20/07/2019,90,68,82,17,47,10
3000,23/07/2019,90,82,83,86,01,19
3001,25/07/2019,90,68,83,10,47,01
3002,27/07/2019,90,68,19,32,82,89
3003,30/07/2019,90,82,77,68,32,01
3004,01/08/2019,90,83,01,82,68,19
3005,06/08/2019,90,83,77,68,87,32
3006,08/08/2019,90,47,87,82,85,88
3007,10/08/2019,71,90,83,77,01,86
3008,13/08/2019,19,83,90,22,68,01
3009,17/08/2019,90,71,86,19,83,87
3010,19/08/2019,90,82,83,[17],32,01
3011,20/08/2019,77,06,32,90,83,19
3012,22/08/2019,82,77,90,85,86,32
3013,24/08/2019,19,[86],88,87,83,85
3014,27/08/2019,32,85,90,19,06,83
3015,29/08/2019,47,77,85,19,[37],56
3016,31/08/2019,19,56,85,90,42,47
3017,02/09/2019,56,[90],32,85,19,82
3018,03/09/2019,85,32,56,19,43,47
3019,04/09/2019,56,47,19,85,77,89
3020,05/09/2019,19,56,50,85,37,90
3021,07/09/2019,85,37,19,56,90,47
3022,11/09/2019,85,37,19,47,[43],32
3023,14/09/2019,85,42,37,62,19,56
3024,17/09/2019,85,56,14,32,62,37
3025,19/09/2019,85,82,43,[50],19,[56]
3026,21/09/2019,85,90,86,49,82,19
3027,24/09/2019,85,42,90,49,47,19
3028,26/09/2019,37,85,[42],[90],15,19
3029,28/09/2019,85,[37],51,43,47,[77]
3030,01/10/2019,85,14,51,82,37,55
3031,08/10/2019,85,43,06,19,55,62
3032,09/10/2019,85,19,68,06,62,90
3033,10/10/2019,85,19,90,62,37,[42]
3034,12/10/2019,19,85,62,[37],[42],86
3035,15/10/2019,85,19,62,37,14,77
3036,17/10/2019,85,19,62,90,87,88
3037,19/10/2019,85,62,55,88,37,86
3038,22/10/2019,85,82,15,62,37,90
3039,24/10/2019,85,37,62,55,[82],77
3040,26/10/2019,37,85,42,77,55,15
3041,29/10/2019,85,37,79,62,82,19
3042,31/10/2019,42,85,77,15,90,37
3043,04/11/2019,[85],42,65,79,62,82
3044,05/11/2019,79,42,19,62,15,90
3045,06/11/2019,37,90,77,42,69,65
3046,07/11/2019,62,19,[15],37,81,27
3047,14/11/2019,90,37,79,19,89,15
3048,16/11/2019,19,79,37,[86],06,62
3049,19/11/2019,37,62,90,15,85,23
3050,21/11/2019,37,79,86,87,62,65
3051,23/11/2019,[79],37,77,62,06,82
3052,26/11/2019,[79],82,62,65,85,77
3053,28/11/2019,77,79,82,62,65,15
3054,30/11/2019,62,71,79,06,69,15
3055,01/12/2019,82,71,69,79,77,[62]
3056,02/12/2019,[69],71,77,79,06,27
3057,03/12/2019,42,79,55,71,70,85
3058,09/12/2019,79,37,65,71,52,15
3059,10/12/2019,[79],37,77,42,70,52
3060,11/12/2019,79,82,90,65,04,71
3061,12/12/2019,82,[71],79,06,88,55
3062,14/12/2019,79,85,88,77,86,70
3063,17/12/2019,70,85,[88],79,90,06
3064,19/12/2019,79,82,65,70,87,85
3065,21/12/2019,79,85,82,01,86,70
3066,23/12/2019,79,37,82,06,70,81
3067,24/12/2019,79,[82],70,77,52,[90]
3068,28/12/2019,70,77,79,01,37,06
3069,31/12/2019,70,01,79,82,85,65
3070,02/01/2020,70,01,34,69,85,90
3071,06/01/2020,34,01,70,79,[65],06
3072,08/01/2020,01,06,70,65,86,89
3073,09/01/2020,79,90,52,27,70,65
3074,10/01/2020,88,65,82,70,89,90
3075,12/01/2020,65,52,66,87,70,89
3076,14/01/2020,[85],90,[01],70,34,79
3077,16/01/2020,90,79,27,70,59,54
3078,18/01/2020,82,[79],90,27,70,[87]
3079,21/01/2020,[70],65,90,79,82,80
3080,23/01/2020,34,90,77,27,79,[81]
3081,25/01/2020,79,[90],32,77,82,24
3082,28/01/2020,79,32,52,82,65,59
3083,30/01/2020,79,65,59,52,80,32
3084,01/02/2020,65,90,82,79,41,[85]
3085,07/02/2020,65,90,[79],82,27,85
3086,13/02/2020,79,65,90,85,27,88
3087,15/02/2020,79,90,[65],32,87,52
3088,18/02/2020,79,65,37,16,32,[82]
3089,20/02/2020,90,79,77,86,65,32
3090,22/02/2020,79,90,32,55,27,82
3091,25/02/2020,79,90,59,82,55,87
3092,27/02/2020,16,41,77,82,[79],15
3093,29/02/2020,90,79,55,82,32,41
3094,03/03/2020,90,79,77,82,27,65
3095,09/03/2020,90,79,77,27,82,89
3096,10/03/2020,24,27,90,[79],89,41
3097,11/03/2020,79,90,24,88,89,87
3098,12/03/2020,79,90,24,82,85,55
3099,14/03/2020,88,90,79,87,[47],41
3100,17/03/2020,79,82,90,37,27,77
3101,19/03/2020,79,77,41,55,90,27
3102,21/03/2020,41,79,55,90,82,27
3103,01/04/2020,27,[37],17,41,79,34
3104,02/04/2020,[79],32,17,87,27,26
3105,06/04/2020,24,27,90,41,79,85
3106,07/04/2020,24,27,90,79,17,41
3107,08/04/2020,24,90,27,79,17,65
3108,03/05/2020,17,24,27,79,28,66
3109,05/05/2020,90,28,24,27,79,26
3110,09/05/2020,79,28,26,65,24,05
3111,11/05/2020,79,16,17,88,28,65
3112,12/05/2020,79,90,17,88,45,28
3113,14/05/2020,79,90,88,[17],28,82
3114,16/05/2020,79,17,65,05,41,88
3115,19/05/2020,05,17,[66],65,88,90
3116,21/05/2020,77,88,65,05,32,[81]
3117,23/05/2020,90,88,[05],77,79,[82]
3118,26/05/2020,88,90,65,77,79,06
3119,28/05/2020,88,79,90,77,17,32
3120,30/05/2020,77,88,90,32,65,05
3121,02/06/2020,88,77,90,05,[82],[65]
3122,06/06/2020,90,77,88,17,05,[79]
3123,08/06/2020,88,77,90,82,05,26
3124,10/06/2020,88,77,90,05,06,79
3125,13/06/2020,77,90,82,88,05,85
3126,16/06/2020,77,90,06,88,05,09
3127,18/06/2020,05,77,90,88,82,[06]
3128,20/06/2020,88,77,90,82,05,09
3129,23/06/2020,88,77,65,82,05,90
3130,25/06/2020,77,90,88,05,65,[85]
3131,27/06/2020,88,77,82,90,36,65
3132,30/06/2020,77,88,90,82,65,86
3133,01/07/2020,77,88,90,82,65,17
3134,03/07/2020,77,88,90,65,82,[85]
3135,05/07/2020,77,90,88,17,79,65
3136,07/07/2020,77,79,[88],17,[29],65
3137,11/07/2020,[82],90,77,16,65,09
3138,12/07/2020,[90],77,82,88,29,09
3139,14/07/2020,77,79,65,[82],09,57
3140,16/07/2020,77,82,85,16,09,05
3141,18/07/2020,77,82,85,05,79,86
3142,21/07/2020,77,[34],82,16,36,09
3143,23/07/2020,77,32,82,16,[29],85
3144,25/07/2020,82,77,29,85,79,65
3145,28/07/2020,77,[82],85,29,65,83
3146,30/07/2020,82,77,09,29,79,85
3147,02/08/2020,82,77,65,29,[85],45
3148,08/08/2020,82,77,29,09,85,79
3149,09/08/2020,82,55,77,29,[69],09
3150,10/08/2020,77,82,29,70,09,55
3151,13/08/2020,82,77,16,29,09,79
3152,17/08/2020,82,[77],29,70,[79],85
3153,18/08/2020,82,[65],79,29,85,43
3154,20/08/2020,82,55,35,29,38,79
3155,22/08/2020,82,29,35,[47],88,55
3156,25/08/2020,82,29,55,50,45,65
3157,27/08/2020,82,29,77,50,55,85
3158,29/08/2020,82,29,[55],85,79,57
3159,01/09/2020,82,50,[55],35,29,79
3160,05/09/2020,82,55,29,88,49,35
3161,06/09/2020,82,29,55,88,77,79
3162,07/09/2020,82,29,85,55,45,79
3163,15/09/2020,55,82,77,79,86,43
3164,17/09/2020,55,82,[29],38,45,79
3165,19/09/2020,82,29,55,86,38,79
3166,22/09/2020,82,[55],29,45,79,35
3167,24/09/2020,82,55,70,45,29,68
3168,26/09/2020,82,55,50,81,29,68
3169,29/09/2020,82,55,[81],68,29,79
3170,03/10/2020,55,82,29,68,15,79
3171,09/10/2020,55,79,29,82,21,68
3172,10/10/2020,55,82,[15],68,36,57
3173,11/10/2020,82,55,68,36,77,29
3174,12/10/2020,29,82,85,68,79,36
3175,13/10/2020,82,68,[79],21,36,[85]
3176,15/10/2020,55,82,35,36,[68],56
3177,17/10/2020,82,[55],85,29,36,77
3178,20/10/2020,55,82,35,77,[29],72
3179,22/10/2020,55,82,29,35,85,77
3180,24/10/2020,82,55,29,85,72,70
3181,27/10/2020,82,29,85,[55],35,74
3182,29/10/2020,82,29,55,65,85,49
3183,31/10/2020,55,85,[82],29,[35],15
3184,01/11/2020,55,29,85,82,20,35
3185,02/11/2020,29,55,82,79,85,35
3186,06/11/2020,55,85,29,82,20,15
3187,07/11/2020,55,82,90,83,35,77
3188,08/11/2020,55,82,01,15,35,29
3189,14/11/2020,55,83,82,85,49,81
3190,17/11/2020,[55],35,83,74,70,78
3191,19/11/2020,55,83,82,74,85,66
3192,21/11/2020,[82],[55],74,85,83,90
3193,24/11/2020,55,29,82,49,45,85
3194,26/11/2020,55,82,79,90,66,83
3195,28/11/2020,83,55,59,82,74,77
3196,03/12/2020,55,66,59,88,11,74
3197,05/12/2020,[85],74,[55],82,88,59
3198,09/12/2020,55,74,83,66,82,59
3199,11/12/2020,55,82,80,83,29,74
3200,12/12/2020,55,82,83,80,35,[85]
3201,15/12/2020,74,66,05,77,55,83
3202,17/12/2020,74,71,66,[05],29,55
3203,19/12/2020,74,54,71,[66],29,70
3204,22/12/2020,83,74,71,54,70,55
3205,24/12/2020,55,74,77,70,83,27
3206,28/12/2020,55,74,[54],70,71,88
3207,29/12/2020,70,[74],55,85,29,83
3208,31/12/2020,70,55,85,71,90,89
3209,04/01/2021,70,85,55,71,29,56
3210,06/01/2021,70,85,55,33,82,77
3211,07/01/2021,70,82,55,77,85,33
3212,14/01/2021,70,55,71,82,85,33
3213,16/01/2021,70,71,55,04,33,82
3214,19/01/2021,70,55,04,71,82,15
3215,21/01/2021,70,55,82,86,33,71
3216,23/01/2021,70,82,55,04,48,86
3217,26/01/2021,70,88,82,55,33,04
3218,28/01/2021,70,55,82,88,16,09
3219,30/01/2021,70,45,85,33,55,82
3220,01/02/2021,70,85,86,82,04,71
3221,02/02/2021,70,82,71,55,85,[78]
3222,03/02/2021,70,85,73,55,82,[77]
3223,09/02/2021,70,82,71,55,85,33
3224,10/02/2021,70,[71],55,33,82,73
3225,11/02/2021,70,[55],33,82,04,88
3226,12/02/2021,[70],82,55,33,04,73
3227,13/02/2021,82,33,15,35,01,[77]
3228,16/02/2021,82,33,01,04,55,15
3229,18/02/2021,82,33,01,85,77,04
3230,20/02/2021,33,82,01,04,85,35
3231,23/02/2021,82,33,39,86,04,01
3232,25/02/2021,82,33,70,01,49,69
3233,27/02/2021,82,33,88,77,85,[86]
3234,04/03/2021,82,85,88,[01],49,33
3235,05/03/2021,82,49,33,85,23,77
3236,06/03/2021,82,85,33,49,55,23
3237,07/03/2021,82,33,49,23,[85],15
3238,08/03/2021,82,86,49,33,23,39
3239,13/03/2021,82,33,49,04,23,77
3240,16/03/2021,49,82,86,33,04,23
3241,18/03/2021,86,82,33,49,04,23
3242,20/03/2021,33,82,49,04,23,86
3243,23/03/2021,49,82,33,23,77,86
3244,25/03/2021,82,33,23,49,[86],04
3245,27/03/2021,33,[82],23,49,77,43
3246,30/03/2021,49,04,33,77,90,23
3247,02/04/2021,49,33,86,04,77,72
3248,03/04/2021,15,[04],33,65,49,[77]
3249,05/04/2021,86,33,49,64,65,44
3250,09/04/2021,15,86,65,33,49,82
3251,11/04/2021,86,33,49,77,65,45
3252,12/04/2021,77,55,33,82,49,86
3253,13/04/2021,33,49,82,72,86,12
3254,15/04/2021,86,49,[33],15,[72],64
3255,17/04/2021,86,77,55,82,49,72
3256,20/04/2021,49,90,64,23,86,77
3257,22/04/2021,49,64,23,[72],85,68
3258,24/04/2021,23,49,90,64,82,[34]
3259,27/04/2021,55,23,[49],90,77,50
3260,29/04/2021,68,90,23,54,86,[64]
3261,01/05/2021,68,23,50,72,15,24
3262,06/05/2021,23,[85],86,72,68,90
3263,08/05/2021,23,60,86,68,77,90
3264,10/05/2021,90,23,68,86,41,24
3265,13/05/2021,54,23,24,72,68,90
3266,15/05/2021,90,55,77,23,54,68
3267,18/05/2021,68,90,23,45,67,54
3268,20/05/2021,68,45,77,23,90,72
3269,22/05/2021,23,68,55,88,09,24
3270,25/05/2021,23,90,09,24,62,41
3271,27/05/2021,23,68,09,90,18,72
3272,29/05/2021,[23],54,68,03,09,50
3273,02/06/2021,90,09,40,68,03,54
3274,03/06/2021,03,90,54,09,[72],68
3275,04/06/2021,68,54,41,55,85,09
3276,05/06/2021,54,90,09,85,68,03
3277,07/06/2021,03,54,09,72,62,68
3278,11/06/2021,54,68,03,41,09,90
3279,15/06/2021,68,[54],03,09,26,90
3280,17/06/2021,68,18,85,17,90,03
3281,19/06/2021,68,90,26,18,[85],77
3282,22/06/2021,[68],90,18,26,43,70
3283,24/06/2021,70,18,62,68,90,17
3284,26/06/2021,70,18,68,90,17,60
3285,29/06/2021,70,26,18,17,68,09
3286,01/07/2021,70,17,09,18,43,60
3287,08/07/2021,70,68,18,17,90,09
3288,09/07/2021,70,90,68,26,18,43
3289,10/07/2021,70,90,43,[18],60,68
3290,12/07/2021,90,70,[09],43,68,81
3291,13/07/2021,[68],[70],90,35,77,17
3292,15/07/2021,35,90,89,68,17,[02]
3293,17/07/2021,68,89,72,43,17,90
3294,20/07/2021,68,[90],35,85,17,89
3295,22/07/2021,17,68,85,77,35,16
3296,24/07/2021,17,68,16,32,35,86
3297,27/07/2021,68,17,16,35,85,15
3298,29/07/2021,68,17,[89],85,70,86
3299,31/07/2021,08,68,32,17,85,70
3300,04/08/2021,68,17,16,87,70,43
3301,05/08/2021,17,68,15,16,80,75
3302,06/08/2021,17,32,80,75,[86],77
3303,07/08/2021,17,68,43,75,32,87
3304,14/08/2021,32,75,17,16,85,68
3305,17/08/2021,32,75,17,85,68,80
3306,19/08/2021,75,68,17,32,85,[80]
3307,21/08/2021,17,43,32,75,16,[08]
3308,24/08/2021,15,[43],17,16,75,32
3309,26/08/2021,[32],[17],75,16,46,13
3310,28/08/2021,16,68,13,75,05,72
3311,31/08/2021,75,43,16,[05],89,51
3312,01/09/2021,75,[16],41,13,69,62
3313,02/09/2021,69,75,46,13,42,62
3314,03/09/2021,46,69,75,62,41,43
3315,09/09/2021,75,62,68,43,13,46
3316,10/09/2021,75,69,62,85,87,55
3317,11/09/2021,75,69,62,43,13,46
3318,12/09/2021,[75],62,69,41,76,86
3319,14/09/2021,[69],46,62,86,89,72
3320,16/09/2021,62,51,41,13,85,43
3321,18/09/2021,62,41,51,78,13,66
3322,21/09/2021,62,51,41,85,86,18
3323,23/09/2021,85,62,41,[51],13,78
3324,25/09/2021,[62],13,78,41,86,85
3325,28/09/2021,89,72,88,87,77,39
3326,30/09/2021,41,39,85,86,68,13
3327,04/10/2021,41,85,[67],13,30,39
3328,06/10/2021,78,88,41,89,86,39
3329,07/10/2021,78,[13],26,41,77,86
3330,08/10/2021,41,78,23,77,85,76
3331,14/10/2021,78,86,23,39,72,41
3332,16/10/2021,06,78,[41],85,68,30
3333,19/10/2021,85,39,26,30,78,55
3334,21/10/2021,85,87,30,78,89,[26]
3335,23/10/2021,85,78,23,89,30,39
3336,26/10/2021,78,85,23,89,39,30
3337,28/10/2021,85,87,78,39,23,14
3338,30/10/2021,78,85,39,23,06,68
3339,02/11/2021,85,78,39,71,23,55
3340,03/11/2021,78,85,23,87,89,30
3341,05/11/2021,78,85,39,[23],55,76
3342,09/11/2021,[85],78,82,71,39,55
3343,11/11/2021,78,71,39,[65],82,72
3344,12/11/2021,71,55,39,78,82,86
3345,13/11/2021,82,78,55,71,39,63
3346,16/11/2021,55,63,82,39,78,06
3347,18/11/2021,55,78,82,39,63,89
3348,20/11/2021,55,39,89,78,82,63
3349,23/11/2021,39,55,49,82,78,87
3350,25/11/2021,87,39,55,78,49,86
3351,27/11/2021,39,[78],55,86,87,85
3352,30/11/2021,55,85,39,86,81,63
3353,01/12/2021,55,39,86,85,77,63
3354,06/12/2021,55,39,86,85,63,77
3355,08/12/2021,39,[55],85,76,87,86
3356,10/12/2021,39,86,63,[46],66,49
3357,14/12/2021,39,86,63,85,49,03
3358,16/12/2021,86,39,63,85,18,87
3359,18/12/2021,39,86,63,18,74,50
3360,21/12/2021,39,86,[87],03,18,85
3361,23/12/2021,39,86,87,85,18,76
3362,27/12/2021,86,39,85,76,18,63
3363,28/12/2021,39,86,85,18,87,63
3364,30/12/2021,39,[86],18,82,63,85
3365,02/01/2022,39,18,74,77,85,87
3366,03/01/2022,39,77,86,63,18,74
3367,09/01/2022,39,18,03,06,86,63
3368,10/01/2022,39,18,86,63,06,74
3369,12/01/2022,39,86,18,63,06,87
3370,13/01/2022,39,06,18,63,41,86
3371,15/01/2022,39,18,85,74,77,60
3372,18/01/2022,39,86,18,87,63,74
3373,20/01/2022,87,39,86,18,85,63
3374,22/01/2022,18,39,86,74,85,[50]
3375,25/01/2022,39,85,86,18,63,74
3376,27/01/2022,10,39,18,[63],[74],85
3377,29/01/2022,39,85,77,76,18,19
3378,04/02/2022,39,85,18,77,06,86
3379,07/02/2022,39,86,85,19,10,18
3380,08/02/2022,85,39,86,18,89,36
3381,15/02/2022,39,85,86,36,18,89
3382,17/02/2022,39,[85],86,18,06,89
3383,19/02/2022,86,39,87,18,49,89
3384,22/02/2022,86,68,85,87,39,18
3385,24/02/2022,49,85,86,39,18,68
3386,26/02/2022,39,86,18,71,[87],42
3387,01/03/2022,87,39,86,89,18,06
3388,02/03/2022,86,22,18,06,39,87
3389,03/03/2022,86,39,18,06,42,71
3390,05/03/2022,18,39,86,22,08,71
3391,09/03/2022,39,18,87,[22],42,71
3392,11/03/2022,39,18,07,42,71,06
3393,12/03/2022,39,87,18,77,07,42
3394,15/03/2022,39,18,[86],68,07,42
3395,17/03/2022,39,18,23,[55],72,07
3396,19/03/2022,39,18,06,88,07,42
3397,22/03/2022,39,18,85,42,71,72
3398,24/03/2022,18,39,85,71,42,72
3399,26/03/2022,39,18,07,72,42,71
3400,29/03/2022,71,39,[72],18,42,07
3401,31/03/2022,39,85,18,68,42,07
3402,01/04/2022,39,85,[18],07,68,42
3403,06/04/2022,39,68,[71],42,85,12
3404,08/04/2022,39,42,38,86,90,85
3405,10/04/2022,39,37,77,86,90,85
3406,14/04/2022,39,90,68,28,07,42
3407,16/04/2022,39,55,90,57,49,89
3408,19/04/2022,39,42,90,85,86,12
3409,21/04/2022,39,42,85,09,70,90
3410,23/04/2022,39,42,70,12,85,38
3411,26/04/2022,39,70,42,09,90,58
3412,28/04/2022,39,42,09,[90],85,68
3413,30/04/2022,39,42,58,70,03,79
3414,02/05/2022,[39],38,42,70,41,58
3415,03/05/2022,42,70,[03],[09],86,[58]
3416,04/05/2022,70,42,68,09,[86],19
3417,05/05/2022,42,70,56,89,19,12
3418,07/05/2022,42,70,[86],19,12,56
3419,11/05/2022,70,77,42,[74],85,19
3420,14/05/2022,[42],70,[19],38,85,86
3421,17/05/2022,70,56,86,12,68,85
3422,19/05/2022,70,68,01,56,38,12
3423,21/05/2022,56,70,12,77,66,01
3424,24/05/2022,70,77,12,01,56,68
3425,26/05/2022,70,12,01,56,38,85
3426,28/05/2022,70,38,56,12,85,01
3427,31/05/2022,70,56,01,12,38,36
3428,06/06/2022,70,56,77,12,85,01
3429,08/06/2022,70,12,56,73,55,[01]
3430,09/06/2022,12,70,56,28,36,77
3431,10/06/2022,12,[70],56,[28],85,36
3432,12/06/2022,56,[12],60,68,47,36
3433,14/06/2022,56,75,60,21,36,18
3434,16/06/2022,68,[56],77,[60],75,85
3435,18/06/2022,75,36,15,51,06,77
3436,21/06/2022,69,36,66,47,75,51
3437,23/06/2022,77,85,86,09,36,49
3438,25/06/2022,36,69,75,86,47,51
3439,28/06/2022,[36],75,66,68,85,51
3440,30/06/2022,69,75,85,47,51,68
3441,04/07/2022,66,55,34,68,69,85
3442,05/07/2022,55,47,75,69,85,32
3443,06/07/2022,[69],23,66,86,47,75
3444,07/07/2022,88,47,23,86,75,33
3445,14/07/2022,88,47,23,85,87,86
3446,16/07/2022,88,86,55,47,85,77
3447,19/07/2022,88,33,77,86,32,47
3448,21/07/2022,88,47,57,85,66,86
3449,23/07/2022,88,77,23,86,[32],15
3450,26/07/2022,47,88,23,55,15,[77]
3451,28/07/2022,[88],32,77,23,86,15
3452,30/07/2022,77,86,47,55,23,33
3453,01/08/2022,32,47,55,23,64,66
3454,02/08/2022,32,47,23,77,86,88
3455,03/08/2022,85,47,23,33,77,32
3456,09/08/2022,47,85,66,23,77,86
3457,10/08/2022,77,86,85,47,49,23
3458,11/08/2022,47,61,05,86,66,85
3459,13/08/2022,85,32,86,[88],47,55
3460,16/08/2022,23,77,85,47,05,55
3461,18/08/2022,85,47,[05],23,77,49
3462,20/08/2022,[85],47,[77],23,49,66
3463,23/08/2022,[47],86,32,23,61,88
3464,25/08/2022,77,[86],61,45,23,76
3465,27/08/2022,77,01,23,40,32,[45]
3466,30/08/2022,61,77,[23],86,32,31
3467,04/09/2022,77,61,70,76,01,40
3468,06/09/2022,61,77,86,[32],70,[88]
3469,07/09/2022,77,71,61,76,[70],82
3470,08/09/2022,76,32,86,77,61,66
3471,13/09/2022,77,61,86,66,01,82
3472,15/09/2022,86,77,61,88,82,01
3473,17/09/2022,77,53,61,55,86,32
3474,20/09/2022,53,61,82,[40],49,77
3475,22/09/2022,77,61,82,53,86,[42]
3476,24/09/2022,82,61,48,37,53,77
3477,27/09/2022,82,86,61,48,67,53
3478,29/09/2022,82,61,67,53,77,42
3479,01/10/2022,55,88,82,61,53,77
3480,02/10/2022,55,61,42,82,53,86
3481,03/10/2022,55,86,61,82,67,53
3482,05/10/2022,61,[55],77,82,67,53
3483,09/10/2022,86,82,61,53,77,42
3484,11/10/2022,61,53,42,82,49,86
3485,12/10/2022,61,82,48,53,77,86
3486,13/10/2022,61,82,53,86,48,67
3487,15/10/2022,53,88,48,61,67,82
3488,18/10/2022,53,61,48,82,86,88
3489,20/10/2022,82,[67],61,53,86,83
3490,22/10/2022,82,[53],88,61,24,62
3491,25/10/2022,82,61,77,86,81,88
3492,27/10/2022,66,77,61,42,25,82
3493,29/10/2022,77,61,82,87,36,55
3494,31/10/2022,82,61,54,34,55,87
3495,01/11/2022,61,82,87,83,[24],36
3496,06/11/2022,61,82,36,87,77,86
3497,08/11/2022,61,36,82,[87],86,88
3498,10/11/2022,61,36,82,25,31,88
3499,15/11/2022,[86],88,32,77,61,82
3500,17/11/2022,82,86,42,[88],90,61
3501,19/11/2022,82,61,78,36,86,43
3502,22/11/2022,82,77,86,61,85,36
3503,24/11/2022,[88],61,82,36,77,90
3504,26/11/2022,77,86,85,[61],82,88
3505,29/11/2022,82,54,90,36,77,[60]
3506,02/12/2022,82,36,[77],86,88,42
3507,03/12/2022,82,36,66,88,54,90
3508,04/12/2022,39,[32],36,90,82,85
3509,05/12/2022,36,32,90,82,88,07
3510,07/12/2022,82,36,90,42,32,55
3511,11/12/2022,90,[82],07,36,88,[32]
3512,12/12/2022,90,88,32,89,36,[86]
3513,13/12/2022,86,90,89,88,36,66
3514,15/12/2022,36,86,90,89,88,[32]
3515,17/12/2022,86,36,89,32,02,07
3516,20/12/2022,[07],89,42,36,86,55
3517,22/12/2022,86,36,32,02,[09],90
3518,24/12/2022,89,36,86,32,62,88
3519,27/12/2022,90,86,02,36,89,88
3520,29/12/2022,62,32,86,36,[02],89
3521,31/12/2022,32,36,62,89,90,81
3522,04/01/2023,62,86,32,90,55,[36]
3523,06/01/2023,[89],32,45,[90],62,50
3524,07/01/2023,55,86,32,62,45,50
3525,08/01/2023,[32],88,55,42,86,53
3526,09/01/2023,55,32,81,86,68,88
3527,12/01/2023,32,62,79,55,10,81
3528,14/01/2023,55,86,62,32,50,88
3529,17/01/2023,86,85,32,55,81,66
3530,19/01/2023,62,86,32,55,81,39
3531,21/01/2023,55,50,32,68,62,81
3532,24/01/2023,[55],86,32,62,88,50
3533,26/01/2023,32,62,50,[86],45,31
3534,28/01/2023,62,32,50,88,45,31
3535,31/01/2023,62,31,50,86,32,45
3536,02/02/2023,49,50,32,45,84,48
3537,03/02/2023,45,49,50,32,62,88
3538,05/02/2023,62,45,50,77,32,[86]
3539,09/02/2023,77,88,62,84,50,81
3540,11/02/2023,88,62,84,50,77,32
3541,12/02/2023,50,86,32,84,38,62
3542,14/02/2023,77,32,84,82,62,81
3543,16/02/2023,77,32,62,45,84,86
3544,18/02/2023,77,32,62,86,50,88
3545,21/02/2023,86,62,77,50,81,88
3546,23/02/2023,32,19,35,62,39,86
3547,25/02/2023,62,86,77,50,32,35
3548,28/02/2023,32,45,62,35,77,[50]
3549,01/03/2023,32,62,45,48,19,86
3550,06/03/2023,62,32,86,[27],77,19
3551,08/03/2023,86,32,62,19,77,84
3552,10/03/2023,62,86,32,45,[84],77
3553,11/03/2023,62,77,32,86,85,19
3554,14/03/2023,77,32,62,86,19,45
3555,16/03/2023,77,32,62,26,55,19
3556,18/03/2023,77,[35],32,62,[69],88
3557,21/03/2023,77,32,26,62,05,55
3558,23/03/2023,77,32,62,05,53,88
3559,25/03/2023,77,62,55,85,05,32
3560,28/03/2023,77,32,[62],85,02,55
3561,30/03/2023,77,32,18,55,88,34
3562,02/04/2023,77,32,18,02,05,55
3563,03/04/2023,77,32,86,05,18,88
3564,04/04/2023,77,32,86,[88],02,55
3565,05/04/2023,77,32,86,05,55,18
3566,07/04/2023,77,18,32,55,88,05
3567,08/04/2023,77,32,18,86,88,78
3568,11/04/2023,77,32,[59],55,18,88
3569,13/04/2023,77,32,55,86,18,15
3570,15/04/2023,77,55,[86],32,18,06
3571,18/04/2023,77,55,32,18,88,06
3572,20/04/2023,77,55,32,18,88,68
3573,22/04/2023,77,55,32,[18],43,88
3574,24/04/2023,77,55,32,78,86,70
3575,27/04/2023,[77],32,55,70,78,88
3576,29/04/2023,32,[55],70,78,60,68
3577,01/05/2023,32,78,70,86,77,53
3578,08/05/2023,32,78,70,14,53,52
3579,09/05/2023,32,70,78,40,74,[14]
3580,10/05/2023,32,78,70,61,60,74
3581,12/05/2023,88,32,86,78,61,70
3582,13/05/2023,61,32,70,40,88,86
3583,16/05/2023,70,06,61,32,[77],08
3584,18/05/2023,32,61,06,78,70,60
3585,20/05/2023,[32],61,78,[70],01,88
3586,23/05/2023,61,40,53,60,78,85
3587,25/05/2023,42,61,53,60,[40],06
3588,27/05/2023,[78],74,61,53,60,01
3589,30/05/2023,53,61,83,60,01,74
3590,04/06/2023,83,53,61,01,60,22
3591,05/06/2023,01,61,83,[74],53,60
3592,06/06/2023,85,[61],53,60,42,01
3593,07/06/2023,42,01,85,60,77,[53]
3594,10/06/2023,85,42,01,83,60,34
3595,13/06/2023,85,08,77,42,01,83
3596,15/06/2023,85,08,01,83,60,06
3597,17/06/2023,85,01,77,88,08,83
3598,20/06/2023,85,01,32,83,34,08
3599,22/06/2023,85,83,08,01,60,34
3600,24/06/2023,85,60,[01],83,08,34
3601,27/06/2023,85,83,60,08,88,[80]
3602,29/06/2023,83,08,85,60,34,77
3603,01/07/2023,08,85,77,83,42,[60]
3604,02/07/2023,08,85,77,88,83,22
3605,03/07/2023,85,08,83,77,86,29
3606,07/07/2023,[85],08,[83],77,29,68
3607,09/07/2023,08,68,77,86,66,29
3608,10/07/2023,08,77,88,68,06,86
3609,11/07/2023,08,86,77,68,66,11
3610,12/07/2023,08,66,[68],77,86,[42]
3611,13/07/2023,86,08,77,06,85,42
3612,14/07/2023,08,77,66,[43],75,86
3613,15/07/2023,08,42,66,75,86,77
3614,18/07/2023,42,77,08,86,75,66
3615,20/07/2023,08,75,29,77,86,[88]
3616,21/07/2023,86,77,08,66,42,29
3617,22/07/2023,08,77,86,29,42,66
3618,25/07/2023,08,86,77,29,75,42
3619,27/07/2023,08,42,77,66,86,75
3620,28/07/2023,08,77,66,86,88,42
3621,29/07/2023,08,77,86,66,42,75
3622,04/08/2023,08,86,77,29,88,42
3623,06/08/2023,[08],77,[66],75,86,29
3624,07/08/2023,77,11,86,[28],75,29
3625,08/08/2023,77,86,11,42,75,29
3626,09/08/2023,77,[86],62,79,75,08
3627,14/08/2023,[77],88,16,42,75,86
3628,17/08/2023,08,86,88,79,77,42
3629,18/08/2023,29,86,88,32,11,75
3630,19/08/2023,11,75,86,29,42,85
3631,22/08/2023,[75],11,72,29,42,77
3632,24/08/2023,88,72,86,11,42,08
3633,25/08/2023,86,88,72,[41],[77],08
3634,26/08/2023,86,71,42,[08],[11],58
3635,29/08/2023,77,86,85,41,08,42
3636,31/08/2023,77,86,41,05,08,42
3637,02/09/2023,77,86,16,42,65,79
3638,03/09/2023,79,08,86,[77],85,88
3639,05/09/2023,86,79,88,08,85,49
3640,09/09/2023,86,42,85,77,08,79
3641,11/09/2023,41,86,42,79,[85],08
3642,12/09/2023,86,[41],88,29,08,79
3643,14/09/2023,86,[79],08,03,[29],36
3644,15/09/2023,86,06,88,16,77,08
3645,16/09/2023,[86],03,77,05,18,[23]
3646,19/09/2023,88,08,36,16,77,24
3647,21/09/2023,88,74,08,36,42,23
3648,22/09/2023,42,36,88,08,41,77
3649,23/09/2023,88,41,86,42,08,05
3650,26/09/2023,88,08,16,77,07,24
3651,28/09/2023,88,77,36,08,16,07
3652,29/09/2023,88,16,36,[06],24,08
3653,30/09/2023,88,16,62,77,07,24
3654,01/10/2023,88,62,16,77,07,[24]
3655,06/10/2023,88,62,06,16,07,[08]
3656,08/10/2023,88,16,85,62,77,[86]
3657,10/10/2023,[88],62,16,42,07,08
3658,11/10/2023,[62],86,88,16,02,41
3659,13/10/2023,65,02,06,[77],88,83
3660,14/10/2023,02,86,16,77,65,41
3661,17/10/2023,86,02,77,41,88,[16]
3662,19/10/2023,86,88,02,50,74,77
3663,20/10/2023,86,50,77,02,88,37
3664,21/10/2023,86,88,77,02,50,08
3665,24/10/2023,86,88,26,02,50,65
3666,26/10/2023,86,88,26,02,50,65
3667,27/10/2023,26,50,86,02,65,88
3668,28/10/2023,50,02,26,86,06,88
3669,31/10/2023,50,88,02,26,86,06
3670,02/11/2023,86,50,88,26,02,41
3671,03/11/2023,50,86,88,26,02,65
3672,04/11/2023,86,88,26,02,50,65
3673,05/11/2023,86,23,88,26,02,50
3674,07/11/2023,86,88,26,02,50,23
3675,08/11/2023,86,88,02,50,85,23
3676,11/11/2023,50,86,88,02,47,[23]
3677,12/11/2023,86,77,02,[50],47,88
3678,14/11/2023,86,02,77,47,13,26
3679,16/11/2023,86,85,06,02,41,23
3680,17/11/2023,02,86,[23],41,13,26
3681,18/11/2023,02,41,86,32,13,26
3682,21/11/2023,[86],47,26,02,13,85
3683,23/11/2023,26,02,41,13,47,36
3684,24/11/2023,26,02,86,41,[13],[47]
3685,25/11/2023,26,02,52,86,41,36
3686,28/11/2023,36,86,02,26,[49],23
3687,30/11/2023,[86],88,44,26,85,02
3688,01/12/2023,88,02,26,36,[44],15
3689,08/12/2023,86,[02],36,41,15,26
3690,09/12/2023,86,15,06,23,77,72
3691,10/12/2023,77,86,[36],15,72,81
3692,12/12/2023,86,32,41,77,58,15
3693,14/12/2023,72,77,[86],88,41,15
3694,15/12/2023,86,32,88,72,41,87
3695,16/12/2023,86,32,77,88,41,72
3696,18/12/2023,86,41,88,32,72,77
3697,19/12/2023,86,41,32,74,72,58
3698,21/12/2023,86,41,[77],88,[32],03
3699,22/12/2023,86,04,41,23,28,17
3700,23/12/2023,86,17,88,41,72,55
3701,28/12/2023,[86],76,88,41,17,55
3702,29/12/2023,86,88,17,76,41,43
3703,30/12/2023,86,88,41,85,87,89
3704,02/01/2024,86,85,88,41,58,28
3705,03/01/2024,86,88,28,41,72,85
3706,06/01/2024,86,41,88,58,81,06
3707,08/01/2024,86,41,72,81,28,52
3708,10/01/2024,86,76,72,41,75,23
3709,13/01/2024,86,72,06,76,41,81
3710,16/01/2024,[86],72,41,03,04,88
3711,18/01/2024,86,72,18,04,76,88
3712,19/01/2024,86,29,17,18,03,76
3713,20/01/2024,86,41,29,18,34,77
3714,23/01/2024,86,88,41,[52],18,29
3715,25/01/2024,[86],41,85,88,18,23
3716,26/01/2024,86,88,85,41,34,18
3717,27/01/2024,86,41,04,34,76,88
3718,30/01/2024,86,41,88,77,34,[89]
3719,01/02/2024,86,41,04,88,77,58
3720,02/02/2024,41,86,88,04,52,72
3721,03/02/2024,41,72,86,18,31,34
3722,04/02/2024,41,86,[72],77,18,31
3723,05/02/2024,86,12,77,41,18,31
3724,07/02/2024,86,12,41,77,88,18
3725,08/02/2024,86,12,88,77,18,41
3726,11/02/2024,86,12,88,18,[77],41
3727,13/02/2024,86,12,88,18,41,04
3728,15/02/2024,86,12,88,18,31,41
3729,16/02/2024,86,[88],12,04,31,18
3730,17/02/2024,86,12,41,06,31,77
3731,20/02/2024,41,86,12,06,31,18
3732,22/02/2024,86,41,12,06,31,18
3733,23/02/2024,86,12,41,06,31,18
3734,24/02/2024,86,12,[87],06,85,88
3735,27/02/2024,86,12,06,88,18,65
3736,29/02/2024,86,12,06,18,85,[88]
3737,02/03/2024,86,[12],18,[06],01,81
3738,05/03/2024,41,86,77,65,08,01
3739,08/03/2024,08,86,01,85,18,41
3740,09/03/2024,08,01,18,86,41,[38]
3741,10/03/2024,79,41,01,08,[86],18
3742,12/03/2024,01,18,77,88,43,08
3743,14/03/2024,01,65,18,86,77,41
3744,15/03/2024,01,31,18,41,88,83
3745,16/03/2024,31,01,18,79,86,41
3746,19/03/2024,18,59,31,01,79,86
3747,21/03/2024,59,79,86,01,31,18
3748,22/03/2024,86,[79],41,38,01,04
3749,23/03/2024,88,31,62,01,18,[79]
3750,26/03/2024,88,86,79,31,04,01
3751,28/03/2024,86,85,77,18,79,88
3752,29/03/2024,86,18,62,01,79,85
3753,30/03/2024,01,18,88,86,85,79
3754,01/04/2024,18,01,86,41,79,38
3755,04/04/2024,86,77,01,18,62,79
3756,05/04/2024,86,77,79,01,[18],38
3757,06/04/2024,88,77,79,86,01,[41]
3758,07/04/2024,86,77,01,79,31,38
3759,10/04/2024,01,04,86,79,41,65
3760,11/04/2024,79,01,04,86,41,88
3761,13/04/2024,[79],31,[01],04,86,41
3762,16/04/2024,86,62,77,41,79,31
3763,18/04/2024,41,62,79,86,04,31
3764,19/04/2024,62,41,86,31,05,79
3765,20/04/2024,62,41,86,49,79,31
3766,23/04/2024,86,79,62,41,04,31
3767,26/04/2024,86,77,79,41,38,49
3768,27/04/2024,86,[62],[41],79,88,49
3769,29/04/2024,41,79,86,49,36,38
3770,30/04/2024,79,41,86,31,77,88
3771,03/05/2024,86,41,77,06,[79],27
3772,04/05/2024,41,79,86,27,66,77
3773,07/05/2024,06,41,79,77,08,49
3774,09/05/2024,41,86,77,79,01,53
3775,10/05/2024,[41],31,79,86,88,27
3776,11/05/2024,86,79,41,[77],49,31
3777,12/05/2024,79,31,41,78,86,49
3778,14/05/2024,79,41,86,31,49,[27]
3779,16/05/2024,79,41,[31],86,32,[27]
3780,17/05/2024,79,86,[41],27,43,49
3781,18/05/2024,86,79,41,27,43,49
3782,21/05/2024,86,41,79,04,78,[49]
3783,23/05/2024,86,79,41,78,46,64
3784,24/05/2024,86,79,78,41,53,90
3785,25/05/2024,86,41,27,79,78,53
3786,28/05/2024,86,78,[41],90,79,55
3787,30/05/2024,86,79,[55],74,78,41
3788,31/05/2024,86,78,41,08,90,74
3789,02/06/2024,86,41,78,90,74,79
3790,04/06/2024,86,41,[78],04,05,74
3791,06/06/2024,86,74,01,41,04,90
3792,07/06/2024,86,41,90,04,77,74
3793,08/06/2024,[86],41,90,79,38,74
3794,09/06/2024,41,79,27,52,04,43
3795,12/06/2024,41,74,79,90,86,01
3796,13/06/2024,86,41,01,88,77,53
3797,14/06/2024,41,90,[86],57,74,27
3798,15/06/2024,74,43,27,86,57,01
3799,18/06/2024,86,57,90,85,25,41
3800,20/06/2024,43,41,52,77,90,86
3801,21/06/2024,85,41,86,01,32,84
3802,22/06/2024,41,86,01,85,43,74
3803,25/06/2024,01,41,12,70,90,85
3804,27/06/2024,86,01,74,41,52,12
3805,28/06/2024,[86],77,85,01,41,43
3806,29/06/2024,86,01,08,74,85,12
3807,03/07/2024,85,86,41,01,08,79
3808,05/07/2024,[85],86,43,60,77,08
3809,06/07/2024,86,08,01,12,85,74
3810,09/07/2024,86,[01],85,60,08,12
3811,11/07/2024,85,86,08,12,60,53
3812,12/07/2024,85,86,08,12,77,17
3813,13/07/2024,85,86,74,08,12,77
3814,16/07/2024,85,86,08,12,74,60
3815,18/07/2024,86,12,08,74,85,60
3816,19/07/2024,85,08,12,[74],86,60
3817,20/07/2024,86,85,60,08,12,17
3818,23/07/2024,86,60,08,12,85,17
3819,25/07/2024,86,08,12,85,77,60
3820,26/07/2024,86,08,12,[85],17,77
3821,27/07/2024,12,85,86,08,54,60
3822,30/07/2024,85,08,86,12,07,50
3823,01/08/2024,85,86,08,12,41,66
3824,02/08/2024,85,86,08,12,43,87
3825,03/08/2024,85,86,84,08,12,07
3826,06/08/2024,85,86,12,07,60,[08]
3827,08/08/2024,85,86,12,07,29,50
3828,10/08/2024,85,54,86,50,12,66
3829,11/08/2024,85,86,12,07,54,27
3830,13/08/2024,[85],86,12,50,07,54
3831,16/08/2024,86,66,[85],54,12,07
3832,17/08/2024,85,[66],86,12,07,50
3833,19/08/2024,85,86,12,54,[07],13
3834,20/08/2024,85,86,12,44,54,13
3835,22/08/2024,85,12,86,54,[18],13
3836,23/08/2024,85,77,12,13,86,29
3837,24/08/2024,86,85,12,13,06,55
3838,27/08/2024,85,86,[12],44,81,54
3839,29/08/2024,85,86,27,44,29,40
3840,30/08/2024,85,[86],44,83,27,29
3841,31/08/2024,85,44,40,86,29,13
3842,01/09/2024,85,[83],44,86,[40],29
3843,02/09/2024,44,85,38,86,88,23
3844,03/09/2024,85,86,44,37,79,88
3845,04/09/2024,85,86,44,76,[23],38
3846,05/09/2024,85,86,44,60,77,50
3847,07/09/2024,85,76,44,86,06,37
3848,08/09/2024,85,37,33,88,44,76
3849,11/09/2024,85,06,23,86,44,67
3850,13/09/2024,85,44,37,06,76,86
3851,14/09/2024,85,[76],44,06,86,37
3852,17/09/2024,85,86,06,13,44,23
3853,19/09/2024,85,86,06,[13],[44],23
3854,20/09/2024,85,86,23,34,06,55
3855,21/09/2024,85,86,37,06,49,13
3856,24/09/2024,85,86,06,60,23,49
3857,26/09/2024,85,86,06,23,37,[13]
3858,27/09/2024,85,06,86,23,37,67
3859,28/09/2024,85,86,06,37,23,54
3860,02/10/2024,[85],[86],06,81,23,13
3861,05/10/2024,[06],85,23,54,76,13
3862,08/10/2024,85,23,86,06,[13],60
3863,09/10/2024,85,06,23,34,69,86
3864,10/10/2024,85,23,[06],69,68,54
3865,12/10/2024,06,86,23,85,[68],[69]
3866,15/10/2024,85,[23],06,86,13,37
3867,17/10/2024,06,86,82,85,67,37
3868,18/10/2024,85,06,67,86,29,49
3869,19/10/2024,06,85,37,[86],82,[67]
3870,22/10/2024,06,[37],29,85,62,82
3871,24/10/2024,85,06,86,66,[29],82
3872,25/10/2024,85,06,86,23,82,10
3873,26/10/2024,06,85,86,23,82,66
3874,29/10/2024,[06],85,23,82,83,86
3875,31/10/2024,06,79,23,14,82,[85]
3876,01/11/2024,06,86,23,60,85,10
3877,04/11/2024,[86],06,66,18,14,23
3878,05/11/2024,06,82,60,70,75,13
3879,06/11/2024,06,82,70,86,66,[14]
3880,07/11/2024,06,70,13,[85],86,66
3881,10/11/2024,06,36,[66],70,85,86
3882,14/11/2024,[36],60,06,85,86,[82]
3883,15/11/2024,86,85,36,62,45,60
3884,16/11/2024,85,86,55,42,36,06
3885,19/11/2024,86,85,06,03,14,[36]
3886,21/11/2024,85,86,36,32,06,55
3887,22/11/2024,86,85,23,73,36,45
3888,23/11/2024,86,85,76,79,[32],23
3889,26/11/2024,85,12,86,76,34,36
3890,28/11/2024,86,85,12,38,45,30
3891,29/11/2024,85,86,76,12,[75],38
3892,30/11/2024,85,86,12,30,76,79
3893,01/12/2024,85,86,38,79,12,36
3894,03/12/2024,76,73,[86],85,12,75
3895,04/12/2024,76,75,12,38,06,86
3896,07/12/2024,76,12,85,36,62,86
3897,09/12/2024,85,86,76,12,62,68
3898,10/12/2024,85,86,06,76,12,79
3899,11/12/2024,85,12,86,62,76,36
3900,12/12/2024,[76],[85],12,86,34,36
3901,13/12/2024,85,12,06,43,86,09
3902,14/12/2024,85,86,12,01,09,30
3903,17/12/2024,85,12,30,86,45,13
3904,19/12/2024,85,86,55,87,12,38
3905,20/12/2024,86,[85],12,09,55,01
3906,21/12/2024,85,86,12,34,01,09
3907,24/12/2024,85,86,12,09,38,01
3908,27/12/2024,85,86,12,01,81,36
3909,28/12/2024,85,86,62,12,01,34
3910,30/12/2024,85,86,12,62,42,01
3911,31/12/2024,85,86,62,12,38,45
3912,02/01/2025,86,85,62,12,38,55
3913,03/01/2025,85,62,38,86,[12],[01]
3914,04/01/2025,86,85,62,38,34,76
3915,07/01/2025,85,86,62,80,38,77
3916,08/01/2025,62,85,57,[86],38,77
3917,14/01/2025,38,62,85,90,86,80
3918,16/01/2025,85,86,62,90,87,55
3919,17/01/2025,85,86,90,62,87,82
3920,18/01/2025,85,62,86,90,77,49
3921,21/01/2025,85,[62],86,82,77,81
3922,23/01/2025,85,86,81,82,55,77
3923,24/01/2025,[85],86,24,55,49,81
3924,25/01/2025,57,82,[24],85,86,81
3925,28/01/2025,85,[48],[82],57,[77],86
3926,30/01/2025,85,86,55,87,90,79
3927,31/01/2025,85,86,87,06,60,36
3928,01/02/2025,85,86,57,55,87,03
3929,05/02/2025,[85],86,57,87,[55],90
3930,08/02/2025,86,85,90,57,60,81
3931,09/02/2025,85,86,81,90,36,79
3932,10/02/2025,85,81,86,80,90,57
3933,12/02/2025,85,86,57,[90],23,62
3934,13/02/2025,86,85,06,80,[62],57
3935,14/02/2025,85,86,80,06,57,50
3936,15/02/2025,[85],86,57,23,80,50
3937,18/02/2025,[85],86,81,55,57,50
3938,20/02/2025,85,86,81,57,36,50
3939,21/02/2025,85,86,57,36,80,81
3940,22/02/2025,85,86,80,57,36,50
3941,25/02/2025,85,86,57,36,50,75
3942,27/02/2025,85,57,86,50,36,06
3943,28/02/2025,85,86,06,57,50,36
3944,01/03/2025,85,86,57,36,50,06
3945,04/03/2025,85,50,86,02,36,[57]
3946,05/03/2025,85,42,06,50,80,36
3947,06/03/2025,85,86,50,80,36,55
3948,07/03/2025,85,50,80,36,86,31
3949,10/03/2025,85,86,61,50,36,62
3950,11/03/2025,[85],[81],86,50,11,[80]
3951,13/03/2025,06,86,85,55,50,36
3952,14/03/2025,86,06,85,50,[36],55
3953,15/03/2025,86,85,06,[50],55,11
3954,18/03/2025,[86],06,85,55,31,61
3955,20/03/2025,85,55,06,62,79,80
3956,21/03/2025,85,06,61,11,55,09
3957,22/03/2025,85,79,06,11,86,55
3958,25/03/2025,85,61,06,09,11,55
3959,27/03/2025,[85],06,55,09,11,61
3960,28/03/2025,85,06,09,55,61,86
3961,29/03/2025,06,[85],79,[09],31,55
3962,01/04/2025,85,06,55,18,79,61
3963,02/04/2025,[85],79,06,55,86,49
3964,03/04/2025,85,49,42,06,86,80
3965,04/04/2025,85,49,06,61,[80],55
3966,07/04/2025,49,85,31,86,55,50
3967,09/04/2025,85,49,86,31,55,24
3968,10/04/2025,85,49,31,42,89,24
3969,11/04/2025,85,49,31,86,24,89
3970,12/04/2025,85,49,14,[45],24,77
3971,15/04/2025,85,49,86,36,77,42
3972,17/04/2025,85,06,45,62,67,77
3973,18/04/2025,85,49,45,48,[11],14
3974,19/04/2025,85,45,49,55,[62],14
3975,22/04/2025,85,55,49,45,31,06
3976,24/04/2025,85,49,45,[55],67,42
3977,26/04/2025,85,45,[24],06,49,39
3978,28/04/2025,85,45,49,48,39,78
3979,29/04/2025,85,45,02,78,49,80
3980,04/05/2025,85,36,31,45,48,86
3981,05/05/2025,85,31,86,45,78,42
3982,06/05/2025,85,45,86,31,18,78
3983,07/05/2025,[85],53,84,31,45,78
3984,08/05/2025,78,45,85,49,[31],53
3985,09/05/2025,85,79,31,45,53,86
3986,12/05/2025,85,49,53,31,78,86
3987,13/05/2025,85,53,78,50,31,45
3988,15/05/2025,85,31,45,53,49,78
3989,16/05/2025,84,85,86,53,78,50
3990,17/05/2025,49,78,53,31,45,85
3991,20/05/2025,78,53,36,86,31,85
3992,22/05/2025,86,53,78,42,31,85
3993,23/05/2025,31,45,53,78,85,86
3994,24/05/2025,[53],86,45,85,78,31
3995,27/05/2025,36,85,50,45,31,86
3996,29/05/2025,36,85,31,84,50,78
3997,30/05/2025,36,85,[31],84,50,78
3998,31/05/2025,36,85,84,50,86,45
3999,02/06/2025,36,31,85,[86],84,50
4000,03/06/2025,85,31,[36],84,50,28
4001,05/06/2025,85,31,18,45,10,08
4002,06/06/2025,85,31,28,18,45,[10]
4003,09/06/2025,85,31,63,77,86,68
4004,11/06/2025,85,18,77,31,36,84
4005,12/06/2025,85,18,31,43,10,45
4006,13/06/2025,85,89,18,77,43,50
4007,14/06/2025,77,85,[18],[86],50,[10]
4008,17/06/2025,85,10,31,[48],45,36
4009,19/06/2025,10,85,63,18,[31],48
4010,20/06/2025,85,10,[86],31,18,64
4011,21/06/2025,48,18,10,31,[50],43
4012,24/06/2025,31,85,45,48,10,43
4013,26/06/2025,85,48,66,31,45,89
4014,27/06/2025,89,86,66,68,85,43
4015,28/06/2025,48,66,89,68,31,12
4016,01/07/2025,31,86,48,45,89,85
4017,02/07/2025,31,86,45,43,63,48
4018,03/07/2025,45,89,48,31,[43],73
4019,06/07/2025,68,66,85,89,45,48
4020,08/07/2025,68,48,18,66,45,89
4021,10/07/2025,48,45,18,31,86,66
4022,11/07/2025,48,86,10,31,45,68
4023,15/07/2025,45,68,89,12,[48],31
4024,17/07/2025,45,48,86,31,12,10
4025,18/07/2025,86,10,45,13,12,48
4026,19/07/2025,86,45,13,12,10,31
4027,22/07/2025,45,31,86,10,18,[85]
4028,24/07/2025,45,86,18,[66],[89],13
4029,25/07/2025,45,86,31,13,57,12
4030,26/07/2025,86,48,45,13,57,12
4031,29/07/2025,85,86,45,44,62,48
4032,31/07/2025,85,86,80,45,48,12
4033,02/08/2025,80,45,[86],85,48,39
4034,03/08/2025,80,45,48,31,55,39
4035,04/08/2025,80,45,[48],62,86,39
4036,05/08/2025,86,45,80,22,39,12
4037,07/08/2025,80,45,86,18,39,12
4038,08/08/2025,85,86,80,45,22,39
4039,11/08/2025,80,85,45,12,86,39
4040,14/08/2025,86,45,80,12,85,13
4041,16/08/2025,85,45,80,12,86,39
4042,18/08/2025,45,80,86,39,85,48
4043,19/08/2025,45,39,80,12,85,86
4044,21/08/2025,[86],80,45,39,85,48
4045,22/08/2025,80,[39],45,85,48,26
4046,23/08/2025,[80],85,45,86,48,26
4047,26/08/2025,26,85,48,86,71,45
4048,28/08/2025,71,45,76,85,86,26
4049,29/08/2025,71,45,48,05,85,86
4050,30/08/2025,45,71,48,85,26,74
4051,01/09/2025,85,86,[71],45,10,06
4052,05/09/2025,[85],79,45,86,18,26
4053,08/09/2025,85,86,26,[45],[18],79
4054,09/09/2025,86,85,49,48,55,50
4055,10/09/2025,85,55,10,86,79,26
4056,12/09/2025,85,55,76,49,[79],86
4057,13/09/2025,49,86,76,85,05,55
4058,16/09/2025,86,85,24,05,49,55
4059,18/09/2025,85,86,79,62,76,[49]
4060,19/09/2025,85,86,[49],55,79,68
4061,20/09/2025,76,86,79,85,10,49
4062,23/09/2025,49,86,79,85,76,51
4063,25/09/2025,49,85,86,62,55,76
4064,26/09/2025,86,76,49,85,44,42
4065,27/09/2025,86,76,85,49,79,42
4066,30/09/2025,86,85,49,79,55,01
4067,01/10/2025,[49],86,85,76,70,24
4068,04/10/2025,86,[85],79,31,[24],42
4069,05/10/2025,86,85,[55],76,79,42
4070,06/10/2025,86,[62],49,85,88,31
4071,07/10/2025,49,85,86,55,18,89
4072,10/10/2025,85,86,48,84,[42],62
4073,14/10/2025,[86],49,48,[31],85,13
4074,16/10/2025,85,49,86,83,84,05
4075,17/10/2025,85,49,86,81,79,83
4076,18/10/2025,85,49,[13],48,83,53
4077,21/10/2025,49,86,85,05,19,79
4078,23/10/2025,49,82,85,86,53,05
4079,24/10/2025,85,49,86,48,06,[05]
4080,25/10/2025,49,62,85,86,87,05
4081,28/10/2025,49,86,85,69,83,05
4082,30/10/2025,49,31,48,86,85,05
4083,31/10/2025,[85],49,48,86,83,87
4084,01/11/2025,49,31,[85],[05],83,48
4085,02/11/2025,48,52,64,49,[86],83
4086,03/11/2025,[48],52,83,64,49,05
4087,04/11/2025,85,86,[49],69,[52],83
4088,07/11/2025,85,87,86,55,49,83
4089,09/11/2025,85,86,87,49,18,62
4090,10/11/2025,85,86,87,[62],88,49
4091,11/11/2025,86,85,87,49,05,83
4092,12/11/2025,49,[85],87,[86],62,83
4093,13/11/2025,49,87,83,88,86,85
4094,14/11/2025,86,87,49,83,85,69
4095,15/11/2025,87,86,49,[85],83,82
4096,18/11/2025,49,87,55,[83],86,05
4097,20/11/2025,49,76,85,87,86,31
4098,21/11/2025,85,49,[86],87,[18],79
4099,22/11/2025,49,88,85,73,87,86
4100,25/11/2025,87,49,86,88,55,34
4101,27/11/2025,55,49,87,85,86,18
4102,28/11/2025,87,85,86,18,34,62
4103,29/11/2025,86,49,87,18,62,85
4104,04/12/2025,86,49,[85],55,87,62
4105,06/12/2025,87,49,86,40,41,78
4106,07/12/2025,87,86,[78],18,58,41
4107,08/12/2025,85,87,86,49,18,09
4108,09/12/2025,85,86,87,49,55,41
4109,12/12/2025,86,85,87,49,41,34
4110,13/12/2025,85,86,87,40,18,55
4111,16/12/2025,85,87,58,86,45,55
4112,18/12/2025,85,86,87,09,60,[77]
4113,19/12/2025,85,86,87,18,49,06
4114,20/12/2025,85,86,87,71,18,45
4115,22/12/2025,71,[85],18,87,09,55
4116,23/12/2025,45,[18],87,71,85,86
4117,27/12/2025,87,85,45,71,09,18
4118,29/12/2025,85,86,55,87,[45],71
4119,30/12/2025,18,86,85,55,87,[09]
4120,02/01/2026,87,86,85,18,55,13
4121,03/01/2026,87,18,86,85,13,66
4122,05/01/2026,86,85,87,18,09,55
4123,08/01/2026,86,85,87,18,68,66
4124,09/01/2026,85,[18],86,87,09,[24]
4125,10/01/2026,86,85,87,18,66,07
4126,12/01/2026,87,18,86,[85],13,66
4127,13/01/2026,18,87,86,66,49,85
4128,15/01/2026,86,18,[85],87,66,68
4129,16/01/2026,87,[86],85,18,81,13
4130,17/01/2026,85,18,66,68,87,32
4131,20/01/2026,86,87,18,85,20,66
4132,22/01/2026,18,86,87,[02],68,85
4133,23/01/2026,87,85,68,18,66,04
4134,24/01/2026,87,85,66,[68],02,18
4135,27/01/2026,18,85,87,66,02,86
4136,29/01/2026,85,18,87,62,32,39
4137,30/01/2026,18,87,85,[39],62,02
4138,31/01/2026,87,85,18,62,86,48
4139,03/02/2026,85,86,62,87,18,48
4140,05/02/2026,85,62,87,18,86,48
4141,06/02/2026,85,62,87,18,07,55
4142,07/02/2026,87,85,62,86,18,08
4143,10/02/2026,85,87,62,86,18,81
4144,12/02/2026,62,[85],18,87,86,48
4145,13/02/2026,86,62,87,79,85,48
4146,14/02/2026,62,87,18,86,79,07
4147,17/02/2026,62,86,85,87,48,07
4148,19/02/2026,62,86,85,87,53,18
4149,20/02/2026,87,62,85,53,07,02
4150,21/02/2026,62,48,85,87,02,82
4151,24/02/2026,02,86,48,62,[87],85
4152,26/02/2026,48,62,85,80,86,77
4153,27/02/2026,85,62,48,77,50,86
4154,28/02/2026,62,85,53,48,18,[80]
4155,03/03/2026,62,85,86,[48],50,18
4156,05/03/2026,85,86,[62],80,49,77
4157,06/03/2026,85,86,56,89,80,18
4158,07/03/2026,85,80,86,77,49,82
4159,10/03/2026,82,85,86,[83],81,77
4160,12/03/2026,85,80,86,82,56,18
4161,13/03/2026,85,86,49,82,[53],55
4162,14/03/2026,08,85,82,18,86,52
4163,17/03/2026,86,85,82,08,77,70
4164,19/03/2026,85,86,82,07,77,59
4165,20/03/2026,86,[51],85,09,82,18
4166,21/03/2026,85,86,18,[49],77,82
4167,24/03/2026,85,86,44,62,49,77
4168,26/03/2026,85,86,44,18,49,[80]
4169,27/03/2026,85,82,86,79,08,11
4170,28/03/2026,85,86,79,55,82,08
4171,31/03/2026,86,85,02,82,83,06
4172,02/04/2026,86,85,06,80,08,52
4173,03/04/2026,85,86,80,82,83,90
4174,04/04/2026,85,86,11,49,06,82
4175,07/04/2026,86,[18],85,82,08,49
4176,09/04/2026,86,85,82,08,49,06
4177,10/04/2026,86,18,82,85,81,08
4178,11/04/2026,86,[85],06,18,65,82
4179,14/04/2026,86,85,18,82,44,81
4180,16/04/2026,86,85,81,06,18,08
4181,17/04/2026,86,18,02,85,65,82
4182,18/04/2026,86,18,70,79,85,02
4183,21/04/2026,86,[18],85,81,62,65
4184,23/04/2026,86,85,[18],82,81,65
4185,24/04/2026,86,85,18,65,79,[82]
4186,27/04/2026,86,[85],18,79,65,81
4187,28/04/2026,86,85,65,06,18,79
4188,30/04/2026,86,18,85,79,49,65
4189,02/05/2026,[86],85,18,57,[79],65
4190,04/05/2026,18,06,86,85,65,19
4191,05/05/2026,18,85,49,76,86,06
4192,07/05/2026,18,06,85,80,86,52
4193,08/05/2026,18,85,86,49,52,06
4194,09/05/2026,80,18,76,85,06,49
4195,12/05/2026,85,06,18,76,86,80
4196,14/05/2026,06,18,76,[85],65,24
4197,15/05/2026,06,85,18,55,86,81
4198,16/05/2026,18,06,85,86,58,49
4199,19/05/2026,06,18,85,[86],03,80
4200,21/05/2026,06,85,18,86,76,75
4201,23/05/2026,85,18,86,75,76,06
4202,26/05/2026,85,18,58,71,70,81
4203,28/05/2026,57,[86],18,85,76,70
4204,29/05/2026,18,[85],65,49,62,55
4205,30/05/2026,18,86,06,65,49,76
4206,04/06/2026,18,65,76,86,57,06
4207,05/06/2026,18,06,52,86,58,85
4208,06/06/2026,06,18,86,57,65,83
4209,08/06/2026,85,86,83,65,76,06
4210,09/06/2026,76,85,86,65,83,07
4211,11/06/2026,18,63,06,55,85,86
4212,12/06/2026,[18],07,85,55,76,[83]
4213,13/06/2026,85,04,76,07,86,18
4214,16/06/2026,18,65,76,85,86,88
4215,18/06/2026,18,86,85,79,07,28
4216,20/06/2026,18,76,55,63,32,88
4217,26/06/2026,85,62,65,07,49,57
4218,30/06/2026,86,18,50,57,85,55
4219,07/07/2026,18,85,50,86,57,76
4220,09/07/2026,18,85,50,28,06,57
4221,10/07/2026,55,06,49,85,50,86
4222,11/07/2026,65,85,[06],32,50,86
4223,14/07/2026,18,50,57,86,07,28
4224,16/07/2026,18,32,86,07,28,33
4225,25/07/2026,[18],50,[85],65,86,55
4226,28/07/2026,18,86,32,65,07,28
4227,30/07/2026,49,86,18,65,50,28
4228,31/07/2026,18,77,85,86,65,49
4229,04/08/2026,57,86,18,77,50,65
4230,06/08/2026,18,85,65,[11],50,07
4231,07/08/2026,86,85,77,48,50,18
4232,08/08/2026,18,50,[85],48,86,65
4233,11/08/2026,65,77,48,50,85,49
