NR. SEQUENZIALE,DATA,N1,N2,N3,N4,N5,N6
601,13/08/2003,01,18,28,33,60,69
602,16/08/2003,04,07,30,54,79,[80]
603,20/08/2003,[09],20,31,36,67,82
604,23/08/2003,09,30,31,50,52,61
605,27/08/2003,07,31,43,44,57,60
606,30/08/2003,18,30,32,44,[61],69
607,04/09/2003,09,10,18,22,33,42
608,07/09/2003,24,26,33,54,[66],84
609,08/09/2003,28,32,43,46,64,73
610,13/09/2003,[01],02,09,54,67,69
611,17/09/2003,20,22,28,30,38,60
612,20/09/2003,02,04,16,18,[51],53
613,24/09/2003,02,36,38,67,68,75
614,27/09/2003,22,27,44,64,67,68
615,05/10/2003,03,04,23,54,67,73
616,09/10/2003,08,41,58,61,65,69
617,12/10/2003,02,10,22,28,46,60
618,15/10/2003,04,24,39,65,69,89
619,18/10/2003,38,51,54,60,67,69
620,22/10/2003,06,54,68,72,73,79
621,25/10/2003,10,20,24,46,67,72
622,29/10/2003,[20],24,38,47,67,72
623,01/11/2003,13,23,46,[67],72,73
624,06/11/2003,04,06,15,30,46,60
625,10/11/2003,04,23,39,41,67,72
626,15/11/2003,02,04,67,69,72,90
627,19/11/2003,[02],16,24,60,72,79
628,22/11/2003,25,41,58,67,72,87
629,26/11/2003,02,04,13,24,58,67
630,29/11/2003,07,15,43,60,[65],69
631,02/12/2003,06,13,21,32,[60],67
632,03/12/2003,02,13,23,46,67,[78]
633,04/12/2003,03,29,38,54,59,64
634,07/12/2003,21,30,[46],47,60,[83]
635,11/12/2003,04,09,13,60,67,[79]
636,13/12/2003,19,22,38,60,66,69
637,17/12/2003,04,24,53,59,60,68
638,20/12/2003,04,20,53,60,63,73
639,24/12/2003,30,39,55,60,69,[84]
640,27/12/2003,18,20,32,40,55,78
641,31/12/2003,28,32,[36],52,69,78
642,09/01/2004,51,53,60,[66],69,73
643,12/01/2004,09,24,42,59,60,[74]
644,14/01/2004,07,09,23,66,69,78
645,17/01/2004,10,[60],67,71,72,75
646,21/01/2004,28,50,54,[64],65,69
647,24/01/2004,19,21,60,63,66,67
648,28/01/2004,04,19,21,51,67,79
649,31/01/2004,[04],06,60,67,69,79
650,10/02/2004,06,31,59,60,[65],72
651,14/02/2004,05,21,67,72,75,89
652,18/02/2004,06,53,69,72,[79],80
653,21/02/2004,21,22,42,51,60,72
654,25/02/2004,21,52,53,64,69,90
655,28/02/2004,06,30,58,[60],69,74
656,01/03/2004,20,24,38,66,69,89
657,03/03/2004,06,20,60,[69],71,83
658,04/03/2004,04,[13],15,29,64,72
659,05/03/2004,11,[24],26,64,69,72
660,06/03/2004,08,09,30,32,62,69
661,07/03/2004,02,23,24,28,53,60
662,11/03/2004,08,19,23,28,29,89
663,13/03/2004,[04],13,15,16,50,[77]
664,17/03/2004,06,24,28,30,58,60
665,20/03/2004,08,24,28,31,[60],72
666,24/03/2004,13,47,[58],72,77,89
667,27/03/2004,02,[04],06,21,25,57
668,31/03/2004,24,31,[32],[47],69,72
669,02/04/2004,04,25,28,31,69,89
670,08/04/2004,09,13,28,32,57,89
671,09/04/2004,04,24,28,31,60,89
672,12/04/2004,13,[20],57,72,75,89
673,14/04/2004,33,41,43,47,54,61
674,17/04/2004,05,06,09,13,27,57
675,21/04/2004,20,31,47,51,60,89
676,24/04/2004,09,[27],28,30,31,57
677,28/04/2004,03,09,24,25,59,80
678,05/05/2004,20,25,29,32,59,79
679,06/05/2004,09,[29],42,54,69,72
680,15/05/2004,02,28,38,59,[60],72
681,19/05/2004,10,29,31,51,72,89
682,22/05/2004,10,20,25,42,74,78
683,26/05/2004,09,28,29,36,61,67
684,29/05/2004,31,32,33,46,[60],69
685,03/06/2004,28,29,31,65,67,79
686,10/06/2004,22,31,35,43,60,61
687,11/06/2004,23,24,60,66,70,78
688,16/06/2004,09,19,23,25,50,67
689,19/06/2004,[08],30,[36],41,60,69
690,23/06/2004,10,13,20,31,50,60
691,26/06/2004,15,16,19,20,48,52
692,30/06/2004,04,08,[10],20,67,69
693,01/07/2004,13,20,23,25,54,59
694,02/07/2004,09,11,20,23,48,60
695,04/07/2004,09,10,19,33,68,74
696,07/07/2004,09,24,30,[48],59,72
697,08/07/2004,22,25,[38],67,70,72
698,14/07/2004,23,[41],[52],59,67,70
699,17/07/2004,06,20,38,40,67,70
700,21/07/2004,04,[13],23,43,[58],68
701,24/07/2004,06,29,52,53,67,70
702,28/07/2004,04,24,38,[53],76,77
703,31/07/2004,[17],30,33,44,59,[70]
704,05/08/2004,06,31,32,53,60,75
705,09/08/2004,02,09,23,47,60,63
706,14/08/2004,06,09,23,30,60,75
707,18/08/2004,22,42,43,53,58,78
708,21/08/2004,09,13,30,59,65,80
709,25/08/2004,04,06,19,67,72,76
710,28/08/2004,21,23,33,[57],75,76
711,06/09/2004,04,59,61,69,71,75
712,10/09/2004,21,29,55,57,69,72
713,12/09/2004,01,35,50,67,72,89
714,15/09/2004,02,32,57,65,69,78
715,18/09/2004,[02],44,51,57,67,89
716,22/09/2004,04,29,47,50,57,69
717,25/09/2004,13,25,30,59,65,69
718,29/09/2004,28,46,59,67,72,75
719,01/10/2004,08,33,[51],69,70,72
720,03/10/2004,09,21,27,39,60,69
721,04/10/2004,01,24,39,51,[69],72
722,07/10/2004,02,27,[30],55,76,78
723,11/10/2004,03,10,20,24,39,59
724,13/10/2004,02,13,28,33,56,60
725,16/10/2004,13,22,54,65,66,74
726,20/10/2004,21,25,32,39,57,79
727,23/10/2004,10,26,38,[51],57,89
728,27/10/2004,[10],30,33,39,69,78
729,30/10/2004,[13],15,25,40,51,77
730,02/11/2004,10,23,32,33,[38],46
731,08/11/2004,10,13,33,39,56,78
732,09/11/2004,04,12,17,52,76,81
733,12/11/2004,13,21,25,33,43,45
734,13/11/2004,10,15,20,39,57,78
735,17/11/2004,04,06,28,58,61,78
736,20/11/2004,04,06,10,16,39,[54]
737,24/11/2004,06,09,23,28,[43],59
738,27/11/2004,08,09,52,59,66,78
739,05/12/2004,[13],20,23,33,46,77
740,06/12/2004,23,30,43,45,58,89
741,15/12/2004,23,52,54,58,59,[61]
742,18/12/2004,02,09,45,[47],70,85
743,22/12/2004,05,28,51,67,79,89
744,27/12/2004,23,24,48,58,67,89
745,29/12/2004,23,31,46,58,[78],89
746,06/01/2005,05,09,15,23,[69],72
747,09/01/2005,02,31,49,59,70,78
748,10/01/2005,15,21,33,43,[56],76
749,12/01/2005,28,33,[43],58,59,68
750,15/01/2005,09,39,49,58,59,72
751,19/01/2005,09,38,45,67,71,75
752,22/01/2005,09,12,20,28,31,[63]
753,26/01/2005,20,23,[24],31,48,58
754,29/01/2005,12,45,54,55,62,80
755,02/02/2005,12,24,59,62,71,72
756,03/02/2005,16,20,30,58,63,78
757,04/02/2005,09,25,36,39,46,56
758,07/02/2005,05,16,28,58,67,71
759,08/02/2005,09,13,21,[24],25,32
760,11/02/2005,09,19,23,28,45,47
761,16/02/2005,23,25,39,45,65,75
762,19/02/2005,20,23,24,28,75,78
763,23/02/2005,06,09,23,50,58,72
764,26/02/2005,20,[23],30,31,39,75
765,01/03/2005,06,[10],38,57,62,73
766,09/03/2005,09,25,28,50,64,[75]
767,11/03/2005,06,10,24,57,65,80
768,12/03/2005,10,23,39,52,[68],75
769,16/03/2005,03,09,23,36,50,57
770,19/03/2005,09,24,25,28,31,58
771,23/03/2005,06,10,30,39,57,78
772,26/03/2005,01,06,24,30,33,56
773,30/03/2005,09,10,28,33,57,58
774,05/04/2005,28,33,40,45,68,72
775,06/04/2005,06,10,21,28,36,58
776,08/04/2005,19,25,32,58,70,75
777,10/04/2005,04,10,23,28,32,[70]
778,13/04/2005,09,13,24,30,37,74
779,16/04/2005,[13],25,28,45,47,64
780,20/04/2005,09,30,58,62,64,80
781,23/04/2005,05,09,10,20,39,64
782,27/04/2005,[13],25,28,33,57,89
783,30/04/2005,10,12,20,24,58,73
784,01/05/2005,09,21,23,32,57,61
785,02/05/2005,21,31,32,34,59,82
786,03/05/2005,10,20,30,31,32,58
787,07/05/2005,01,02,09,10,31,63
788,11/05/2005,02,07,[13],28,32,[60]
789,14/05/2005,32,36,49,58,70,75
790,18/05/2005,10,13,30,32,33,[68]
791,21/05/2005,01,02,06,13,21,[45]
792,25/05/2005,16,23,30,48,57,89
793,28/05/2005,05,25,30,40,70,80
794,04/06/2005,09,16,23,44,45,[75]
795,08/06/2005,07,09,25,34,58,80
796,09/06/2005,07,23,28,30,52,61
797,10/06/2005,10,28,39,48,51,75
798,12/06/2005,01,10,28,39,51,76
799,15/06/2005,07,13,23,28,31,61
800,18/06/2005,[07],24,[27],28,41,48
801,21/06/2005,01,14,26,48,62,70
802,23/06/2005,01,14,26,48,62,70
803,25/06/2005,01,14,26,48,62,70
804,28/06/2005,01,12,14,26,48,62
805,30/06/2005,12,14,26,34,48,62
806,05/07/2005,01,14,26,47,48,62
807,07/07/2005,14,26,48,50,54,62
808,14/07/2005,01,[14],26,48,62,86
809,16/07/2005,26,34,48,50,62,86
810,19/07/2005,01,26,48,[62],70,86
811,21/07/2005,01,[26],48,50,59,70
812,23/07/2005,12,[48],50,70,[81],[86]
813,26/07/2005,01,12,29,50,52,61
814,28/07/2005,01,12,37,50,70,86
815,30/07/2005,01,12,20,50,70,76
816,01/08/2005,01,12,50,70,[76],86
817,06/08/2005,01,12,37,50,70,86
818,09/08/2005,01,10,12,20,31,50
819,10/08/2005,09,10,12,20,30,50
820,11/08/2005,[01],12,37,45,50,70
821,13/08/2005,12,37,45,50,70,86
822,16/08/2005,09,12,20,23,37,50
823,18/08/2005,09,12,20,50,52,86
824,20/08/2005,12,20,23,37,45,50
825,23/08/2005,05,12,37,50,52,59
826,25/08/2005,05,10,12,37,45,50
827,27/08/2005,05,12,20,23,37,50
828,30/08/2005,05,12,20,31,45,50
829,02/09/2005,05,12,20,37,50,78
830,03/09/2005,05,12,20,37,39,[50]
831,04/09/2005,05,12,20,37,67,86
832,07/09/2005,05,12,20,37,46,69
833,08/09/2005,05,12,20,37,46,69
834,12/09/2005,12,20,37,44,45,[69]
835,13/09/2005,05,12,20,37,67,82
836,15/09/2005,05,12,20,37,82,86
837,17/09/2005,05,12,[20],37,48,82
838,20/09/2005,05,12,[37],45,82,86
839,22/09/2005,05,06,12,48,[82],86
840,24/09/2005,05,12,48,60,76,[82]
841,27/09/2005,05,[12],76,81,82,86
842,29/09/2005,05,16,45,67,82,86
843,09/10/2005,05,06,39,45,67,86
844,11/10/2005,05,06,39,45,68,86
845,12/10/2005,05,39,45,76,81,82
846,13/10/2005,05,39,[45],47,83,86
847,15/10/2005,05,06,67,82,[83],86
848,18/10/2005,05,22,39,41,76,86
849,20/10/2005,01,05,16,39,67,82
850,22/10/2005,05,30,39,47,67,81
851,25/10/2005,05,06,[39],47,81,82
852,27/10/2005,05,06,09,47,48,82
853,29/10/2005,05,47,[48],81,82,88
854,05/11/2005,[05],12,16,54,82,88
855,06/11/2005,12,31,48,81,82,84
856,08/11/2005,16,30,47,82,84,88
857,10/11/2005,31,47,48,81,82,84
858,15/11/2005,12,41,[48],82,[84],88
859,17/11/2005,09,16,47,54,81,82
860,19/11/2005,01,09,37,47,82,86
861,22/11/2005,14,[16],37,47,82,88
862,24/11/2005,09,30,37,47,82,86
863,26/11/2005,47,50,58,82,86,88
864,29/11/2005,09,46,47,50,81,82
865,01/12/2005,47,50,58,60,81,82
866,02/12/2005,35,47,[50],75,82,86
867,03/12/2005,03,46,48,81,82,86
868,07/12/2005,03,09,47,81,82,86
869,11/12/2005,[11],35,47,60,81,[82]
870,13/12/2005,37,46,48,60,81,82
871,15/12/2005,09,30,37,47,81,83
872,17/12/2005,09,31,37,47,48,81
873,20/12/2005,09,30,47,81,82,86
874,22/12/2005,30,37,47,82,83,86
875,24/12/2005,37,48,67,81,83,[86]
876,27/12/2005,[03],19,29,43,67,81
877,29/12/2005,07,29,33,48,62,81
878,31/12/2005,19,37,43,62,81,89
879,04/01/2006,14,29,[37],43,48,81
880,06/01/2006,19,29,35,43,77,81
881,07/01/2006,14,27,29,48,67,81
882,08/01/2006,14,29,35,48,67,81
883,14/01/2006,14,29,35,43,48,81
884,17/01/2006,09,29,35,48,67,81
885,19/01/2006,09,10,29,43,[81],82
886,21/01/2006,[07],19,29,41,43,82
887,24/01/2006,03,14,29,41,43,[84]
888,26/01/2006,29,35,37,41,48,76
889,28/01/2006,29,35,48,82,86,[88]
890,31/01/2006,10,19,25,29,43,48
891,02/02/2006,[03],10,[29],35,48,61
892,03/02/2006,09,[35],37,[41],48,67
893,05/02/2006,19,32,[42],48,82,90
894,09/02/2006,14,21,43,48,50,69
895,11/02/2006,14,32,36,37,48,82
896,12/02/2006,14,37,48,50,82,[88]
897,14/02/2006,14,20,36,43,48,67
898,16/02/2006,37,43,48,50,82,86
899,18/02/2006,36,37,43,48,50,86
900,21/02/2006,21,32,36,48,50,82
901,23/02/2006,10,36,48,50,67,88
902,25/02/2006,10,19,36,48,50,88
903,28/02/2006,37,43,48,50,67,74
904,01/03/2006,[14],37,43,48,65,74
905,06/03/2006,03,19,32,36,50,88
906,08/03/2006,10,19,32,36,48,67
907,10/03/2006,08,12,19,37,48,50
908,14/03/2006,19,[32],36,48,50,67
909,16/03/2006,12,19,28,36,[48],50
910,18/03/2006,12,19,50,56,67,88
911,21/03/2006,09,12,19,46,50,67
912,23/03/2006,12,16,19,37,50,67
913,25/03/2006,09,12,[16],19,36,50
914,28/03/2006,12,19,28,37,50,88
915,30/03/2006,12,19,[30],36,37,50
916,02/04/2006,12,19,28,36,[50],67
917,03/04/2006,09,12,19,[27],37,67
918,04/04/2006,12,19,36,41,67,69
919,05/04/2006,12,19,28,36,67,83
920,07/04/2006,09,12,19,56,67,83
921,11/04/2006,12,19,41,67,83,88
922,13/04/2006,09,12,19,36,67,83
923,15/04/2006,12,19,36,56,67,88
924,18/04/2006,[12],19,28,36,67,80
925,20/04/2006,19,28,56,67,80,83
926,22/04/2006,02,19,56,67,[83],88
927,26/04/2006,02,14,19,56,67,88
928,27/04/2006,19,36,56,67,[69],80
929,29/04/2006,14,19,36,56,67,79
930,01/05/2006,19,36,56,67,79,80
931,08/05/2006,14,19,56,67,88,90
932,09/05/2006,14,19,56,67,77,80
933,10/05/2006,14,19,56,67,80,82
934,12/05/2006,02,19,56,67,80,88
935,13/05/2006,19,56,67,80,82,88
936,16/05/2006,14,19,56,67,79,80
937,18/05/2006,19,56,62,[67],80,85
938,20/05/2006,14,19,28,56,[77],82
939,23/05/2006,09,14,19,56,[80],85
940,25/05/2006,02,14,[19],28,56,82
941,27/05/2006,06,09,34,56,77,[85]
942,30/05/2006,09,14,42,56,74,88
943,04/06/2006,14,28,34,42,56,77
944,05/06/2006,14,28,34,42,56,74
945,06/06/2006,02,26,34,37,56,88
946,07/06/2006,02,14,42,43,[56],77
947,13/06/2006,02,09,26,27,28,42
948,15/06/2006,02,07,26,28,[43],69
949,17/06/2006,[02],14,26,28,77,81
950,20/06/2006,07,14,[26],37,47,81
951,22/06/2006,12,17,28,47,58,69
952,24/06/2006,07,09,12,28,42,47
953,27/06/2006,09,12,14,42,47,81
954,29/06/2006,09,12,14,42,47,81
955,01/07/2006,09,14,37,42,47,[81]
956,02/07/2006,09,12,14,17,42,47
957,03/07/2006,09,12,14,15,42,47
958,09/07/2006,09,12,17,42,47,52
959,10/07/2006,09,14,42,47,52,88
960,11/07/2006,09,14,[42],47,52,57
961,12/07/2006,09,14,17,47,52,78
962,13/07/2006,09,12,14,32,[47],88
963,15/07/2006,09,12,14,32,52,88
964,18/07/2006,09,12,14,32,52,88
965,20/07/2006,09,12,14,32,52,88
966,22/07/2006,09,[12],20,32,52,78
967,25/07/2006,09,14,32,[52],70,88
968,27/07/2006,09,20,23,32,69,88
969,29/07/2006,09,14,17,23,77,88
970,04/08/2006,09,14,32,53,78,88
971,06/08/2006,09,14,23,32,81,88
972,07/08/2006,09,14,17,20,32,88
973,08/08/2006,09,14,17,32,77,88
974,16/08/2006,09,14,17,32,50,88
975,17/08/2006,09,14,17,77,81,88
976,19/08/2006,09,17,32,[77],[81],[88]
977,22/08/2006,01,09,17,19,53,56
978,24/08/2006,09,14,17,32,56,78
979,26/08/2006,01,[09],[14],17,32,56
980,29/08/2006,01,17,19,23,32,53
981,31/08/2006,01,[17],19,32,71,78
982,02/09/2006,01,19,23,32,[53],78
983,03/09/2006,01,13,20,32,56,78
984,05/09/2006,01,19,32,45,56,78
985,09/09/2006,01,13,19,32,56,78
986,11/09/2006,09,19,32,44,45,78
987,12/09/2006,01,19,32,39,45,78
988,14/09/2006,01,19,32,[56],63,78
989,16/09/2006,01,09,19,32,45,78
990,19/09/2006,01,19,32,39,47,78
991,21/09/2006,09,19,32,39,44,78
992,23/09/2006,09,19,32,44,45,78
993,26/09/2006,01,19,32,56,78,90
994,28/09/2006,01,09,19,32,43,78
995,30/09/2006,01,13,19,32,43,78
996,01/10/2006,19,32,43,44,56,78
997,06/10/2006,[09],19,32,43,45,78
998,08/10/2006,01,19,32,43,44,78
999,10/10/2006,01,19,32,43,56,78
1000,14/10/2006,01,19,32,44,76,78
1001,17/10/2006,01,09,19,32,43,78
1002,19/10/2006,01,08,19,32,43,78
1003,21/10/2006,01,19,32,43,78,81
1004,24/10/2006,01,08,19,32,[43],78
1005,26/10/2006,01,08,19,32,56,78
1006,28/10/2006,01,09,19,32,76,78
1007,31/10/2006,01,09,[19],32,56,78
1008,02/11/2006,32,56,74,76,78,81
1009,03/11/2006,07,32,56,59,76,78
1010,04/11/2006,07,32,56,78,86,[89]
1011,05/11/2006,07,11,32,56,74,78
1012,07/11/2006,07,32,56,67,78,81
1013,11/11/2006,06,07,32,56,59,78
1014,14/11/2006,07,09,32,56,63,78
1015,16/11/2006,07,15,32,56,63,78
1016,18/11/2006,07,09,15,32,56,78
1017,21/11/2006,07,09,32,43,56,78
1018,23/11/2006,07,32,56,63,74,78
1019,25/11/2006,07,15,19,32,56,78
1020,28/11/2006,07,32,56,58,[74],78
1021,30/11/2006,07,09,32,33,56,78
1022,01/12/2006,07,09,17,32,56,78
1023,08/12/2006,07,09,19,32,56,78
1024,09/12/2006,07,18,19,32,56,78
1025,10/12/2006,07,15,19,32,56,78
1026,12/12/2006,[07],15,32,39,56,78
1027,14/12/2006,15,18,19,32,56,[78]
1028,16/12/2006,09,18,19,[28],32,58
1029,19/12/2006,[10],15,18,[19],[32],[56]
1030,21/12/2006,11,18,33,53,58,70
1031,23/12/2006,15,18,39,53,61,70
1032,27/12/2006,15,33,39,53,61,70
1033,28/12/2006,[15],33,53,70,79,86
1034,30/12/2006,06,39,[53],61,70,86
1035,02/01/2007,06,09,18,33,70,86
1036,03/01/2007,06,09,18,33,61,[70]
1037,09/01/2007,06,09,18,33,34,79
1038,12/01/2007,[06],09,18,33,61,86
1039,13/01/2007,18,33,61,71,79,86
1040,16/01/2007,18,[24],[33],61,71,86
1041,18/01/2007,18,58,60,61,79,86
1042,20/01/2007,09,[18],34,58,60,61
1043,23/01/2007,34,58,61,71,79,86
1044,25/01/2007,34,48,58,61,79,86
1045,27/01/2007,[34],58,61,67,71,86
1046,30/01/2007,09,12,48,58,61,86
1047,01/02/2007,09,48,58,[61],71,86
1048,05/02/2007,09,11,[12],58,71,86
1049,08/02/2007,09,48,58,71,73,86
1050,10/02/2007,09,[48],56,58,71,86
1051,11/02/2007,05,09,56,58,63,71
1052,13/02/2007,05,09,56,58,71,[86]
1053,15/02/2007,09,58,63,71,80,87
1054,17/02/2007,05,09,17,58,63,71
1055,20/02/2007,02,05,09,58,71,87
1056,22/02/2007,09,55,58,71,80,87
1057,24/02/2007,02,09,58,67,71,80
1058,27/02/2007,09,17,[58],67,71,80
1059,02/03/2007,09,17,46,71,80,87
1060,03/03/2007,09,17,55,71,80,87
1061,04/03/2007,05,09,17,63,71,87
1062,05/03/2007,05,09,17,52,71,87
1063,07/03/2007,09,15,17,21,71,[87]
1064,11/03/2007,05,09,17,18,46,71
1065,13/03/2007,05,09,15,17,[46],71
1066,15/03/2007,05,09,15,17,71,80
1067,17/03/2007,05,09,17,67,71,80
1068,20/03/2007,[05],09,15,17,52,[71]
1069,22/03/2007,09,14,15,17,18,[80]
1070,24/03/2007,02,09,15,17,52,[63]
1071,27/03/2007,02,09,15,17,37,55
1072,29/03/2007,02,09,15,[17],20,37
1073,31/03/2007,02,09,15,52,67,80
1074,01/04/2007,09,15,37,38,[40],52
1075,06/04/2007,09,15,18,26,38,[88]
1076,08/04/2007,02,09,15,18,38,52
1077,09/04/2007,02,[09],15,55,67,74
1078,10/04/2007,02,14,15,37,52,67
1079,12/04/2007,02,14,15,18,37,52
1080,14/04/2007,02,18,37,52,67,88
1081,17/04/2007,02,15,18,37,52,88
1082,19/04/2007,02,15,18,37,52,88
1083,21/04/2007,02,15,18,26,37,67
1084,24/04/2007,02,14,15,18,26,[67]
1085,26/04/2007,02,15,18,24,26,52
1086,28/04/2007,02,14,[15],18,[37],52
1087,04/05/2007,[02],14,18,26,52,58
1088,05/05/2007,09,14,18,24,52,53
1089,06/05/2007,14,18,24,26,52,53
1090,07/05/2007,14,18,[24],26,53,88
1091,15/05/2007,14,18,20,26,53,[88]
1092,17/05/2007,14,18,20,26,53,70
1093,19/05/2007,14,18,20,26,53,70
1094,22/05/2007,14,18,20,26,53,74
1095,24/05/2007,14,18,20,26,53,57
1096,26/05/2007,14,18,20,26,53,70
1097,29/05/2007,14,18,20,26,53,[70]
1098,31/05/2007,14,18,20,26,53,76
1099,02/06/2007,14,18,20,25,26,53
1100,03/06/2007,14,18,20,26,53,58
1101,09/06/2007,14,18,20,[26],53,59
1102,10/06/2007,14,18,[20],53,58,89
1103,11/06/2007,14,[18],53,70,88,89
1104,12/06/2007,14,45,50,53,76,88
1105,14/06/2007,14,53,58,74,76,88
1106,16/06/2007,14,50,53,70,76,88
1107,19/06/2007,14,45,53,70,88,89
1108,21/06/2007,13,14,45,50,53,70
1109,23/06/2007,13,14,53,57,58,[70]
1110,26/06/2007,13,14,34,53,76,88
1111,28/06/2007,13,14,34,53,58,76
1112,30/06/2007,14,49,53,58,70,76
1113,04/07/2007,14,17,53,59,70,89
1114,06/07/2007,14,34,50,53,70,89
1115,07/07/2007,14,17,40,53,58,89
1116,08/07/2007,14,39,53,57,88,89
1117,14/07/2007,14,53,58,70,78,89
1118,17/07/2007,13,14,34,53,58,[89]
1119,19/07/2007,13,14,34,53,[70],76
1120,21/07/2007,02,13,14,53,57,70
1121,24/07/2007,09,14,53,57,58,71
1122,26/07/2007,14,40,53,58,70,71
1123,28/07/2007,14,34,53,57,58,[71]
1124,31/07/2007,13,14,53,58,70,78
1125,01/08/2007,14,34,[49],[53],57,[58]
1126,02/08/2007,13,14,17,57,70,78
1127,03/08/2007,13,14,57,70,76,77
1128,05/08/2007,13,[14],70,77,78,88
1129,09/08/2007,13,17,34,40,57,[70]
1130,11/08/2007,34,40,57,60,78,88
1131,14/08/2007,13,17,40,57,70,78
1132,16/08/2007,11,13,28,57,[78],88
1133,18/08/2007,11,13,17,34,40,57
1134,21/08/2007,07,[11],17,34,40,57
1135,23/08/2007,13,17,34,54,57,86
1136,25/08/2007,13,[34],40,[57],70,86
1137,28/08/2007,13,17,40,51,70,86
1138,30/08/2007,07,17,40,51,54,86
1139,01/09/2007,07,13,40,51,82,[86]
1140,06/09/2007,09,13,17,22,40,51
1141,08/09/2007,13,17,28,40,51,82
1142,10/09/2007,13,28,40,[51],59,82
1143,13/09/2007,13,[15],40,41,74,[82]
1144,15/09/2007,13,21,22,28,40,41
1145,18/09/2007,13,22,40,41,70,77
1146,20/09/2007,02,13,22,40,41,84
1147,22/09/2007,02,13,22,40,41,[85]
1148,25/09/2007,02,13,[22],40,84,90
1149,27/09/2007,13,21,40,41,70,90
1150,29/09/2007,13,40,41,70,77,84
1151,02/10/2007,09,13,26,39,40,41
1152,03/10/2007,13,[40],41,66,70,86
1153,04/10/2007,13,41,58,[66],73,86
1154,05/10/2007,13,22,41,70,84,86
1155,07/10/2007,13,28,31,41,71,84
1156,11/10/2007,13,28,41,71,73,74
1157,12/10/2007,[13],22,33,41,71,74
1158,13/10/2007,03,37,[41],70,73,74
1159,16/10/2007,03,29,70,71,73,74
1160,18/10/2007,09,29,47,67,73,74
1161,20/10/2007,03,27,70,71,73,74
1162,23/10/2007,31,33,47,70,73,74
1163,25/10/2007,[03],27,33,70,73,74
1164,27/10/2007,09,25,27,33,73,74
1165,30/10/2007,09,29,33,47,[73],74
1166,01/11/2007,09,[27],33,37,74,84
1167,08/11/2007,29,33,[37],70,74,84
1168,09/11/2007,29,33,47,70,74,84
1169,10/11/2007,25,33,35,70,74,84
1170,12/11/2007,33,34,35,61,74,84
1171,13/11/2007,[33],35,61,70,74,84
1172,15/11/2007,35,47,61,70,[74],84
1173,17/11/2007,29,34,35,61,70,84
1174,20/11/2007,29,31,35,61,70,84
1175,22/11/2007,29,35,47,[61],70,84
1176,24/11/2007,29,35,47,60,70,84
1177,27/11/2007,15,25,29,35,47,84
1178,29/11/2007,15,31,35,47,70,84
1179,04/12/2007,25,29,47,60,70,84
1180,05/12/2007,15,35,47,60,70,84
1181,06/12/2007,29,35,[47],60,70,84
1182,07/12/2007,29,31,[35],70,84,87
1183,13/12/2007,29,31,45,60,70,84
1184,15/12/2007,29,[31],60,70,84,87
1185,18/12/2007,05,15,[29],70,84,87
1186,20/12/2007,04,45,60,70,84,87
1187,22/12/2007,15,45,58,62,70,84
1188,24/12/2007,15,45,60,70,79,84
1189,27/12/2007,09,15,58,60,70,84
1190,29/12/2007,08,15,45,60,[70],[84]
1191,03/01/2008,08,15,27,45,60,62
1192,04/01/2008,[05],15,27,32,45,60
1193,07/01/2008,08,15,27,32,45,60
1194,15/01/2008,08,15,32,45,60,79
1195,17/01/2008,[04],08,[15],27,45,60
1196,19/01/2008,08,27,42,45,58,60
1197,22/01/2008,08,16,22,27,45,60
1198,24/01/2008,08,22,27,32,45,60
1199,26/01/2008,08,09,42,45,58,60
1200,29/01/2008,08,24,32,45,[60],79
1201,31/01/2008,09,16,24,[45],58,78
1202,01/02/2008,08,[16],24,32,44,58
1203,02/02/2008,08,24,27,32,36,58
1204,05/02/2008,24,32,44,58,66,78
1205,08/02/2008,08,09,24,32,44,58
1206,09/02/2008,08,09,24,27,32,58
1207,10/02/2008,08,09,24,32,52,58
1208,12/02/2008,[08],[09],24,32,58,89
1209,14/02/2008,24,27,32,52,58,89
1210,16/02/2008,24,32,44,[52],58,89
1211,19/02/2008,11,24,32,44,58,89
1212,21/02/2008,24,[27],32,44,58,89
1213,23/02/2008,[11],24,32,42,44,58
1214,26/02/2008,22,24,32,44,58,89
1215,28/02/2008,24,32,44,54,[58],89
1216,01/03/2008,09,24,32,44,75,89
1217,04/03/2008,24,32,44,54,75,89
1218,05/03/2008,24,32,[38],44,75,89
1219,06/03/2008,24,[32],44,47,54,[89]
1220,07/03/2008,24,31,44,47,67,75
1221,11/03/2008,24,28,31,34,44,48
1222,13/03/2008,09,24,31,44,47,67
1223,15/03/2008,09,24,28,31,44,57
1224,18/03/2008,09,24,34,44,47,48
1225,20/03/2008,24,28,44,47,54,75
1226,22/03/2008,09,24,44,[47],48,75
1227,25/03/2008,10,24,28,44,67,[75]
1228,27/03/2008,09,10,22,24,28,44
1229,29/03/2008,20,24,28,31,44,54
1230,03/04/2008,09,24,31,44,[54],67
1231,09/04/2008,09,24,28,31,44,67
1232,10/04/2008,09,24,28,44,48,67
1233,11/04/2008,09,24,29,44,48,67
1234,12/04/2008,09,10,22,24,[44],67
1235,15/04/2008,09,10,22,24,48,67
1236,17/04/2008,09,22,24,29,48,67
1237,19/04/2008,09,11,[22],24,48,67
1238,22/04/2008,09,10,23,24,48,67
1239,24/04/2008,09,10,15,24,48,67
1240,26/04/2008,09,10,24,31,48,67
1241,29/04/2008,09,10,20,24,48,67
1242,01/05/2008,09,10,23,24,48,67
1243,02/05/2008,09,10,23,24,48,67
1244,04/05/2008,09,10,23,24,48,67
1245,06/05/2008,09,10,23,24,31,67
1246,07/05/2008,[09],10,24,46,48,67
1247,08/05/2008,10,20,24,31,48,67
1248,13/05/2008,10,23,24,48,50,67
1249,15/05/2008,09,10,23,24,48,67
1250,17/05/2008,10,15,23,24,48,67
1251,20/05/2008,10,20,23,24,48,[67]
1252,22/05/2008,10,23,24,34,48,50
1253,24/05/2008,10,15,23,24,48,50
1254,27/05/2008,[10],20,23,24,48,59
1255,29/05/2008,09,15,24,34,48,59
1256,31/05/2008,09,23,24,34,48,68
1257,03/06/2008,09,21,23,24,48,52
1258,05/06/2008,09,23,24,48,59,60
1259,09/06/2008,09,23,24,34,48,59
1260,11/06/2008,09,23,[24],34,46,48
1261,12/06/2008,09,20,23,[46],48,59
1262,14/06/2008,[03],[20],21,23,34,48
1263,17/06/2008,09,15,23,34,48,59
1264,19/06/2008,09,15,19,23,34,48
1265,21/06/2008,09,15,23,34,45,48
1266,24/06/2008,09,15,23,34,45,48
1267,26/06/2008,09,19,21,23,34,48
1268,28/06/2008,09,15,21,23,45,[48]
1269,02/07/2008,05,09,15,21,23,45
1270,06/07/2008,09,15,21,23,34,45
1271,08/07/2008,09,15,21,23,34,45
1272,10/07/2008,09,15,[21],23,34,45
1273,15/07/2008,05,09,15,23,34,45
1274,17/07/2008,05,09,15,23,[34],45
1275,19/07/2008,05,09,15,23,45,67
1276,22/07/2008,05,09,15,23,29,45
1277,24/07/2008,05,09,[15],23,27,45
1278,26/07/2008,05,07,09,23,31,45
1279,29/07/2008,05,09,23,45,59,67
1280,31/07/2008,05,09,23,27,45,[67]
1281,01/08/2008,05,09,[23],29,36,45
1282,03/08/2008,05,09,29,31,45,69
1283,04/08/2008,05,09,27,31,45,54
1284,05/08/2008,05,09,27,31,45,54
1285,07/08/2008,05,09,27,45,46,50
1286,11/08/2008,05,09,27,[31],45,46
1287,14/08/2008,05,09,38,45,46,69
1288,16/08/2008,05,09,27,36,45,69
1289,19/08/2008,02,[05],09,27,31,45
1290,21/08/2008,09,21,24,38,45,69
1291,23/08/2008,09,27,38,41,45,69
1292,26/08/2008,09,27,36,41,45,69
1293,28/08/2008,09,27,[36],38,45,46
1294,30/08/2008,09,27,45,46,69,76
1295,02/09/2008,09,27,41,45,46,69
1296,08/09/2008,09,27,41,45,69,76
1297,09/09/2008,09,27,45,46,55,69
1298,10/09/2008,09,27,45,46,60,69
1299,12/09/2008,09,27,41,45,46,69
1300,13/09/2008,09,27,45,46,[67],69
1301,16/09/2008,09,27,45,46,59,69
1302,18/09/2008,09,27,45,46,60,69
1303,20/09/2008,09,27,34,45,46,69
1304,23/09/2008,09,[22],27,45,46,69
1305,25/09/2008,09,27,45,46,52,69
1306,27/09/2008,09,27,31,45,46,69
1307,30/09/2008,09,21,27,45,46,69
1308,01/10/2008,09,27,28,45,46,69
1309,04/10/2008,09,27,45,46,52,69
1310,05/10/2008,09,10,27,45,46,69
1311,06/10/2008,09,27,31,45,46,[69]
1312,07/10/2008,09,27,45,46,69,74
1313,14/10/2008,09,27,29,45,[46],58
1314,16/10/2008,09,21,27,45,47,69
1315,18/10/2008,09,24,27,29,45,60
1316,21/10/2008,09,27,28,31,45,52
1317,23/10/2008,09,24,27,29,31,45
1318,25/10/2008,09,24,27,31,45,67
1319,28/10/2008,[09],21,27,29,45,60
1320,30/10/2008,09,10,27,29,45,59
1321,03/11/2008,09,24,27,31,45,67
1322,09/11/2008,09,[27],29,[31],45,67
1323,10/11/2008,[09],10,29,45,58,[67]
1324,11/11/2008,09,[10],29,45,57,69
1325,12/11/2008,09,34,45,52,58,59
1326,13/11/2008,09,[24],29,45,59,67
1327,15/11/2008,09,24,26,29,45,59
1328,18/11/2008,09,21,29,45,67,82
1329,20/11/2008,09,19,29,34,45,[59]
1330,22/11/2008,09,24,29,31,[45],58
1331,25/11/2008,09,29,38,42,64,69
1332,27/11/2008,09,29,42,49,56,69
1333,29/11/2008,09,23,29,34,42,64
1334,01/12/2008,[09],23,29,38,42,69
1335,02/12/2008,09,29,34,38,42,58
1336,04/12/2008,09,21,29,38,42,56
1337,06/12/2008,09,29,38,42,56,69
1338,07/12/2008,20,29,34,38,42,56
1339,08/12/2008,09,23,29,38,42,[69]
1340,13/12/2008,09,20,29,38,42,56
1341,16/12/2008,09,29,36,38,42,47
1342,18/12/2008,[09],21,[29],38,42,56
1343,20/12/2008,09,21,31,38,42,78
1344,23/12/2008,09,21,23,38,42,56
1345,24/12/2008,09,21,23,36,38,42
1346,27/12/2008,09,21,23,38,42,56
1347,30/12/2008,09,[23],[38],42,56,78
1348,08/01/2009,07,09,[21],36,42,78
1349,09/01/2009,09,36,42,47,54,78
1350,10/01/2009,07,36,42,47,56,67
1351,12/01/2009,07,09,42,44,56,78
1352,13/01/2009,[09],42,47,56,59,78
1353,15/01/2009,07,09,42,47,67,78
1354,17/01/2009,09,42,47,56,59,78
1355,20/01/2009,07,09,42,54,56,78
1356,22/01/2009,09,18,42,54,56,78
1357,24/01/2009,09,11,42,54,60,78
1358,27/01/2009,09,18,42,56,59,78
1359,29/01/2009,09,18,42,56,59,78
1360,31/01/2009,09,18,42,58,59,78
1361,01/02/2009,09,42,47,54,56,78
1362,04/02/2009,09,18,42,56,60,78
1363,05/02/2009,09,42,47,60,69,78
1364,07/02/2009,09,18,42,[47],56,78
1365,14/02/2009,09,42,54,56,59,78
1366,17/02/2009,09,18,42,56,59,[78]
1367,19/02/2009,09,10,42,54,56,59
1368,21/02/2009,09,11,18,42,[54],56
1369,24/02/2009,09,10,18,42,56,59
1370,26/02/2009,09,18,42,56,59,69
1371,28/02/2009,09,18,34,42,[56],59
1372,01/03/2009,09,11,18,42,[58],59
1373,02/03/2009,09,[11],18,42,57,59
1374,03/03/2009,09,18,[42],57,59,60
1375,06/03/2009,09,18,21,53,59,60
1376,09/03/2009,05,09,[18],21,59,60
1377,10/03/2009,05,09,53,57,[59],[60]
1378,11/03/2009,05,09,21,23,53,57
1379,12/03/2009,05,09,15,53,57,78
1380,14/03/2009,05,09,27,53,57,67
1381,17/03/2009,05,09,23,29,[53],57
1382,19/03/2009,05,09,21,23,57,67
1383,21/03/2009,05,09,21,23,57,67
1384,24/03/2009,05,[09],[21],23,57,67
1385,26/03/2009,05,23,31,57,67,78
1386,28/03/2009,05,09,23,57,67,69
1387,31/03/2009,05,09,23,[29],57,78
1388,04/04/2009,05,23,31,57,67,78
1389,06/04/2009,05,09,23,[57],[67],78
1390,07/04/2009,05,09,23,31,[67],78
1391,08/04/2009,05,09,10,23,24,78
1392,14/04/2009,[05],09,23,30,31,78
1393,16/04/2009,[09],14,23,24,48,78
1394,18/04/2009,09,23,24,31,76,78
1395,21/04/2009,09,14,23,24,31,78
1396,23/04/2009,09,14,23,[24],31,[78]
1397,27/04/2009,09,21,23,31,84,87
1398,28/04/2009,09,14,18,23,31,84
1399,30/04/2009,09,14,23,31,58,76
1400,02/05/2009,09,10,23,31,68,76
1401,03/05/2009,09,14,23,31,68,73
1402,05/05/2009,09,14,23,31,41,69
1403,09/05/2009,09,14,23,41,73,76
1404,11/05/2009,09,14,23,25,41,76
1405,12/05/2009,09,14,23,41,69,76
1406,14/05/2009,09,14,23,[41],[73],76
1407,16/05/2009,09,10,14,23,30,67
1408,19/05/2009,09,14,23,58,67,76
1409,21/05/2009,09,[14],23,58,67,76
1410,23/05/2009,[09],23,[25],46,58,76
1411,26/05/2009,09,23,34,46,58,76
1412,28/05/2009,09,10,23,58,69,76
1413,30/05/2009,09,23,34,[58],76,84
1414,06/06/2009,09,23,34,38,59,76
1415,08/06/2009,09,23,34,68,76,84
1416,10/06/2009,02,09,[23],68,76,84
1417,13/06/2009,09,10,30,34,45,[76]
1418,16/06/2009,09,30,34,38,52,59
1419,18/06/2009,02,09,45,46,[52],59
1420,20/06/2009,09,10,30,34,45,59
1421,23/06/2009,09,10,34,44,45,[59]
1422,25/06/2009,09,30,34,45,46,80
1423,27/06/2009,09,30,34,46,54,68
1424,30/06/2009,09,10,30,34,44,69
1425,01/07/2009,09,10,30,34,44,46
1426,02/07/2009,09,10,30,45,68,69
1427,03/07/2009,09,10,30,34,[45],46
1428,04/07/2009,09,10,34,42,68,69
1429,05/07/2009,09,10,30,34,[69],[80]
1430,07/07/2009,09,10,30,34,46,[68]
1431,11/07/2009,[09],10,30,32,34,42
1432,14/07/2009,09,10,21,30,34,46
1433,16/07/2009,10,21,26,30,34,46
1434,18/07/2009,09,10,28,30,[34],46
1435,21/07/2009,09,10,21,30,42,46
1436,23/07/2009,[09],10,21,28,30,46
1437,25/07/2009,09,10,21,28,30,46
1438,28/07/2009,09,10,[21],28,30,42
1439,30/07/2009,09,10,26,28,30,42
1440,01/08/2009,09,10,28,30,42,46
1441,08/08/2009,10,26,28,30,42,46
1442,09/08/2009,09,10,26,30,42,46
1443,10/08/2009,09,10,28,30,42,46
1444,13/08/2009,09,10,26,30,42,46
1445,17/08/2009,09,[10],18,30,42,46
1446,18/08/2009,09,18,30,42,46,59
1447,20/08/2009,09,26,30,42,46,59
1448,22/08/2009,09,26,30,42,46,59
1449,25/08/2009,09,18,26,30,42,46
1450,27/08/2009,09,[20],26,30,42,46
1451,29/08/2009,09,[26],30,42,46,59
1452,04/09/2009,09,18,30,42,46,59
1453,05/09/2009,[09],18,30,42,46,59
1454,06/09/2009,18,30,42,46,60,78
1455,07/09/2009,09,18,30,42,46,59
1456,12/09/2009,[09],18,[30],42,46,78
1457,15/09/2009,09,18,42,46,59,78
1458,17/09/2009,09,18,42,46,54,59
1459,19/09/2009,18,42,46,52,59,78
1460,22/09/2009,09,18,42,46,52,59
1461,24/09/2009,[09],18,42,46,59,78
1462,26/09/2009,09,18,42,46,59,78
1463,29/09/2009,18,42,46,54,59,78
1464,01/10/2009,09,18,42,46,59,[78]
1465,02/10/2009,[18],31,42,46,59,66
1466,03/10/2009,09,28,31,42,46,59
1467,09/10/2009,09,28,42,46,52,59
1468,10/10/2009,[09],42,46,[52],59,64
1469,11/10/2009,09,28,42,46,[59],64
1470,12/10/2009,09,31,42,46,64,66
1471,13/10/2009,09,28,31,42,46,64
1472,15/10/2009,09,31,42,46,64,66
1473,17/10/2009,09,28,31,42,46,64
1474,20/10/2009,09,31,38,42,46,64
1475,22/10/2009,09,31,42,46,58,66
1476,24/10/2009,09,28,30,31,42,46
1477,27/10/2009,09,31,42,46,58,67
1478,29/10/2009,09,28,31,[42],46,[59]
1479,31/10/2009,09,28,30,31,46,66
1480,04/11/2009,09,28,30,31,46,66
1481,06/11/2009,09,18,28,31,46,70
1482,07/11/2009,09,[21],28,31,46,59
1483,08/11/2009,09,27,28,31,46,66
1484,14/11/2009,07,09,23,28,[31],46
1485,17/11/2009,09,23,[28],46,67,78
1486,19/11/2009,09,23,46,[57],58,67
1487,21/11/2009,07,09,46,58,66,67
1488,24/11/2009,09,46,59,66,75,78
1489,26/11/2009,09,30,46,66,67,78
1490,28/11/2009,09,23,46,66,[67],[78]
1491,02/12/2009,09,30,46,53,59,66
1492,03/12/2009,09,23,46,58,59,66
1493,05/12/2009,[09],18,[23],33,46,53
1494,09/12/2009,09,18,30,34,46,59
1495,11/12/2009,09,18,46,53,59,[66]
1496,12/12/2009,09,18,30,46,59,60
1497,15/12/2009,07,18,46,[53],58,60
1498,17/12/2009,09,18,20,46,59,75
1499,19/12/2009,[09],18,30,46,59,60
1500,22/12/2009,07,09,18,46,58,59
1501,24/12/2009,07,09,12,18,46,59
1502,28/12/2009,09,30,46,58,59,75
1503,29/12/2009,09,18,46,57,58,75
1504,31/12/2009,09,18,46,54,59,60
1505,04/01/2010,07,09,30,46,68,75
1506,06/01/2010,09,30,[46],54,58,59
1507,07/01/2010,07,09,18,20,30,59
1508,14/01/2010,07,12,18,20,58,68
1509,16/01/2010,07,09,12,[18],20,59
1510,19/01/2010,07,12,28,[59],60,68
1511,21/01/2010,07,09,12,20,30,58
1512,23/01/2010,07,09,12,20,30,60
1513,26/01/2010,07,09,20,30,58,60
1514,28/01/2010,07,09,20,28,30,58
1515,30/01/2010,07,09,12,20,58,60
1516,01/02/2010,07,09,12,20,30,58
1517,02/02/2010,07,09,20,28,30,58
1518,03/02/2010,07,09,12,30,58,60
1519,09/02/2010,07,09,28,58,59,60
1520,10/02/2010,07,[09],28,54,58,60
1521,11/02/2010,07,12,20,44,58,60
1522,12/02/2010,07,12,20,28,54,58
1523,13/02/2010,07,12,20,28,58,60
1524,16/02/2010,07,12,20,28,58,60
1525,18/02/2010,[07],09,12,20,28,[58]
1526,20/02/2010,09,12,20,28,60,78
1527,23/02/2010,09,[12],20,28,60,69
1528,25/02/2010,09,20,28,54,60,69
1529,27/02/2010,09,20,28,54,60,69
1530,04/03/2010,09,20,28,42,60,69
1531,05/03/2010,09,20,28,29,60,78
1532,06/03/2010,09,20,28,52,60,69
1533,07/03/2010,09,20,28,42,54,60
1534,08/03/2010,09,20,28,29,54,60
1535,13/03/2010,[09],20,28,29,54,60
1536,16/03/2010,20,28,29,54,60,76
1537,18/03/2010,20,28,31,54,59,60
1538,20/03/2010,09,20,28,54,59,60
1539,23/03/2010,09,[20],28,60,[69],76
1540,25/03/2010,22,28,42,59,60,76
1541,27/03/2010,09,28,42,60,76,78
1542,30/03/2010,22,28,31,42,60,76
1543,02/04/2010,28,42,59,60,72,76
1544,03/04/2010,09,22,28,60,76,78
1545,05/04/2010,09,22,28,31,60,76
1546,09/04/2010,22,28,31,59,60,76
1547,11/04/2010,28,42,59,60,76,78
1548,12/04/2010,22,28,[42],59,60,78
1549,13/04/2010,28,41,59,60,76,78
1550,15/04/2010,22,28,[59],60,76,78
1551,17/04/2010,09,22,28,60,[76],78
1552,20/04/2010,09,22,28,[41],60,78
1553,22/04/2010,09,22,28,60,72,78
1554,24/04/2010,09,22,28,31,60,78
1555,27/04/2010,09,22,[28],31,60,78
1556,29/04/2010,09,22,[31],32,60,78
1557,01/05/2010,09,22,32,58,60,78
1558,06/05/2010,09,22,32,60,72,78
1559,08/05/2010,22,32,60,72,73,78
1560,10/05/2010,09,22,58,60,72,78
1561,13/05/2010,09,22,32,60,72,78
1562,15/05/2010,09,10,[22],60,72,[78]
1563,18/05/2010,09,28,30,52,60,73
1564,20/05/2010,09,28,58,60,72,73
1565,22/05/2010,09,52,58,60,72,73
1566,25/05/2010,09,12,21,58,[60],72
1567,27/05/2010,[09],28,46,52,58,[72]
1568,29/05/2010,03,12,18,21,52,58
1569,02/06/2010,02,03,21,28,30,52
1570,03/06/2010,02,03,12,18,[21],58
1571,04/06/2010,02,03,12,18,28,47
1572,05/06/2010,[02],03,28,46,52,58
1573,07/06/2010,03,10,18,28,52,58
1574,11/06/2010,03,09,18,28,52,58
1575,15/06/2010,03,18,27,28,52,58
1576,17/06/2010,03,18,[20],28,[52],58
1577,19/06/2010,[03],07,09,27,28,46
1578,22/06/2010,07,[09],12,18,28,58
1579,24/06/2010,05,09,[12],[18],28,58
1580,26/06/2010,05,07,[09],26,58,74
1581,29/06/2010,05,09,23,27,58,81
1582,01/07/2010,05,07,09,15,27,58
1583,08/07/2010,05,[07],09,27,58,59
1584,09/07/2010,05,09,15,27,30,58
1585,10/07/2010,05,07,09,27,46,58
1586,12/07/2010,05,15,23,[27],58,60
1587,13/07/2010,05,[09],15,23,58,59
1588,15/07/2010,[05],09,23,[46],58,81
1589,17/07/2010,[09],23,58,59,60,81
1590,20/07/2010,23,28,[54],58,59,60
1591,22/07/2010,09,28,42,52,58,78
1592,24/07/2010,09,21,23,28,58,59
1593,27/07/2010,09,23,29,36,58,59
1594,29/07/2010,09,23,36,58,63,67
1595,31/07/2010,09,28,36,52,58,60
1596,04/08/2010,09,21,28,58,59,60
1597,05/08/2010,07,09,23,58,59,60
1598,06/08/2010,09,23,28,58,59,60
1599,07/08/2010,09,[23],28,52,58,60
1600,14/08/2010,09,42,58,59,60,81
1601,17/08/2010,01,21,49,58,61,[90]
1602,19/08/2010,01,04,49,58,86,90
1603,21/08/2010,04,18,49,58,86,88
1604,24/08/2010,01,04,05,49,63,86
1605,26/08/2010,01,04,49,60,70,88
1606,28/08/2010,01,04,49,70,81,90
1607,31/08/2010,01,02,04,49,70,88
1608,01/09/2010,[01],39,49,58,70,86
1609,02/09/2010,05,49,58,70,86,90
1610,03/09/2010,42,49,58,70,86,[90]
1611,09/09/2010,01,49,55,70,81,88
1612,10/09/2010,05,49,58,60,86,88
1613,11/09/2010,49,55,58,86,88,90
1614,12/09/2010,27,49,55,86,[89],[90]
1615,14/09/2010,02,05,27,49,81,86
1616,16/09/2010,01,[49],55,65,81,86
1617,18/09/2010,01,49,58,81,83,86
1618,21/09/2010,01,[46],58,60,83,90
1619,23/09/2010,01,49,58,83,86,[90]
1620,25/09/2010,01,04,09,49,81,86
1621,28/09/2010,01,04,09,49,86,90
1622,30/09/2010,01,04,49,86,89,90
1623,04/10/2010,01,27,49,55,70,90
1624,06/10/2010,02,49,60,81,82,90
1625,07/10/2010,27,49,55,82,[85],90
1626,08/10/2010,49,79,81,85,86,90
1627,14/10/2010,01,10,49,60,85,86
1628,16/10/2010,01,21,49,85,86,90
1629,19/10/2010,01,33,[49],85,86,90
1630,21/10/2010,02,[42],49,[85],86,88
1631,23/10/2010,01,09,49,73,86,90
1632,26/10/2010,02,33,[49],59,86,90
1633,28/10/2010,01,02,39,49,86,90
1634,30/10/2010,01,49,61,85,88,90
1635,02/11/2010,36,49,55,[73],85,90
1636,03/11/2010,01,49,55,85,88,90
1637,05/11/2010,01,49,55,59,60,90
1638,09/11/2010,01,02,49,60,88,90
1639,11/11/2010,01,02,21,[49],85,90
1640,12/11/2010,01,02,27,55,85,90
1641,13/11/2010,01,53,55,60,85,90
1642,16/11/2010,01,22,55,59,85,90
1643,18/11/2010,01,55,60,85,88,90
1644,20/11/2010,01,[05],09,55,85,90
1645,23/11/2010,01,49,55,59,[85],90
1646,25/11/2010,21,44,55,60,88,[90]
1647,27/11/2010,44,55,58,82,85,88
1648,30/11/2010,27,49,55,59,82,88
1649,01/12/2010,49,54,[55],84,85,88
1650,06/12/2010,22,49,54,55,60,[85]
1651,08/12/2010,18,22,49,[54],60,61
1652,10/12/2010,09,15,[18],44,49,54
1653,14/12/2010,09,22,42,44,54,60
1654,16/12/2010,[15],49,[54],55,60,88
1655,18/12/2010,44,49,54,60,86,88
1656,21/12/2010,22,42,49,54,64,88
1657,23/12/2010,24,49,54,59,60,88
1658,27/12/2010,24,49,54,86,88,90
1659,28/12/2010,11,42,49,54,57,88
1660,30/12/2010,01,42,49,54,60,85
1661,02/01/2011,04,10,49,54,60,90
1662,03/01/2011,01,21,[42],49,54,60
1663,09/01/2011,04,11,49,56,60,85
1664,10/01/2011,04,10,49,53,59,[85]
1665,12/01/2011,[10],11,49,[54],59,60
1666,13/01/2011,04,24,49,54,60,61
1667,15/01/2011,04,49,54,60,78,84
1668,18/01/2011,04,11,24,49,54,60
1669,20/01/2011,49,53,[54],55,60,85
1670,22/01/2011,04,07,21,49,54,60
1671,25/01/2011,04,11,49,54,88,90
1672,27/01/2011,04,[49],54,60,85,90
1673,29/01/2011,04,24,25,28,54,60
1674,04/02/2011,04,28,54,60,88,90
1675,07/02/2011,04,18,20,53,54,60
1676,08/02/2011,[01],[49],54,59,60,85
1677,11/02/2011,24,49,54,60,85,[90]
1678,15/02/2011,24,28,49,54,60,[78]
1679,17/02/2011,01,24,49,54,60,88
1680,19/02/2011,01,24,49,54,60,88
1681,22/02/2011,07,[42],54,60,88,90
1682,24/02/2011,01,24,33,49,54,60
1683,26/02/2011,01,24,28,49,54,60
1684,01/03/2011,01,[07],28,49,54,60
1685,02/03/2011,04,09,24,53,54,60
1686,03/03/2011,01,04,22,43,54,60
1687,05/03/2011,04,22,24,28,[54],60
1688,06/03/2011,04,22,[24],54,60,88
1689,09/03/2011,04,22,31,54,60,88
1690,11/03/2011,04,49,54,60,80,90
1691,12/03/2011,04,49,54,60,85,90
1692,15/03/2011,04,49,54,55,60,90
1693,18/03/2011,04,49,54,60,86,90
1694,19/03/2011,04,05,09,49,54,60
1695,22/03/2011,04,[49],[54],59,60,86
1696,24/03/2011,04,54,59,60,[86],90
1697,26/03/2011,49,54,59,60,85,90
1698,29/03/2011,28,54,60,86,88,90
1699,31/03/2011,49,54,60,73,86,90
1700,01/04/2011,17,28,[31],54,60,90
1701,06/04/2011,20,54,59,60,73,90
1702,08/04/2011,01,22,28,54,60,[90]
1703,10/04/2011,[01],29,54,59,60,86
1704,14/04/2011,28,49,54,60,85,86
1705,16/04/2011,28,[49],54,60,85,86
1706,19/04/2011,01,02,54,59,60,71
1707,21/04/2011,28,49,54,60,84,85
1708,23/04/2011,28,30,[54],55,57,60
1709,26/04/2011,10,22,28,54,60,85
1710,28/04/2011,01,28,49,54,60,85
1711,30/04/2011,[15],28,54,60,85,86
1712,02/05/2011,28,54,57,60,85,86
1713,03/05/2011,22,28,[54],59,60,86
1714,04/05/2011,28,54,60,85,86,90
1715,05/05/2011,28,48,54,60,85,86
1716,07/05/2011,22,54,60,85,86,90
1717,11/05/2011,22,28,54,60,85,86
1718,14/05/2011,09,28,49,55,60,85
1719,17/05/2011,[28],49,54,60,85,86
1720,19/05/2011,[24],27,49,54,60,86
1721,21/05/2011,49,54,60,[85],86,87
1722,24/05/2011,27,49,54,55,60,86
1723,26/05/2011,35,[54],60,79,86,90
1724,28/05/2011,27,28,36,54,60,90
1725,31/05/2011,22,28,55,59,60,79
1726,08/06/2011,01,49,54,55,60,[90]
1727,09/06/2011,01,28,49,54,55,[60]
1728,10/06/2011,28,42,49,54,55,90
1729,12/06/2011,[01],27,49,54,[55],59
1730,14/06/2011,01,27,[49],54,76,90
1731,16/06/2011,01,27,34,54,55,85
1732,18/06/2011,27,49,54,55,76,85
1733,21/06/2011,27,49,54,55,85,90
1734,23/06/2011,28,49,54,55,85,90
1735,25/06/2011,01,[11],49,54,55,85
1736,28/06/2011,27,49,54,55,60,90
1737,30/06/2011,09,53,54,55,85,90
1738,01/07/2011,28,[54],55,61,85,90
1739,04/07/2011,01,49,54,55,73,85
1740,05/07/2011,49,53,54,55,60,85
1741,06/07/2011,01,09,49,[54],55,85
1742,07/07/2011,28,47,49,[54],55,85
1743,14/07/2011,01,28,49,55,60,85
1744,16/07/2011,09,28,54,60,73,90
1745,19/07/2011,09,13,49,54,79,85
1746,21/07/2011,01,36,49,54,55,85
1747,23/07/2011,01,[36],49,54,79,85
1748,26/07/2011,49,54,60,61,73,85
1749,28/07/2011,37,49,54,59,79,85
1750,30/07/2011,01,26,[54],59,61,79
1751,01/08/2011,01,05,28,49,54,59
1752,02/08/2011,26,49,54,79,85,86
1753,03/08/2011,30,49,54,55,60,90
1754,09/08/2011,49,54,55,85,86,90
1755,10/08/2011,09,12,49,54,76,85
1756,11/08/2011,01,54,55,60,85,90
1757,13/08/2011,01,54,55,85,86,90
1758,16/08/2011,28,36,49,54,59,86
1759,18/08/2011,01,49,54,55,85,90
1760,20/08/2011,30,39,49,54,60,85
1761,23/08/2011,01,12,49,54,85,90
1762,25/08/2011,17,30,49,54,60,86
1763,27/08/2011,04,49,54,85,86,90
1764,30/08/2011,49,54,60,86,89,90
1765,04/09/2011,37,49,54,59,85,86
1766,06/09/2011,49,54,55,59,74,85
1767,07/09/2011,32,[49],54,60,74,85
1768,08/09/2011,29,54,59,60,74,85
1769,12/09/2011,07,50,54,59,74,85
1770,13/09/2011,28,49,54,59,77,85
1771,15/09/2011,28,54,55,59,87,90
1772,17/09/2011,15,24,54,59,74,85
1773,20/09/2011,[07],15,28,45,74,90
1774,22/09/2011,24,[45],55,59,74,85
1775,24/09/2011,15,49,55,59,74,85
1776,27/09/2011,34,46,53,59,74,85
1777,29/09/2011,[45],49,59,74,85,90
1778,02/10/2011,15,16,46,53,74,85
1779,03/10/2011,15,45,49,54,59,85
1780,05/10/2011,15,16,45,54,59,85
1781,09/10/2011,24,45,49,54,59,85
1782,11/10/2011,16,45,49,54,59,85
1783,12/10/2011,16,49,54,59,60,85
1784,13/10/2011,15,16,46,54,60,85
1785,15/10/2011,20,45,[54],59,60,[85]
1786,18/10/2011,05,16,45,54,59,73
1787,20/10/2011,01,45,54,55,59,90
1788,22/10/2011,16,45,46,54,55,59
1789,25/10/2011,20,46,49,54,55,59
1790,27/10/2011,05,09,16,49,59,85
1791,29/10/2011,01,[16],46,54,59,85
1792,01/11/2011,45,49,54,59,85,90
1793,06/11/2011,01,25,45,49,59,85
1794,08/11/2011,46,49,54,59,85,90
1795,10/11/2011,03,42,49,54,59,[90]
1796,15/11/2011,[45],49,54,55,59,85
1797,17/11/2011,03,20,45,54,59,85
1798,19/11/2011,20,45,46,54,59,85
1799,22/11/2011,01,46,54,55,59,90
1800,24/11/2011,05,28,54,55,59,85
1801,26/11/2011,01,05,45,54,59,85
1802,29/11/2011,01,42,45,54,59,85
1803,02/12/2011,20,45,46,54,59,74
1804,03/12/2011,20,[42],54,55,59,90
1805,04/12/2011,20,45,54,55,59,85
1806,05/12/2011,20,45,54,59,[85],89
1807,07/12/2011,05,[45],46,54,59,85
1808,11/12/2011,05,45,54,55,59,89
1809,13/12/2011,[10],45,54,55,59,[85]
1810,15/12/2011,01,45,[55],59,74,90
1811,17/12/2011,01,05,45,48,59,74
1812,20/12/2011,01,05,45,59,79,85
1813,22/12/2011,01,45,59,79,85,[90]
1814,24/12/2011,01,45,55,59,79,85
1815,27/12/2011,05,45,59,60,85,90
1816,29/12/2011,05,45,59,79,85,90
1817,31/12/2011,26,28,45,55,59,79
1818,03/01/2012,01,05,21,45,59,79
1819,09/01/2012,01,05,45,59,79,85
1820,12/01/2012,01,[45],59,[60],74,76
1821,14/01/2012,01,20,45,59,74,85
1822,17/01/2012,01,05,06,45,59,76
1823,19/01/2012,06,45,55,59,66,[90]
1824,21/01/2012,01,05,06,45,59,89
1825,24/01/2012,05,28,[55],59,60,62
1826,26/01/2012,01,05,55,59,60,89
1827,28/01/2012,05,34,45,55,59,60
1828,31/01/2012,01,45,59,62,89,90
1829,02/02/2012,05,18,55,59,[60],90
1830,05/02/2012,01,45,59,62,76,90
1831,08/02/2012,01,45,59,[66],76,86
1832,10/02/2012,01,45,59,65,76,90
1833,14/02/2012,01,05,45,59,65,[86]
1834,16/02/2012,45,55,59,79,89,90
1835,18/02/2012,01,42,45,55,59,85
1836,21/02/2012,01,45,55,59,74,85
1837,23/02/2012,01,45,55,59,74,85
1838,25/02/2012,01,12,45,59,63,74
1839,28/02/2012,45,55,59,74,79,85
1840,01/03/2012,10,45,59,74,79,85
1841,03/03/2012,45,59,65,[74],79,85
1842,04/03/2012,[11],45,59,74,79,85
1843,05/03/2012,45,59,65,74,79,85
1844,07/03/2012,10,20,45,52,59,74
1845,11/03/2012,45,59,60,63,[74],79
1846,13/03/2012,18,42,59,60,63,65
1847,15/03/2012,[01],55,59,60,79,90
1848,17/03/2012,18,55,59,63,74,90
1849,20/03/2012,01,27,59,74,79,90
1850,22/03/2012,59,60,63,74,79,90
1851,24/03/2012,21,55,59,63,74,90
1852,27/03/2012,01,21,45,55,59,74
1853,29/03/2012,01,07,21,42,59,74
1854,31/03/2012,21,24,42,45,59,74
1855,02/04/2012,21,[43],45,59,74,90
1856,06/04/2012,18,21,48,59,60,90
1857,08/04/2012,18,21,45,59,60,[74]
1858,09/04/2012,01,10,21,45,59,[60]
1859,10/04/2012,18,28,45,48,59,74
1860,12/04/2012,01,07,21,59,74,90
1861,14/04/2012,21,[24],59,74,79,90
1862,17/04/2012,14,21,55,59,74,79
1863,19/04/2012,21,55,59,74,79,90
1864,21/04/2012,21,29,59,[73],74,79
1865,24/04/2012,07,18,21,[24],59,74
1866,26/04/2012,07,18,21,55,59,74
1867,28/04/2012,21,55,[59],62,74,90
1868,01/05/2012,01,03,21,31,55,62
1869,04/05/2012,21,27,55,62,79,90
1870,05/05/2012,21,48,55,56,62,90
1871,06/05/2012,01,07,18,56,70,90
1872,07/05/2012,01,55,56,74,[79],90
1873,11/05/2012,18,53,55,56,74,90
1874,15/05/2012,30,31,[56],60,74,90
1875,17/05/2012,01,48,53,55,56,79
1876,19/05/2012,18,31,55,56,59,90
1877,22/05/2012,[01],55,56,74,79,90
1878,24/05/2012,53,55,[56],74,79,[90]
1879,26/05/2012,18,[55],56,60,74,79
1880,29/05/2012,29,56,60,72,74,79
1881,31/05/2012,18,30,48,56,74,79
1882,03/06/2012,01,18,56,74,[79],90
1883,09/06/2012,01,22,48,56,74,90
1884,10/06/2012,01,18,48,[56],74,79
1885,11/06/2012,09,50,55,56,60,74
1886,12/06/2012,46,48,59,60,[74],79
1887,14/06/2012,01,09,56,60,74,79
1888,16/06/2012,[01],48,55,56,74,79
1889,19/06/2012,02,18,55,56,74,79
1890,21/06/2012,01,53,55,56,74,79
1891,23/06/2012,[02],36,[55],56,60,74
1892,26/06/2012,01,28,56,59,75,79
1893,28/06/2012,01,28,53,56,75,79
1894,30/06/2012,53,55,56,59,75,90
1895,01/07/2012,01,06,53,56,59,75
1896,02/07/2012,28,50,55,56,59,90
1897,04/07/2012,28,47,53,56,60,75
1898,06/07/2012,01,55,56,59,[75],87
1899,07/07/2012,01,[53],55,56,75,87
1900,08/07/2012,[50],55,56,59,74,75
1901,14/07/2012,01,36,55,56,59,[75]
1902,17/07/2012,01,55,56,74,75,90
1903,19/07/2012,10,45,56,73,75,90
1904,21/07/2012,01,[22],56,59,75,90
1905,24/07/2012,01,[55],60,75,79,90
1906,26/07/2012,01,14,49,75,[77],90
1907,28/07/2012,01,56,73,75,77,90
1908,31/07/2012,01,23,56,73,75,77
1909,03/08/2012,01,31,52,75,87,90
1910,05/08/2012,14,73,75,77,79,83
1911,09/08/2012,10,66,75,77,79,83
1912,11/08/2012,04,59,60,77,79,90
1913,14/08/2012,04,07,75,77,79,83
1914,16/08/2012,55,[74],75,77,83,90
1915,18/08/2012,14,74,75,77,83,90
1916,21/08/2012,10,53,74,75,83,90
1917,23/08/2012,55,66,74,75,77,90
1918,25/08/2012,10,59,74,75,77,83
1919,28/08/2012,04,10,55,60,74,[75]
1920,30/08/2012,10,28,33,74,75,83
1921,02/09/2012,10,[73],74,75,77,83
1922,06/09/2012,10,60,74,75,77,83
1923,08/09/2012,33,60,74,77,83,85
1924,10/09/2012,10,28,74,75,[83],85
1925,13/09/2012,10,55,75,[77],83,85
1926,15/09/2012,14,33,55,59,60,83
1927,18/09/2012,[10],55,60,75,77,83
1928,20/09/2012,24,53,55,[75],77,83
1929,22/09/2012,04,24,53,59,75,[85]
1930,25/09/2012,04,12,29,55,75,83
1931,27/09/2012,04,53,55,75,83,85
1932,29/09/2012,04,[07],14,59,60,75
1933,01/10/2012,55,75,77,83,85,90
1934,03/10/2012,16,55,75,77,83,85
1935,04/10/2012,32,55,75,77,83,85
1936,05/10/2012,[16],49,55,75,77,85
1937,07/10/2012,04,06,48,50,55,[75]
1938,11/10/2012,04,36,55,59,[75],77
1939,12/10/2012,01,04,18,48,55,75
1940,13/10/2012,01,49,55,75,77,85
1941,16/10/2012,48,55,59,75,77,85
1942,18/10/2012,49,55,65,75,77,85
1943,20/10/2012,44,46,48,55,75,85
1944,23/10/2012,49,55,59,75,77,85
1945,25/10/2012,48,55,59,75,[77],85
1946,27/10/2012,01,21,29,55,59,[75]
1947,30/10/2012,01,04,49,55,[75],77
1948,02/11/2012,15,49,55,75,77,90
1949,08/11/2012,01,[04],49,55,[75],77
1950,09/11/2012,01,18,59,75,77,85
1951,10/11/2012,49,53,57,59,73,85
1952,12/11/2012,09,39,59,73,85,90
1953,13/11/2012,49,[57],59,60,73,75
1954,15/11/2012,01,29,49,59,75,77
1955,17/11/2012,01,09,49,59,75,[77]
1956,20/11/2012,01,22,49,55,59,75
1957,22/11/2012,49,[59],60,73,75,[77]
1958,24/11/2012,01,[26],49,59,75,79
1959,27/11/2012,18,73,75,77,79,89
1960,29/11/2012,[01],18,49,75,79,90
1961,01/12/2012,16,18,[49],[73],75,79
1962,04/12/2012,24,28,68,75,77,79
1963,05/12/2012,01,22,49,75,77,90
1964,06/12/2012,01,49,75,76,[77],[83]
1965,07/12/2012,22,55,59,75,83,87
1966,13/12/2012,49,75,77,83,87,90
1967,15/12/2012,01,18,49,75,83,90
1968,18/12/2012,01,18,36,[60],75,83
1969,20/12/2012,[27],36,59,75,79,83
1970,22/12/2012,28,31,36,49,75,76
1971,24/12/2012,07,18,75,79,83,89
1972,27/12/2012,01,06,07,75,77,83
1973,29/12/2012,01,06,75,77,83,85
1974,06/01/2013,01,06,75,77,83,[85]
1975,08/01/2013,01,06,07,[75],77,83
1976,10/01/2013,01,06,18,75,77,83
1977,15/01/2013,06,09,18,75,83,85
1978,17/01/2013,06,14,28,36,75,[83]
1979,19/01/2013,[01],[06],75,77,83,85
1980,22/01/2013,06,18,59,75,77,[83]
1981,24/01/2013,06,59,72,75,77,85
1982,26/01/2013,06,07,75,77,83,85
1983,29/01/2013,[06],07,[18],36,75,77
1984,31/01/2013,01,06,14,44,75,83
1985,01/02/2013,06,07,75,77,[83],85
1986,02/02/2013,06,07,66,75,77,[85]
1987,03/02/2013,06,[49],75,76,77,83
1988,04/02/2013,06,49,75,77,83,[85]
1989,05/02/2013,06,59,[75],76,77,83
1990,07/02/2013,06,36,49,75,77,83
1991,11/02/2013,06,07,49,[75],77,83
1992,14/02/2013,49,75,[76],77,83,85
1993,16/02/2013,01,49,75,77,83,85
1994,19/02/2013,07,14,49,75,77,83
1995,21/02/2013,06,09,28,75,77,83
1996,23/02/2013,06,36,49,[75],77,83
1997,26/02/2013,06,14,75,77,83,85
1998,28/02/2013,01,06,07,75,77,85
1999,01/03/2013,01,07,75,77,84,85
2000,08/03/2013,01,02,21,75,77,84
2001,09/03/2013,02,[07],36,46,59,72
2002,10/03/2013,02,05,36,46,72,73
2003,12/03/2013,02,05,28,36,58,72
2004,14/03/2013,02,05,09,26,36,46
2005,16/03/2013,05,09,28,36,46,58
2006,19/03/2013,02,05,09,28,36,46
2007,21/03/2013,05,[09],36,46,[58],68
2008,23/03/2013,02,05,09,36,46,72
2009,26/03/2013,02,05,09,13,36,[46]
2010,28/03/2013,02,04,05,28,30,36
2011,30/03/2013,02,05,09,26,28,36
2012,04/04/2013,02,05,13,23,36,38
2013,05/04/2013,02,05,28,36,72,78
2014,06/04/2013,02,05,28,36,38,72
2015,07/04/2013,02,05,[09],28,36,72
2016,13/04/2013,02,05,23,28,36,60
2017,16/04/2013,02,05,09,28,[36],59
2018,18/04/2013,02,05,13,28,60,72
2019,20/04/2013,02,05,09,28,59,72
2020,23/04/2013,02,05,23,28,60,72
2021,27/04/2013,[02],05,09,28,60,78
2022,29/04/2013,05,07,10,28,60,72
2023,30/04/2013,[05],18,28,60,72,78
2024,01/05/2013,18,23,28,[59],72,78
2025,02/05/2013,09,10,18,28,59,72
2026,03/05/2013,09,10,24,28,60,72
2027,09/05/2013,18,[23],28,60,72,78
2028,10/05/2013,09,18,28,60,72,78
2029,11/05/2013,[10],18,28,60,72,[78]
2030,12/05/2013,18,24,[28],44,60,72
2031,14/05/2013,07,28,58,60,72,87
2032,16/05/2013,09,12,18,20,58,72
2033,18/05/2013,09,18,58,59,60,72
2034,21/05/2013,09,21,44,59,60,72
2035,23/05/2013,09,18,44,[59],60,72
2036,25/05/2013,09,18,58,59,60,72
2037,28/05/2013,09,18,50,58,60,72
2038,30/05/2013,09,18,21,58,59,72
2039,04/06/2013,09,18,25,50,60,72
2040,06/06/2013,09,18,25,58,60,72
2041,07/06/2013,[09],18,21,44,60,72
2042,08/06/2013,09,18,44,59,60,72
2043,13/06/2013,18,53,58,59,60,72
2044,15/06/2013,09,18,21,31,58,60
2045,18/06/2013,09,18,28,53,60,72
2046,20/06/2013,18,25,58,59,60,72
2047,22/06/2013,09,18,28,60,72,78
2048,25/06/2013,09,18,28,59,60,72
2049,27/06/2013,09,18,34,53,59,60
2050,29/06/2013,07,18,58,59,60,72
2051,02/07/2013,09,18,28,58,60,72
2052,03/07/2013,09,18,24,28,60,72
2053,05/07/2013,18,44,58,59,60,72
2054,09/07/2013,09,18,44,60,[78],89
2055,11/07/2013,18,28,31,44,58,60
2056,12/07/2013,09,18,31,44,58,60
2057,13/07/2013,18,28,44,56,58,60
2058,16/07/2013,18,31,44,58,59,60
2059,18/07/2013,18,28,31,44,58,60
2060,20/07/2013,18,28,[31],44,58,60
2061,23/07/2013,18,28,44,58,59,60
2062,25/07/2013,18,28,44,58,59,60
2063,27/07/2013,07,18,28,44,58,60
2064,30/07/2013,07,18,44,58,59,60
2065,01/08/2013,07,18,[28],44,58,60
2066,06/08/2013,18,44,46,58,59,60
2067,08/08/2013,07,09,18,44,58,60
2068,10/08/2013,07,18,44,58,59,[60]
2069,13/08/2013,18,44,51,58,59,60
2070,17/08/2013,09,18,30,44,58,60
2071,19/08/2013,07,18,30,44,58,59
2072,20/08/2013,07,18,36,44,[58],59
2073,22/08/2013,07,09,18,[30],44,[59]
2074,24/08/2013,07,09,13,18,36,44
2075,27/08/2013,07,09,18,[44],59,60
2076,29/08/2013,07,09,18,31,36,59
2077,31/08/2013,07,09,13,18,48,59
2078,02/09/2013,07,09,18,36,45,59
2079,03/09/2013,07,[13],18,[36],59,60
2080,04/09/2013,07,08,09,18,59,60
2081,05/09/2013,07,09,18,28,58,60
2082,07/09/2013,07,18,24,28,59,60
2083,11/09/2013,07,09,18,28,34,60
2084,14/09/2013,07,09,18,28,59,60
2085,17/09/2013,07,09,18,28,31,60
2086,19/09/2013,07,09,18,58,59,60
2087,21/09/2013,07,09,18,23,28,60
2088,24/09/2013,07,09,18,29,59,60
2089,26/09/2013,07,09,18,23,29,60
2090,28/09/2013,07,09,18,[28],29,58
2091,01/10/2013,07,09,18,23,28,60
2092,08/10/2013,07,09,18,23,59,60
2093,09/10/2013,07,09,18,23,46,59
2094,10/10/2013,[07],09,18,28,59,60
2095,12/10/2013,09,18,23,24,59,60
2096,15/10/2013,09,18,23,28,59,[60]
2097,17/10/2013,09,[18],24,36,59,60
2098,19/10/2013,09,23,29,46,59,67
2099,22/10/2013,09,23,24,46,59,60
2100,24/10/2013,09,23,29,31,59,67
2101,26/10/2013,09,23,29,46,59,67
2102,29/10/2013,09,29,31,46,[53],59
2103,31/10/2013,09,15,29,[37],[46],59
2104,04/11/2013,09,14,27,29,31,59
2105,05/11/2013,08,09,28,29,31,59
2106,06/11/2013,08,09,14,29,31,59
2107,07/11/2013,09,[14],29,31,[59],60
2108,14/11/2013,09,27,28,29,31,59
2109,16/11/2013,08,09,27,28,29,31
2110,19/11/2013,08,09,28,29,31,60
2111,21/11/2013,09,[28],29,31,60,74
2112,23/11/2013,08,09,27,28,29,31
2113,26/11/2013,09,18,27,29,31,60
2114,28/11/2013,09,27,29,[31],59,60
2115,30/11/2013,08,09,27,29,59,60
2116,01/12/2013,08,[09],29,58,59,60
2117,02/12/2013,09,24,27,29,59,60
2118,03/12/2013,[07],08,09,29,44,60
2119,09/12/2013,08,09,18,28,29,60
2120,10/12/2013,08,09,29,36,59,60
2121,11/12/2013,08,29,59,60,74,89
2122,12/12/2013,08,27,28,29,59,60
2123,14/12/2013,08,09,27,29,59,60
2124,17/12/2013,09,29,50,59,[60],74
2125,19/12/2013,09,18,24,29,58,60
2126,21/12/2013,08,09,18,29,59,60
2127,23/12/2013,09,28,29,36,59,60
2128,24/12/2013,09,18,29,58,59,68
2129,28/12/2013,08,09,28,29,58,59
2130,31/12/2013,08,09,18,28,29,59
2131,02/01/2014,18,29,50,58,59,60
2132,03/01/2014,[08],09,29,31,50,59
2133,04/01/2014,09,28,29,58,59,60
2134,07/01/2014,07,09,28,29,50,59
2135,14/01/2014,09,18,29,36,59,60
2136,16/01/2014,09,[18],28,29,58,59
2137,18/01/2014,09,27,28,29,58,59
2138,21/01/2014,09,28,29,58,59,68
2139,23/01/2014,28,29,36,50,59,68
2140,25/01/2014,09,24,29,[53],[59],60
2141,28/01/2014,[09],28,[29],58,[59],60
2142,30/01/2014,09,24,[28],50,58,68
2143,01/02/2014,07,24,36,50,58,68
2144,08/02/2014,24,36,50,[58],60,68
2145,09/02/2014,11,24,[36],50,60,68
2146,10/02/2014,[09],10,24,46,60,68
2147,12/02/2014,[09],10,11,24,60,68
2148,13/02/2014,[09],24,59,60,61,68
2149,15/02/2014,09,15,[18],24,28,60
2150,18/02/2014,10,24,46,59,60,68
2151,20/02/2014,09,24,28,59,60,68
2152,22/02/2014,09,24,46,59,60,68
2153,25/02/2014,09,24,46,59,60,68
2154,27/02/2014,24,46,[59],60,[68],84
2155,04/03/2014,02,10,24,46,60,84
2156,05/03/2014,09,24,30,44,46,[60]
2157,06/03/2014,10,24,44,46,58,84
2158,07/03/2014,09,24,30,46,59,84
2159,11/03/2014,[09],16,24,30,46,84
2160,13/03/2014,09,[10],24,46,53,59
2161,15/03/2014,16,[24],28,46,60,84
2162,18/03/2014,02,23,[46],60,73,84
2163,20/03/2014,30,44,50,59,60,84
2164,22/03/2014,02,23,53,59,60,84
2165,25/03/2014,16,30,44,59,60,84
2166,27/03/2014,02,23,44,60,69,84
2167,29/03/2014,02,30,44,59,60,84
2168,01/04/2014,02,28,[30],59,73,84
2169,02/04/2014,02,09,16,27,[59],73
2170,03/04/2014,02,09,44,59,60,84
2171,09/04/2014,09,23,59,60,73,84
2172,10/04/2014,09,18,23,44,60,84
2173,11/04/2014,16,[23],27,50,60,84
2174,12/04/2014,09,16,28,59,60,84
2175,15/04/2014,09,16,[44],60,73,84
2176,17/04/2014,09,16,59,60,73,84
2177,19/04/2014,09,50,59,60,73,84
2178,22/04/2014,09,10,50,59,60,73
2179,24/04/2014,09,28,50,59,60,84
2180,26/04/2014,[09],50,59,70,73,84
2181,29/04/2014,09,50,59,60,73,84
2182,04/05/2014,28,46,50,59,60,84
2183,05/05/2014,09,[50],59,60,73,84
2184,06/05/2014,09,34,59,60,73,84
2185,07/05/2014,10,34,59,60,73,84
2186,08/05/2014,18,34,59,60,73,84
2187,13/05/2014,10,28,59,60,73,84
2188,15/05/2014,28,34,59,60,73,84
2189,17/05/2014,07,28,59,60,73,84
2190,20/05/2014,28,34,59,60,73,84
2191,22/05/2014,09,28,[59],60,73,84
2192,24/05/2014,07,09,28,60,73,84
2193,27/05/2014,09,18,28,59,60,84
2194,29/05/2014,09,28,59,60,[73],[84]
2195,31/05/2014,04,09,28,34,59,60
2196,02/06/2014,07,[09],18,28,34,60
2197,03/06/2014,04,18,28,34,59,60
2198,05/06/2014,[04],09,28,34,59,[60]
2199,09/06/2014,18,28,29,30,34,46
2200,11/06/2014,18,28,29,34,50,[59]
2201,12/06/2014,09,18,28,29,34,59
2202,14/06/2014,09,18,28,34,50,89
2203,17/06/2014,09,18,28,34,42,44
2204,19/06/2014,18,[24],28,34,59,72
2205,21/06/2014,18,28,30,34,59,60
2206,24/06/2014,09,18,28,30,34,59
2207,26/06/2014,09,18,28,34,59,60
2208,28/06/2014,05,18,28,34,50,60
2209,01/07/2014,09,18,28,30,34,59
2210,06/07/2014,09,[18],28,30,34,35
2211,08/07/2014,09,28,30,34,[59],60
2212,10/07/2014,09,25,28,34,40,59
2213,15/07/2014,28,30,34,35,44,59
2214,17/07/2014,09,[28],34,35,[59],72
2215,19/07/2014,09,30,34,35,57,59
2216,22/07/2014,09,13,30,34,44,[60]
2217,24/07/2014,09,30,34,35,60,72
2218,26/07/2014,09,27,30,34,42,59
2219,29/07/2014,09,27,34,59,60,78
2220,31/07/2014,09,10,34,35,44,59
2221,02/08/2014,02,09,34,59,60,72
2222,03/08/2014,09,34,[35],57,59,65
2223,04/08/2014,09,18,34,44,59,60
2224,05/08/2014,02,[09],30,34,44,60
2225,07/08/2014,09,27,30,34,[59],67
2226,11/08/2014,23,24,27,34,59,60
2227,14/08/2014,25,27,30,34,44,72
2228,16/08/2014,23,25,27,30,34,60
2229,19/08/2014,09,[30],34,36,44,60
2230,21/08/2014,09,18,34,59,60,72
2231,23/08/2014,09,27,34,44,59,[60]
2232,26/08/2014,23,34,[44],[59],60,72
2233,28/08/2014,07,25,27,34,60,65
2234,30/08/2014,09,27,34,59,[60],65
2235,01/09/2014,02,27,34,58,60,65
2236,08/09/2014,[09],18,27,34,[53],60
2237,09/09/2014,09,18,27,29,34,59
2238,10/09/2014,02,09,18,27,34,59
2239,12/09/2014,[02],18,25,34,59,65
2240,13/09/2014,18,27,34,57,59,[65]
2241,16/09/2014,18,27,34,57,59,60
2242,18/09/2014,27,28,34,57,59,60
2243,20/09/2014,09,18,27,28,34,59
2244,23/09/2014,18,24,27,28,34,[59]
2245,25/09/2014,09,18,27,28,34,[59]
2246,27/09/2014,[09],18,28,29,34,59
2247,30/09/2014,18,27,[28],29,34,60
2248,04/10/2014,15,18,27,29,34,59
2249,05/10/2014,18,23,27,34,59,60
2250,06/10/2014,18,[27],34,50,59,60
2251,07/10/2014,09,13,[18],24,34,60
2252,14/10/2014,05,09,18,34,59,60
2253,16/10/2014,28,31,34,50,59,60
2254,18/10/2014,09,28,34,[53],59,67
2255,21/10/2014,09,24,[34],59,60,86
2256,23/10/2014,05,15,31,46,[59],60
2257,25/10/2014,05,09,32,60,80,89
2258,28/10/2014,05,13,31,50,59,60
2259,30/10/2014,05,13,15,31,59,60
2260,01/11/2014,02,05,10,31,50,60
2261,02/11/2014,05,10,31,59,60,[67]
2262,03/11/2014,05,09,13,31,46,60
2263,09/11/2014,02,05,09,[13],59,60
2264,10/11/2014,05,09,10,31,60,80
2265,11/11/2014,02,05,10,31,59,60
2266,12/11/2014,05,10,31,46,50,60
2267,13/11/2014,05,31,[50],59,60,80
2268,15/11/2014,05,09,31,59,60,[80]
2269,18/11/2014,05,09,29,31,59,60
2270,20/11/2014,05,10,31,46,59,60
2271,22/11/2014,05,07,09,10,31,60
2272,25/11/2014,05,09,10,31,59,60
2273,27/11/2014,05,10,15,29,31,60
2274,29/11/2014,05,09,10,15,31,60
2275,04/12/2014,05,09,16,31,59,60
2276,06/12/2014,05,10,15,31,59,60
2277,07/12/2014,05,09,10,46,59,60
2278,08/12/2014,05,09,10,31,59,60
2279,13/12/2014,05,10,15,31,59,60
2280,16/12/2014,05,09,31,59,60,71
2281,18/12/2014,05,10,31,59,60,78
2282,20/12/2014,05,09,10,31,60,71
2283,23/12/2014,05,09,10,16,59,60
2284,24/12/2014,05,09,10,31,59,60
2285,27/12/2014,05,09,10,[31],59,60
2286,30/12/2014,[05],09,10,59,60,71
2287,08/01/2015,09,10,59,60,78,89
2288,09/01/2015,09,10,16,59,60,71
2289,10/01/2015,09,10,16,44,59,60
2290,12/01/2015,09,10,16,59,60,75
2291,13/01/2015,[09],[10],16,59,60,71
2292,15/01/2015,[07],16,59,60,61,78
2293,17/01/2015,16,44,59,60,[71],75
2294,20/01/2015,04,16,28,59,60,78
2295,22/01/2015,04,16,59,60,75,78
2296,24/01/2015,04,16,28,[59],60,78
2297,27/01/2015,14,16,40,[59],60,78
2298,29/01/2015,04,16,28,53,60,78
2299,31/01/2015,04,09,16,[59],60,78
2300,04/02/2015,16,28,32,59,60,78
2301,05/02/2015,16,28,32,60,75,78
2302,07/02/2015,16,28,32,59,60,[78]
2303,14/02/2015,09,16,28,41,59,[60]
2304,17/02/2015,04,09,16,28,[60],75
2305,19/02/2015,09,10,16,59,60,77
2306,21/02/2015,04,[16],28,50,59,60
2307,24/02/2015,04,09,28,41,60,75
2308,26/02/2015,09,10,28,53,58,59
2309,28/02/2015,04,09,28,50,60,75
2310,01/03/2015,05,07,09,28,50,59
2311,02/03/2015,09,15,18,28,53,[60]
2312,03/03/2015,04,09,28,59,60,65
2313,06/03/2015,04,09,18,24,[28],50
2314,09/03/2015,04,09,[18],28,52,59
2315,10/03/2015,[02],[04],09,18,50,59
2316,11/03/2015,09,53,59,60,65,76
2317,12/03/2015,09,24,50,59,60,89
2318,14/03/2015,07,09,22,50,59,60
2319,17/03/2015,09,[10],15,50,52,59
2320,19/03/2015,[07],09,50,59,60,73
2321,21/03/2015,[09],24,25,50,59,60
2322,24/03/2015,09,18,50,59,60,76
2323,26/03/2015,24,25,50,52,59,60
2324,28/03/2015,24,25,50,59,[60],76
2325,31/03/2015,24,50,52,59,60,76
2326,04/04/2015,18,24,50,52,59,76
2327,06/04/2015,24,25,50,52,59,60
2328,07/04/2015,24,34,50,52,58,59
2329,08/04/2015,24,25,50,52,59,76
2330,14/04/2015,18,24,50,52,59,76
2331,16/04/2015,18,24,25,50,59,60
2332,18/04/2015,24,27,28,50,59,60
2333,21/04/2015,09,24,50,[59],64,70
2334,23/04/2015,24,25,[27],50,60,76
2335,27/04/2015,24,25,50,59,60,64
2336,28/04/2015,24,25,28,50,[59],70
2337,30/04/2015,09,17,24,25,50,76
2338,01/05/2015,09,50,59,64,73,76
2339,02/05/2015,09,24,25,50,59,64
2340,03/05/2015,09,25,50,59,60,76
2341,05/05/2015,25,50,59,60,64,76
2342,09/05/2015,09,[24],25,50,73,76
2343,11/05/2015,09,50,59,60,64,76
2344,12/05/2015,09,50,59,60,73,76
2345,14/05/2015,02,05,09,28,50,59
2346,16/05/2015,02,09,50,59,60,72
2347,19/05/2015,05,09,50,59,60,73
2348,21/05/2015,09,50,59,60,64,80
2349,23/05/2015,02,07,09,50,60,72
2350,26/05/2015,[09],50,58,59,60,64
2351,28/05/2015,02,09,28,50,59,60
2352,30/05/2015,28,50,59,60,64,73
2353,06/06/2015,50,59,60,64,70,73
2354,08/06/2015,05,50,59,60,64,73
2355,10/06/2015,22,50,59,60,64,70
2356,13/06/2015,18,50,59,60,70,73
2357,16/06/2015,22,50,59,60,64,89
2358,18/06/2015,[18],[28],50,59,60,64
2359,20/06/2015,28,50,59,60,64,73
2360,23/06/2015,10,50,59,60,73,89
2361,25/06/2015,09,50,59,60,64,[73]
2362,27/06/2015,50,58,59,60,70,72
2363,30/06/2015,09,10,50,[59],60,89
2364,01/07/2015,05,[09],50,58,60,72
2365,02/07/2015,10,50,58,59,60,70
2366,03/07/2015,05,14,[36],50,58,60
2367,04/07/2015,05,14,48,50,58,60
2368,05/07/2015,05,07,50,[58],60,64
2369,07/07/2015,05,09,46,50,59,60
2370,11/07/2015,09,50,[54],59,60,89
2371,14/07/2015,05,50,59,60,64,89
2372,16/07/2015,05,09,50,59,60,70
2373,18/07/2015,05,10,50,59,60,64
2374,21/07/2015,05,10,50,60,64,89
2375,23/07/2015,05,09,50,59,60,64
2376,25/07/2015,05,07,15,50,60,64
2377,28/07/2015,05,07,10,50,60,89
2378,30/07/2015,05,09,15,50,59,60
2379,01/08/2015,07,[09],[50],59,60,64
2380,08/08/2015,[07],09,10,59,60,64
2381,09/08/2015,05,10,15,59,[60],64
2382,10/08/2015,05,10,15,59,60,64
2383,13/08/2015,05,15,28,52,59,89
2384,17/08/2015,05,14,15,59,60,64
2385,18/08/2015,05,09,10,15,[30],64
2386,20/08/2015,05,09,10,15,59,89
2387,22/08/2015,05,[09],15,59,64,89
2388,25/08/2015,05,09,15,59,64,89
2389,27/08/2015,05,10,15,28,59,89
2390,29/08/2015,05,09,10,27,60,64
2391,04/09/2015,05,10,59,60,64,89
2392,05/09/2015,05,10,15,59,60,64
2393,06/09/2015,05,10,[15],59,64,89
2394,07/09/2015,10,28,36,[59],60,64
2395,12/09/2015,05,10,22,53,59,64
2396,15/09/2015,05,10,36,59,60,64
2397,17/09/2015,05,07,10,18,60,64
2398,19/09/2015,05,[09],10,37,59,64
2399,22/09/2015,05,09,[10],27,60,64
2400,24/09/2015,05,09,18,28,[36],59
2401,26/09/2015,02,15,46,50,60,72
2402,29/09/2015,05,15,23,50,60,72
2403,01/10/2015,[02],09,23,[37],50,60
2404,02/10/2015,10,15,34,50,[59],60
2405,03/10/2015,02,15,23,50,60,64
2406,09/10/2015,02,[15],23,50,60,73
2407,10/10/2015,07,50,60,64,72,73
2408,11/10/2015,02,05,15,50,60,76
2409,12/10/2015,02,09,15,37,50,[60]
2410,13/10/2015,05,18,23,50,59,60
2411,15/10/2015,05,[07],28,50,60,64
2412,17/10/2015,02,15,50,60,64,[72]
2413,20/10/2015,15,23,28,37,50,[60]
2414,22/10/2015,02,16,27,[50],60,76
2415,24/10/2015,15,16,29,37,50,60
2416,27/10/2015,[15],37,[50],59,60,64
2417,29/10/2015,[16],29,37,59,60,64
2418,31/10/2015,05,15,23,27,29,60
2419,04/11/2015,02,15,23,50,60,64
2420,06/11/2015,15,23,27,50,60,67
2421,07/11/2015,15,23,50,59,60,64
2422,08/11/2015,37,50,60,64,72,73
2423,14/11/2015,15,37,50,60,64,[73]
2424,17/11/2015,02,23,[27],50,60,64
2425,19/11/2015,07,15,16,37,60,64
2426,21/11/2015,02,15,50,60,72,73
2427,24/11/2015,05,15,50,59,60,72
2428,26/11/2015,07,23,24,29,59,60
2429,28/11/2015,15,16,29,37,60,73
2430,02/12/2015,15,23,37,60,64,73
2431,03/12/2015,02,05,15,23,50,60
2432,05/12/2015,05,15,29,59,60,76
2433,09/12/2015,05,15,23,27,60,76
2434,11/12/2015,02,23,29,59,60,64
2435,12/12/2015,15,23,59,60,64,67
2436,15/12/2015,09,23,24,29,59,60
2437,17/12/2015,02,05,23,29,59,60
2438,19/12/2015,05,15,23,29,59,60
2439,22/12/2015,05,29,[60],64,67,76
2440,24/12/2015,05,29,50,59,60,67
2441,28/12/2015,[05],23,50,53,60,64
2442,29/12/2015,05,23,29,59,60,[76]
2443,31/12/2015,05,23,[29],59,60,67
2444,03/01/2016,02,05,59,60,64,67
2445,09/01/2016,05,23,29,[60],64,67
2446,10/01/2016,03,05,23,50,60,76
2447,12/01/2016,05,23,29,43,60,76
2448,14/01/2016,[05],23,29,50,60,76
2449,16/01/2016,05,29,37,50,60,76
2450,19/01/2016,03,05,23,50,59,60
2451,21/01/2016,09,29,50,59,60,76
2452,23/01/2016,02,03,[05],09,29,60
2453,26/01/2016,02,21,23,[50],[60],64
2454,28/01/2016,[02],09,28,59,60,67
2455,30/01/2016,05,23,37,59,60,76
2456,01/02/2016,05,09,23,60,67,76
2457,02/02/2016,21,28,50,59,60,76
2458,04/02/2016,09,21,23,37,59,60
2459,07/02/2016,03,28,60,64,67,76
2460,08/02/2016,21,23,28,60,64,76
2461,13/02/2016,09,23,50,60,64,76
2462,16/02/2016,03,09,23,[27],60,64
2463,18/02/2016,09,23,28,59,60,76
2464,20/02/2016,05,09,10,23,27,60
2465,23/02/2016,35,50,59,60,64,76
2466,25/02/2016,05,09,27,29,60,76
2467,27/02/2016,27,29,50,60,67,72
2468,03/03/2016,21,[29],50,60,64,76
2469,05/03/2016,21,27,37,50,60,76
2470,09/03/2016,16,27,28,50,67,76
2471,11/03/2016,16,27,28,50,60,67
2472,12/03/2016,27,28,50,60,64,67
2473,15/03/2016,05,27,28,37,42,60
2474,17/03/2016,27,28,53,60,[67],[76]
2475,19/03/2016,05,16,23,28,37,60
2476,22/03/2016,16,27,28,60,67,76
2477,24/03/2016,03,16,28,50,59,60
2478,26/03/2016,23,37,50,59,60,76
2479,29/03/2016,23,27,50,59,60,64
2480,31/03/2016,05,09,[28],37,59,60
2481,02/04/2016,05,27,37,50,59,60
2482,06/04/2016,16,50,59,60,67,76
2483,08/04/2016,09,[37],42,59,60,76
2484,10/04/2016,05,50,59,60,64,73
2485,14/04/2016,03,16,23,50,59,60
2486,16/04/2016,16,[23],59,60,64,73
2487,19/04/2016,03,23,50,53,60,76
2488,21/04/2016,03,23,27,59,60,64
2489,23/04/2016,05,07,23,59,60,64
2490,26/04/2016,03,05,16,23,[59],60
2491,28/04/2016,05,23,27,37,59,60
2492,30/04/2016,09,23,37,58,59,60
2493,01/05/2016,03,23,48,59,[60],64
2494,03/05/2016,09,23,50,59,60,64
2495,04/05/2016,09,[23],27,44,59,60
2496,05/05/2016,44,50,59,60,64,76
2497,07/05/2016,23,37,[50],[59],60,64
2498,11/05/2016,16,23,37,59,60,64
2499,14/05/2016,23,27,37,60,64,76
2500,17/05/2016,03,23,50,59,60,64
2501,19/05/2016,23,27,37,53,59,60
2502,21/05/2016,03,[09],23,59,60,64
2503,24/05/2016,23,36,37,59,60,64
2504,26/05/2016,03,05,09,27,59,60
2505,28/05/2016,[05],09,23,37,53,60
2506,31/05/2016,05,09,16,37,60,64
2507,02/06/2016,03,05,23,59,60,64
2508,06/06/2016,[03],05,09,23,60,64
2509,08/06/2016,05,[23],37,59,60,64
2510,09/06/2016,05,09,13,23,60,70
2511,10/06/2016,05,23,37,[59],60,64
2512,12/06/2016,09,13,37,59,60,[64]
2513,14/06/2016,05,09,27,37,53,60
2514,16/06/2016,05,23,27,50,[59],60
2515,18/06/2016,05,09,23,37,60,64
2516,21/06/2016,05,09,23,37,60,64
2517,23/06/2016,05,09,23,27,37,60
2518,25/06/2016,05,16,23,37,60,64
2519,28/06/2016,[05],[23],37,[59],[60],64
2520,30/06/2016,05,09,16,27,37,60
2521,01/07/2016,05,16,23,37,60,64
2522,04/07/2016,03,05,09,23,60,64
2523,05/07/2016,09,16,37,64,70,76
2524,06/07/2016,05,13,23,37,60,64
2525,07/07/2016,05,09,37,44,60,64
2526,14/07/2016,05,13,16,37,46,60
2527,16/07/2016,05,16,23,[37],53,60
2528,19/07/2016,05,16,23,27,60,76
2529,21/07/2016,03,05,23,37,[60],64
2530,23/07/2016,03,05,27,37,60,64
2531,26/07/2016,05,23,27,46,60,64
2532,28/07/2016,05,23,27,53,60,64
2533,30/07/2016,05,16,27,53,60,76
2534,03/08/2016,05,07,09,[27],60,69
2535,09/08/2016,05,09,13,37,46,[60]
2536,10/08/2016,05,16,27,[37],60,64
2537,11/08/2016,05,09,23,46,[60],[81]
2538,13/08/2016,09,27,28,37,46,64
2539,16/08/2016,05,[09],53,60,[64],69
2540,18/08/2016,05,09,16,37,[59],60
2541,20/08/2016,05,09,27,37,53,60
2542,23/08/2016,05,09,27,53,60,64
2543,25/08/2016,09,23,27,46,60,64
2544,27/08/2016,05,09,46,50,53,73
2545,30/08/2016,05,[09],16,23,27,28
2546,01/09/2016,05,13,23,27,60,64
2547,02/09/2016,09,16,23,27,37,64
2548,04/09/2016,[05],07,16,27,60,76
2549,06/09/2016,07,[09],16,27,53,60
2550,07/09/2016,05,16,27,46,60,64
2551,08/09/2016,05,16,[27],53,60,[76]
2552,13/09/2016,05,07,[09],16,23,60
2553,15/09/2016,05,16,27,[53],60,64
2554,17/09/2016,05,07,16,27,60,64
2555,20/09/2016,16,21,27,37,60,64
2556,22/09/2016,05,07,16,27,60,64
2557,24/09/2016,05,[16],27,53,60,64
2558,27/09/2016,05,07,27,53,64,69
2559,29/09/2016,03,05,13,27,64,69
2560,03/10/2016,05,07,13,[16],27,53
2561,05/10/2016,05,07,27,36,53,69
2562,09/10/2016,05,[16],23,27,53,[64]
2563,11/10/2016,03,05,13,27,53,60
2564,12/10/2016,03,05,24,27,53,60
2565,13/10/2016,03,05,24,27,[60],64
2566,15/10/2016,03,05,[07],24,42,60
2567,18/10/2016,13,27,53,60,64,69
2568,20/10/2016,13,27,53,60,64,69
2569,22/10/2016,05,21,23,53,60,[64]
2570,25/10/2016,03,05,07,27,53,60
2571,27/10/2016,[03],07,15,53,60,69
2572,29/10/2016,18,27,28,37,53,69
2573,31/10/2016,23,27,42,53,60,73
2574,02/11/2016,05,23,[27],[53],59,69
2575,06/11/2016,05,13,23,[27],53,60
2576,08/11/2016,03,05,23,53,60,69
2577,10/11/2016,13,23,27,[53],60,69
2578,15/11/2016,07,13,23,53,60,69
2579,17/11/2016,05,[23],27,50,[59],60
2580,19/11/2016,09,13,27,42,60,69
2581,22/11/2016,05,07,23,27,53,60
2582,24/11/2016,15,16,23,27,42,60
2583,26/11/2016,07,27,37,[42],60,[69]
2584,29/11/2016,13,27,[35],37,53,60
2585,01/12/2016,05,37,[50],53,57,60
2586,03/12/2016,05,21,23,27,53,69
2587,04/12/2016,05,07,23,[50],53,69
2588,05/12/2016,05,15,23,53,60,69
2589,07/12/2016,05,15,23,50,53,60
2590,11/12/2016,05,13,27,38,57,69
2591,12/12/2016,05,15,27,33,58,69
2592,13/12/2016,05,07,15,23,53,[60]
2593,15/12/2016,05,23,46,[53],58,60
2594,17/12/2016,05,23,37,58,60,69
2595,20/12/2016,05,07,23,38,[58],60
2596,22/12/2016,05,07,[23],53,60,69
2597,24/12/2016,16,[19],27,38,50,57
2598,27/12/2016,05,07,23,[57],60,73
2599,29/12/2016,05,16,21,23,60,69
2600,31/12/2016,07,13,23,36,46,60
2601,04/01/2017,05,07,21,60,64,73
2602,06/01/2017,05,[07],13,23,60,64
2603,07/01/2017,05,16,23,27,[59],60
2604,08/01/2017,13,27,36,40,46,60
2605,14/01/2017,05,23,26,36,60,73
2606,17/01/2017,05,[16],27,46,[60],64
2607,19/01/2017,27,46,50,60,64,73
2608,21/01/2017,05,16,36,40,60,73
2609,24/01/2017,05,13,16,23,27,60
2610,26/01/2017,07,13,16,27,[60],64
2611,28/01/2017,07,23,27,46,64,[73]
2612,31/01/2017,05,[16],23,27,60,73
2613,02/02/2017,05,07,23,[27],60,[64]
2614,03/02/2017,05,07,23,46,60,64
2615,05/02/2017,05,07,13,16,[60],73
2616,09/02/2017,13,27,50,53,[60],73
2617,11/02/2017,07,27,36,37,[46],50
2618,12/02/2017,05,13,23,[27],60,64
2619,14/02/2017,05,16,42,46,50,73
2620,16/02/2017,23,27,42,46,[60],64
2621,18/02/2017,05,27,42,46,50,73
2622,21/02/2017,05,23,27,46,[60],69
2623,23/02/2017,05,23,40,46,69,73
2624,25/02/2017,05,23,27,36,46,[69]
2625,28/02/2017,05,07,36,42,64,73
2626,01/03/2017,07,21,36,46,64,69
2627,06/03/2017,05,07,[36],46,69,73
2628,08/03/2017,07,16,46,64,73,88
2629,10/03/2017,05,36,46,50,64,73
2630,14/03/2017,05,07,23,[53],64,73
2631,16/03/2017,05,07,23,46,53,73
2632,18/03/2017,05,23,46,50,64,73
2633,21/03/2017,05,07,46,53,64,73
2634,23/03/2017,05,07,16,23,46,53
2635,25/03/2017,05,23,42,46,[50],73
2636,28/03/2017,05,07,23,46,50,53
2637,30/03/2017,[05],27,50,53,64,69
2638,02/04/2017,05,36,50,53,64,73
2639,03/04/2017,05,07,46,50,53,70
2640,04/04/2017,05,07,50,53,69,70
2641,05/04/2017,05,36,46,50,53,73
2642,07/04/2017,05,36,42,50,53,70
2643,11/04/2017,10,46,50,53,59,70
2644,13/04/2017,05,50,53,64,70,73
2645,15/04/2017,05,07,23,46,50,53
2646,18/04/2017,05,13,30,50,53,64
2647,20/04/2017,05,07,36,46,50,53
2648,22/04/2017,05,07,13,50,53,61
2649,24/04/2017,07,23,[28],46,50,53
2650,27/04/2017,05,07,23,50,53,73
2651,29/04/2017,05,46,50,53,54,73
2652,01/05/2017,05,[07],29,46,50,73
2653,08/05/2017,42,46,53,61,72,73
2654,09/05/2017,05,30,46,50,53,64
2655,10/05/2017,05,28,42,50,53,73
2656,12/05/2017,05,07,42,50,69,73
2657,13/05/2017,05,28,46,50,60,69
2658,16/05/2017,05,46,47,50,53,73
2659,18/05/2017,05,30,46,50,64,73
2660,20/05/2017,05,28,30,50,[53],[73]
2661,23/05/2017,05,46,50,53,70,73
2662,25/05/2017,05,23,[46],50,53,73
2663,27/05/2017,05,23,50,53,[64],73
2664,30/05/2017,02,05,23,42,50,53
2665,04/06/2017,05,23,46,[53],60,73
2666,05/06/2017,02,05,23,46,50,[73]
2667,06/06/2017,05,23,42,[46],50,53
2668,07/06/2017,05,23,42,50,53,64
2669,13/06/2017,02,05,42,[50],53,64
2670,15/06/2017,05,23,42,53,64,73
2671,17/06/2017,05,13,23,43,50,73
2672,20/06/2017,05,23,42,[46],50,73
2673,22/06/2017,05,23,28,[42],43,50
2674,24/06/2017,[02],05,[23],50,53,73
2675,27/06/2017,05,28,31,50,58,73
2676,29/06/2017,02,05,13,23,50,53
2677,01/07/2017,05,13,28,31,42,50
2678,02/07/2017,05,23,50,53,67,73
2679,03/07/2017,05,[28],31,50,60,73
2680,09/07/2017,05,23,30,50,[64],73
2681,10/07/2017,05,13,23,31,50,89
2682,11/07/2017,05,13,23,42,50,73
2683,12/07/2017,05,23,28,42,43,72
2684,13/07/2017,05,13,23,43,50,53
2685,15/07/2017,05,23,50,53,[73],78
2686,18/07/2017,05,23,28,[42],50,72
2687,20/07/2017,05,13,23,28,50,73
2688,22/07/2017,05,13,42,50,67,89
2689,25/07/2017,05,23,27,31,53,73
2690,27/07/2017,[05],07,23,50,53,73
2691,29/07/2017,[05],23,42,50,53,73
2692,04/08/2017,05,13,23,42,50,73
2693,06/08/2017,05,23,[28],42,50,73
2694,07/08/2017,05,23,31,43,50,53
2695,08/08/2017,05,23,30,42,50,73
2696,14/08/2017,05,23,50,58,72,73
2697,17/08/2017,05,13,23,31,50,53
2698,19/08/2017,05,23,31,42,64,73
2699,22/08/2017,05,07,23,31,[50],73
2700,24/08/2017,05,07,23,42,50,53
2701,26/08/2017,05,23,42,43,50,73
2702,29/08/2017,07,[23],31,42,53,58
2703,31/08/2017,[05],23,42,50,[72],73
2704,02/09/2017,05,23,30,42,50,73
2705,03/09/2017,05,23,31,42,[50],73
2706,05/09/2017,05,23,36,42,50,73
2707,09/09/2017,05,13,42,43,50,53
2708,11/09/2017,05,10,23,[42],50,89
2709,12/09/2017,03,05,13,23,66,73
2710,14/09/2017,05,13,23,42,50,72
2711,16/09/2017,05,10,23,31,[36],50
2712,19/09/2017,05,10,23,42,50,72
2713,21/09/2017,05,07,23,30,50,89
2714,23/09/2017,05,13,23,42,50,53
2715,26/09/2017,05,23,31,42,43,72
2716,28/09/2017,05,07,23,42,50,53
2717,30/09/2017,03,05,10,23,43,50
2718,01/10/2017,05,10,23,42,50,59
2719,06/10/2017,05,07,10,23,42,50
2720,08/10/2017,[05],07,23,42,50,53
2721,10/10/2017,05,07,13,23,31,43
2722,14/10/2017,[13],23,42,[50],53,59
2723,17/10/2017,05,07,23,27,42,50
2724,19/10/2017,05,13,23,42,73,89
2725,21/10/2017,05,10,23,30,50,73
2726,24/10/2017,05,23,28,50,53,73
2727,26/10/2017,05,07,23,31,[43],50
2728,28/10/2017,05,[07],10,23,42,50
2729,31/10/2017,05,10,20,23,30,50
2730,02/11/2017,05,07,20,23,42,50
2731,03/11/2017,05,13,23,30,43,50
2732,04/11/2017,[05],07,20,23,42,50
2733,05/11/2017,05,07,23,42,53,87
2734,07/11/2017,05,07,23,[42],50,53
2735,11/11/2017,05,23,[31],50,53,64
2736,14/11/2017,05,07,10,23,42,59
2737,16/11/2017,05,23,42,43,50,59
2738,18/11/2017,05,10,23,30,42,53
2739,21/11/2017,05,23,31,42,43,50
2740,23/11/2017,05,10,23,42,43,73
2741,25/11/2017,05,23,[42],50,53,59
2742,28/11/2017,05,23,42,53,73,[87]
2743,30/11/2017,[05],23,29,31,53,73
2744,01/12/2017,05,27,29,42,53,64
2745,08/12/2017,05,20,29,42,53,73
2746,09/12/2017,05,36,43,53,64,73
2747,10/12/2017,05,10,23,42,43,53
2748,12/12/2017,05,07,10,[30],36,53
2749,14/12/2017,05,07,10,36,50,53
2750,16/12/2017,05,[07],29,36,[53],64
2751,18/12/2017,05,10,42,53,59,60
2752,19/12/2017,05,23,42,[43],50,53
2753,21/12/2017,05,10,36,42,53,64
2754,23/12/2017,05,07,10,23,50,64
2755,28/12/2017,05,07,[50],53,64,70
2756,30/12/2017,05,07,36,50,[53],64
2757,02/01/2018,05,15,23,29,50,70
2758,03/01/2018,05,07,[23],50,53,70
2759,09/01/2018,05,07,[23],50,53,60
2760,12/01/2018,05,23,29,36,42,50
2761,13/01/2018,05,18,23,42,50,60
2762,16/01/2018,05,18,23,50,[53],60
2763,18/01/2018,05,07,23,[50],70,84
2764,20/01/2018,05,07,20,23,36,53
2765,23/01/2018,[05],07,23,36,42,53
2766,25/01/2018,05,07,23,50,60,90
2767,27/01/2018,[05],18,23,42,50,70
2768,30/01/2018,05,23,36,42,50,53
2769,01/02/2018,05,23,42,50,53,70
2770,08/02/2018,[05],07,23,31,42,50
2771,10/02/2018,[07],10,23,50,53,60
2772,13/02/2018,10,23,31,36,42,60
2773,15/02/2018,[05],20,23,50,60,64
2774,17/02/2018,20,23,50,59,60,70
2775,20/02/2018,15,18,23,31,64,70
2776,22/02/2018,07,15,23,42,53,64
2777,24/02/2018,[10],23,43,50,53,64
2778,27/02/2018,13,20,23,36,50,64
2779,02/03/2018,05,07,23,42,53,64
2780,03/03/2018,07,15,20,23,53,64
2781,04/03/2018,07,13,23,28,53,70
2782,05/03/2018,05,13,23,28,42,53
2783,07/03/2018,23,30,31,36,53,64
2784,11/03/2018,[23],27,31,36,53,64
2785,13/03/2018,15,23,53,59,60,64
2786,15/03/2018,07,21,23,30,53,59
2787,17/03/2018,23,28,31,36,42,64
2788,20/03/2018,23,31,36,53,60,73
2789,22/03/2018,13,[23],31,53,59,60
2790,24/03/2018,13,23,31,[42],53,64
2791,27/03/2018,07,12,13,23,50,53
2792,29/03/2018,21,23,31,50,53,60
2793,31/03/2018,04,13,23,31,53,60
2794,01/04/2018,13,23,30,31,42,[43]
2795,06/04/2018,13,23,27,31,42,53
2796,08/04/2018,13,14,[23],31,50,60
2797,09/04/2018,13,23,28,31,42,59
2798,10/04/2018,13,21,23,31,36,42
2799,12/04/2018,13,23,27,[31],53,59
2800,14/04/2018,13,23,30,42,50,64
2801,17/04/2018,06,19,45,48,85,86
2802,19/04/2018,06,45,48,83,85,86
2803,21/04/2018,06,17,45,48,74,[85]
2804,24/04/2018,06,42,48,72,79,85
2805,26/04/2018,17,19,45,48,80,85
2806,28/04/2018,06,17,45,48,85,86
2807,30/04/2018,[06],17,45,74,83,85
2808,04/05/2018,06,45,48,80,85,86
2809,05/05/2018,[06],45,77,83,85,86
2810,06/05/2018,[06],19,80,83,85,86
2811,07/05/2018,06,17,46,48,[83],85
2812,11/05/2018,06,19,[48],56,83,85
2813,15/05/2018,06,19,48,83,85,86
2814,17/05/2018,06,45,48,71,83,85
2815,19/05/2018,06,19,48,79,80,85
2816,22/05/2018,17,[19],28,45,83,85
2817,24/05/2018,06,17,19,81,[83],85
2818,26/05/2018,06,19,45,48,85,86
2819,29/05/2018,05,06,[19],48,85,86
2820,31/05/2018,06,19,48,[57],83,85
2821,02/06/2018,06,19,48,77,85,86
2822,03/06/2018,19,40,48,79,83,85
2823,09/06/2018,06,45,48,83,85,86
2824,10/06/2018,06,19,[77],83,85,86
2825,11/06/2018,03,06,19,48,83,85
2826,12/06/2018,19,48,74,77,83,85
2827,14/06/2018,06,45,48,77,83,85
2828,16/06/2018,06,19,74,81,83,85
2829,19/06/2018,06,19,28,45,83,85
2830,21/06/2018,[06],17,19,45,48,85
2831,23/06/2018,06,19,75,83,85,86
2832,26/06/2018,[06],17,19,55,83,85
2833,28/06/2018,06,32,48,74,83,86
2834,30/06/2018,06,19,48,55,83,85
2835,04/07/2018,[03],06,19,45,[83],85
2836,06/07/2018,06,45,75,81,83,85
2837,07/07/2018,06,19,26,45,85,86
2838,08/07/2018,06,47,51,83,85,86
2839,14/07/2018,06,17,81,83,85,86
2840,17/07/2018,06,19,45,77,83,86
2841,19/07/2018,06,19,48,[77],85,86
2842,21/07/2018,06,45,48,83,85,86
2843,24/07/2018,06,45,55,77,83,85
2844,26/07/2018,06,19,51,55,79,85
2845,28/07/2018,06,45,77,79,85,86
2846,31/07/2018,06,19,47,75,83,[85]
2847,01/08/2018,06,08,45,77,83,86
2848,02/08/2018,45,[47],48,51,77,86
2849,03/08/2018,06,45,47,75,85,86
2850,05/08/2018,19,48,65,77,86,88
2851,09/08/2018,06,19,47,55,75,81
2852,11/08/2018,06,39,47,50,77,86
2853,14/08/2018,06,19,[45],47,77,[83]
2854,16/08/2018,19,45,48,75,77,85
2855,18/08/2018,19,45,77,83,85,86
2856,21/08/2018,19,45,77,83,85,86
2857,23/08/2018,06,45,47,74,77,79
2858,25/08/2018,06,17,45,77,79,86
2859,28/08/2018,06,19,45,55,83,85
2860,30/08/2018,06,19,39,72,77,86
2861,01/09/2018,19,55,81,83,85,86
2862,06/09/2018,19,45,55,81,85,[86]
2863,08/09/2018,06,19,[32],45,81,86
2864,10/09/2018,06,19,32,45,55,86
2865,13/09/2018,19,33,45,55,83,86
2866,15/09/2018,19,45,47,55,83,86
2867,18/09/2018,06,19,32,45,[47],51
2868,20/09/2018,06,45,51,55,58,81
2869,22/09/2018,19,39,[45],47,72,[85]
2870,25/09/2018,06,19,45,51,78,83
2871,27/09/2018,19,[37],39,45,51,55
2872,29/09/2018,06,13,39,45,85,86
2873,02/10/2018,06,32,45,50,55,81
2874,03/10/2018,06,19,39,43,45,86
2875,04/10/2018,19,21,45,47,77,85
2876,05/10/2018,05,19,27,45,55,[77]
2877,07/10/2018,02,51,55,77,79,[81]
2878,11/10/2018,32,45,55,77,81,85
2879,12/10/2018,19,45,48,77,78,81
2880,13/10/2018,45,[55],77,81,85,86
2881,16/10/2018,45,55,77,81,85,86
2882,18/10/2018,39,72,77,81,85,86
2883,20/10/2018,06,19,39,55,77,85
2884,23/10/2018,19,39,55,72,77,85
2885,25/10/2018,45,46,47,55,77,81
2886,27/10/2018,39,47,48,55,77,81
2887,30/10/2018,16,44,45,55,77,81
2888,01/11/2018,45,55,72,77,81,85
2889,08/11/2018,19,47,55,72,77,81
2890,09/11/2018,16,55,72,77,81,82
2891,10/11/2018,[39],45,55,77,81,85
2892,12/11/2018,39,55,72,77,81,85
2893,13/11/2018,06,45,47,55,75,81
2894,15/11/2018,19,39,45,77,81,86
2895,17/11/2018,06,17,45,55,77,81
2896,20/11/2018,06,19,72,77,81,85
2897,22/11/2018,06,19,45,77,81,83
2898,24/11/2018,16,35,55,[77],81,82
2899,27/11/2018,[06],55,77,79,81,85
2900,29/11/2018,[06],39,45,47,72,81
2901,04/12/2018,06,45,55,77,81,83
2902,05/12/2018,06,55,77,81,82,90
2903,06/12/2018,06,39,55,77,81,85
2904,07/12/2018,06,19,45,77,81,85
2905,13/12/2018,06,47,48,51,72,81
2906,15/12/2018,06,45,77,[79],81,86
2907,18/12/2018,06,47,55,72,77,81
2908,20/12/2018,06,19,46,77,81,85
2909,22/12/2018,06,27,71,77,81,85
2910,24/12/2018,06,16,46,51,[77],81
2911,27/12/2018,06,19,77,81,83,85
2912,29/12/2018,06,47,77,81,83,85
2913,06/01/2019,06,47,49,55,77,81
2914,08/01/2019,06,19,55,75,77,[82]
2915,10/01/2019,06,47,55,77,81,86
2916,15/01/2019,06,39,55,77,81,85
2917,17/01/2019,06,72,77,79,81,82
2918,19/01/2019,06,19,39,55,77,89
2919,22/01/2019,06,45,48,77,81,89
2920,24/01/2019,06,65,77,79,81,[82]
2921,26/01/2019,[19],49,77,79,[82],83
2922,29/01/2019,[06],19,77,79,81,82
2923,31/01/2019,06,19,47,77,82,85
2924,02/02/2019,06,19,77,81,83,85
2925,03/02/2019,06,51,77,79,82,86
2926,04/02/2019,06,[19],77,81,82,86
2927,05/02/2019,06,19,47,77,[82],86
2928,07/02/2019,06,19,47,77,79,82
2929,11/02/2019,[19],51,55,77,82,83
2930,14/02/2019,06,19,77,79,82,[83]
2931,16/02/2019,06,19,47,77,82,83
2932,19/02/2019,06,19,47,80,82,83
2933,21/02/2019,06,19,77,80,82,83
2934,23/02/2019,06,19,79,80,81,85
2935,26/02/2019,06,19,47,77,80,82
2936,28/02/2019,18,19,37,77,82,83
2937,01/03/2019,19,36,47,77,81,83
2938,08/03/2019,11,19,56,82,83,86
2939,09/03/2019,06,19,77,79,80,83
2940,10/03/2019,06,11,19,47,81,82
2941,12/03/2019,06,19,77,79,80,82
2942,14/03/2019,19,31,77,80,82,83
2943,16/03/2019,06,19,55,[77],82,83
2944,19/03/2019,06,19,49,77,80,83
2945,21/03/2019,06,47,49,77,82,83
2946,23/03/2019,06,19,47,[83],86,[90]
2947,26/03/2019,06,19,81,82,83,90
2948,28/03/2019,06,19,77,81,82,[83]
2949,30/03/2019,06,19,82,83,85,90
2950,04/04/2019,06,19,47,55,82,83
2951,05/04/2019,19,27,47,56,82,83
2952,06/04/2019,40,52,77,81,82,83
2953,07/04/2019,06,19,77,82,83,90
2954,13/04/2019,06,19,[77],79,82,86
2955,16/04/2019,19,49,77,79,80,83
2956,18/04/2019,19,23,79,82,83,90
2957,20/04/2019,06,19,47,63,83,86
2958,23/04/2019,[19],47,[51],52,83,88
2959,27/04/2019,[06],19,77,79,83,90
2960,29/04/2019,06,19,47,49,82,83
2961,30/04/2019,06,19,47,77,80,83
2962,01/05/2019,19,37,[55],79,82,90
2963,02/05/2019,06,19,47,55,63,[86]
2964,03/05/2019,[06],79,81,83,86,90
2965,09/05/2019,06,49,55,77,82,83
2966,10/05/2019,06,37,47,[52],53,82
2967,11/05/2019,06,15,52,55,82,83
2968,12/05/2019,06,11,[52],56,83,90
2969,14/05/2019,23,51,52,80,82,83
2970,16/05/2019,06,19,47,52,86,90
2971,18/05/2019,23,52,75,82,83,90
2972,21/05/2019,19,47,77,80,[82],83
2973,23/05/2019,06,52,60,82,83,90
2974,25/05/2019,06,32,79,82,85,90
2975,28/05/2019,06,16,19,52,55,80
2976,30/05/2019,19,52,79,80,82,90
2977,04/06/2019,16,19,52,63,80,90
2978,06/06/2019,16,52,77,82,88,90
2979,07/06/2019,[06],32,79,82,85,90
2980,08/06/2019,06,32,37,82,83,90
2981,13/06/2019,47,52,[77],82,83,90
2982,15/06/2019,06,11,32,77,79,90
2983,18/06/2019,18,47,52,79,82,83
2984,20/06/2019,19,32,55,63,77,83
2985,22/06/2019,06,47,52,59,82,89
2986,25/06/2019,16,47,52,82,86,89
2987,27/06/2019,19,79,[82],83,85,90
2988,29/06/2019,[06],19,77,82,83,85
2989,01/07/2019,06,32,47,77,82,83
2990,02/07/2019,06,47,55,79,82,83
2991,03/07/2019,06,32,47,77,82,83
2992,05/07/2019,16,51,79,82,83,89
2993,09/07/2019,06,32,79,82,83,90
2994,11/07/2019,03,52,72,82,83,90
2995,12/07/2019,06,20,47,49,82,83
2996,13/07/2019,06,32,58,63,77,82
2997,16/07/2019,06,19,22,[47],82,[90]
2998,18/07/2019,06,32,47,77,82,90
2999,20/07/2019,06,37,[51],68,77,82
3000,23/07/2019,51,[55],[79],82,83,90
3001,25/07/2019,13,47,51,79,82,90
3002,27/07/2019,55,68,79,82,89,90
3003,30/07/2019,[06],32,51,77,80,82
3004,01/08/2019,06,28,51,80,82,90
3005,06/08/2019,47,77,79,82,87,90
3006,08/08/2019,[06],47,52,79,82,90
3007,10/08/2019,06,24,[47],71,89,90
3008,13/08/2019,47,52,55,79,82,90
3009,17/08/2019,06,32,47,52,79,90
3010,19/08/2019,06,37,51,55,82,90
3011,20/08/2019,06,47,52,55,66,82
3012,22/08/2019,32,51,64,79,82,85
3013,24/08/2019,06,47,71,80,85,90
3014,27/08/2019,06,53,55,63,79,82
3015,29/08/2019,[37],47,77,79,82,90
3016,31/08/2019,06,14,79,82,83,90
3017,02/09/2019,32,47,[52],80,82,[90]
3018,03/09/2019,32,43,47,85,89,90
3019,04/09/2019,06,47,63,77,79,82
3020,05/09/2019,06,19,37,63,[82],89
3021,07/09/2019,06,37,47,79,82,90
3022,11/09/2019,32,47,52,55,82,90
3023,14/09/2019,37,63,79,82,83,90
3024,17/09/2019,01,32,37,47,52,90
3025,19/09/2019,09,43,47,[50],51,82
3026,21/09/2019,49,52,65,82,85,90
3027,24/09/2019,06,47,49,[55],82,90
3028,26/09/2019,06,47,55,63,79,[90]
3029,28/09/2019,06,47,55,63,[82],90
3030,01/10/2019,06,37,49,77,82,83
3031,08/10/2019,06,52,77,79,86,90
3032,09/10/2019,06,[15],68,82,86,90
3033,10/10/2019,37,49,63,79,82,90
3034,12/10/2019,06,15,[37],51,[82],90
3035,15/10/2019,06,37,73,79,82,83
3036,17/10/2019,15,38,47,52,82,90
3037,19/10/2019,37,55,63,65,[79],82
3038,22/10/2019,15,47,49,[79],82,90
3039,24/10/2019,37,[51],55,77,79,[82]
3040,26/10/2019,37,42,[51],79,82,[83]
3041,29/10/2019,37,51,79,82,83,90
3042,31/10/2019,42,47,63,79,82,90
3043,04/11/2019,42,51,65,79,80,82
3044,05/11/2019,[47],52,66,79,82,90
3045,06/11/2019,37,65,79,82,83,90
3046,07/11/2019,[15],37,55,60,82,90
3047,14/11/2019,15,37,63,79,82,90
3048,16/11/2019,15,37,[65],66,79,82
3049,19/11/2019,15,23,37,52,65,[82]
3050,21/11/2019,09,37,65,77,79,82
3051,23/11/2019,37,[52],65,[79],80,82
3052,26/11/2019,15,51,65,[79],82,85
3053,28/11/2019,15,65,77,79,82,83
3054,30/11/2019,[52],59,65,[66],79,82
3055,01/12/2019,52,65,66,77,79,82
3056,02/12/2019,07,16,52,65,79,82
3057,03/12/2019,42,52,55,79,82,90
3058,09/12/2019,15,37,52,65,79,82
3059,10/12/2019,37,42,52,[79],82,[90]
3060,11/12/2019,32,47,65,79,82,90
3061,12/12/2019,40,[51],52,65,79,82
3062,14/12/2019,37,[52],77,79,82,90
3063,17/12/2019,24,47,52,79,82,90
3064,19/12/2019,37,51,52,65,79,82
3065,21/12/2019,51,52,79,82,83,[90]
3066,23/12/2019,52,55,77,79,82,90
3067,24/12/2019,47,52,77,79,[82],[90]
3068,28/12/2019,37,47,52,67,82,90
3069,31/12/2019,51,65,73,79,82,90
3070,02/01/2020,52,79,80,82,83,90
3071,06/01/2020,[09],37,52,79,82,90
3072,08/01/2020,52,65,66,77,79,90
3073,09/01/2020,51,52,55,79,82,90
3074,10/01/2020,47,[52],65,82,83,90
3075,12/01/2020,52,64,65,66,82,90
3076,14/01/2020,47,77,79,80,83,90
3077,16/01/2020,15,47,52,65,79,90
3078,18/01/2020,43,52,65,[79],82,90
3079,21/01/2020,[32],52,65,79,82,90
3080,23/01/2020,06,32,47,52,79,90
3081,25/01/2020,32,52,55,79,82,[90]
3082,28/01/2020,32,52,79,80,82,90
3083,30/01/2020,33,52,65,79,80,90
3084,01/02/2020,51,65,79,80,82,90
3085,07/02/2020,52,65,[79],82,85,90
3086,13/02/2020,37,51,65,79,80,82
3087,15/02/2020,15,16,52,79,82,90
3088,18/02/2020,32,37,51,65,79,90
3089,20/02/2020,37,52,65,79,82,90
3090,22/02/2020,32,52,55,79,82,90
3091,25/02/2020,01,22,52,79,82,90
3092,27/02/2020,16,41,52,[79],80,82
3093,29/02/2020,32,52,55,79,82,90
3094,03/03/2020,52,65,79,80,82,90
3095,09/03/2020,32,64,77,79,82,90
3096,10/03/2020,52,66,[79],80,82,90
3097,11/03/2020,17,32,51,52,79,90
3098,12/03/2020,45,51,52,79,82,90
3099,14/03/2020,45,65,79,83,88,90
3100,17/03/2020,37,52,68,79,82,90
3101,19/03/2020,16,52,65,77,79,90
3102,21/03/2020,[52],55,65,79,82,90
3103,01/04/2020,17,52,65,68,79,90
3104,02/04/2020,17,37,52,[79],80,82
3105,06/04/2020,37,51,52,65,79,90
3106,07/04/2020,17,52,79,80,82,90
3107,08/04/2020,16,33,52,65,79,90
3108,03/05/2020,17,45,52,77,79,90
3109,05/05/2020,37,45,52,55,79,90
3110,09/05/2020,34,43,65,79,[83],90
3111,11/05/2020,43,45,52,79,82,90
3112,12/05/2020,45,52,55,79,85,90
3113,14/05/2020,33,52,65,79,82,90
3114,16/05/2020,17,52,65,79,80,85
3115,19/05/2020,17,52,65,79,82,90
3116,21/05/2020,32,52,65,77,79,85
3117,23/05/2020,55,65,79,[82],83,90
3118,26/05/2020,45,52,65,79,82,90
3119,28/05/2020,52,55,68,79,80,85
3120,30/05/2020,33,[52],55,65,79,82
3121,02/06/2020,52,55,[65],79,[82],90
3122,06/06/2020,17,55,65,[79],82,90
3123,08/06/2020,15,[21],65,79,82,83
3124,10/06/2020,37,45,65,79,80,82
3125,13/06/2020,16,52,65,79,82,90
3126,16/06/2020,17,65,79,80,82,83
3127,18/06/2020,33,52,65,68,79,82
3128,20/06/2020,15,[16],65,79,82,90
3129,23/06/2020,17,51,55,65,79,82
3130,25/06/2020,13,52,65,79,82,90
3131,27/06/2020,51,52,65,79,82,85
3132,30/06/2020,33,45,52,65,[79],85
3133,01/07/2020,17,52,55,65,79,82
3134,03/07/2020,33,52,65,79,82,[85]
3135,05/07/2020,51,[52],65,79,82,85
3136,07/07/2020,17,45,52,65,79,82
3137,11/07/2020,16,55,65,79,[82],90
3138,12/07/2020,52,55,65,79,82,[90]
3139,14/07/2020,45,52,65,79,[82],90
3140,16/07/2020,16,17,45,52,79,82
3141,18/07/2020,45,52,79,82,85,86
3142,21/07/2020,15,16,21,65,79,82
3143,23/07/2020,55,65,74,79,80,82
3144,25/07/2020,29,52,65,79,82,85
3145,28/07/2020,15,17,65,79,[80],[82]
3146,30/07/2020,17,37,45,49,79,82
3147,02/08/2020,45,55,65,79,82,[85]
3148,08/08/2020,15,65,79,80,82,85
3149,09/08/2020,45,55,65,79,82,90
3150,10/08/2020,45,55,57,79,82,85
3151,13/08/2020,16,35,65,79,82,85
3152,17/08/2020,45,52,75,[79],82,85
3153,18/08/2020,45,[65],[77],79,82,85
3154,20/08/2020,33,45,55,65,79,82
3155,22/08/2020,17,[45],75,79,80,82
3156,25/08/2020,45,52,55,65,79,82
3157,27/08/2020,10,15,55,79,82,90
3158,29/08/2020,[01],45,65,75,79,82
3159,01/09/2020,[55],65,75,79,80,82
3160,05/09/2020,10,[45],55,79,80,82
3161,06/09/2020,52,55,66,79,80,82
3162,07/09/2020,45,55,65,79,82,84
3163,15/09/2020,45,[52],55,79,80,82
3164,17/09/2020,45,52,55,66,79,82
3165,19/09/2020,45,55,65,75,79,82
3166,22/09/2020,06,16,45,[55],75,79
3167,24/09/2020,15,45,55,79,82,85
3168,26/09/2020,34,37,55,65,75,79
3169,29/09/2020,15,52,55,58,79,82
3170,03/10/2020,45,52,55,65,79,82
3171,09/10/2020,21,35,45,51,79,[80]
3172,10/10/2020,[15],37,45,55,80,82
3173,11/10/2020,15,45,55,79,80,82
3174,12/10/2020,52,65,79,[80],85,87
3175,13/10/2020,35,41,75,[79],80,82
3176,15/10/2020,15,35,45,55,64,79
3177,17/10/2020,52,[55],65,79,82,85
3178,20/10/2020,15,45,55,79,80,82
3179,22/10/2020,15,[16],55,79,80,82
3180,24/10/2020,45,55,79,80,82,83
3181,27/10/2020,15,17,[55],80,82,85
3182,29/10/2020,45,55,65,77,79,82
3183,31/10/2020,15,[35],79,80,85,90
3184,01/11/2020,20,29,35,55,75,79
3185,02/11/2020,52,55,65,79,80,82
3186,06/11/2020,15,20,29,45,55,79
3187,07/11/2020,[20],45,52,55,68,82
3188,08/11/2020,01,15,17,55,[80],82
3189,14/11/2020,01,45,[47],55,80,82
3190,17/11/2020,01,35,47,[55],68,80
3191,19/11/2020,01,45,55,79,80,82
3192,21/11/2020,[37],45,[55],65,[82],85
3193,24/11/2020,[15],29,45,49,55,82
3194,26/11/2020,16,49,55,79,80,82
3195,28/11/2020,47,52,55,79,82,86
3196,03/12/2020,06,16,49,55,65,79
3197,05/12/2020,15,[55],[65],72,82,[85]
3198,09/12/2020,07,45,55,63,65,79
3199,11/12/2020,06,55,80,82,85,86
3200,12/12/2020,52,55,71,80,82,[85]
3201,15/12/2020,05,27,44,50,71,74
3202,17/12/2020,[05],27,50,70,71,74
3203,19/12/2020,27,[50],53,70,71,74
3204,22/12/2020,04,27,71,74,79,80
3205,24/12/2020,27,44,53,70,71,74
3206,28/12/2020,04,27,53,71,73,74
3207,29/12/2020,[15],27,44,[60],71,[74]
3208,31/12/2020,27,44,53,70,71,73
3209,04/01/2021,04,27,53,71,73,80
3210,06/01/2021,04,[27],44,70,71,73
3211,07/01/2021,04,34,[44],70,71,73
3212,14/01/2021,04,23,34,70,71,73
3213,16/01/2021,04,28,30,48,70,71
3214,19/01/2021,04,15,34,70,71,73
3215,21/01/2021,18,34,[45],70,71,73
3216,23/01/2021,04,23,34,70,71,73
3217,26/01/2021,04,23,[34],70,71,73
3218,28/01/2021,04,42,55,70,71,73
3219,30/01/2021,04,23,45,70,71,73
3220,01/02/2021,04,23,30,70,71,73
3221,02/02/2021,04,23,30,70,71,73
3222,03/02/2021,15,23,35,70,73,85
3223,09/02/2021,04,23,70,71,73,[80]
3224,10/02/2021,04,23,33,70,[71],73
3225,11/02/2021,04,23,33,59,70,73
3226,12/02/2021,04,23,33,[70],73,86
3227,13/02/2021,04,23,30,33,45,73
3228,16/02/2021,04,23,[30],33,45,73
3229,18/02/2021,04,13,23,33,45,73
3230,20/02/2021,04,13,23,33,59,73
3231,23/02/2021,04,23,33,39,73,82
3232,25/02/2021,04,[13],16,23,64,[73]
3233,27/02/2021,02,04,23,33,60,64
3234,04/03/2021,02,04,23,33,[60],64
3235,05/03/2021,02,04,23,33,44,64
3236,06/03/2021,04,23,33,37,55,64
3237,07/03/2021,04,15,23,33,60,64
3238,08/03/2021,02,04,23,33,50,64
3239,13/03/2021,02,04,23,33,50,64
3240,16/03/2021,02,04,23,33,45,64
3241,18/03/2021,02,04,12,23,33,64
3242,20/03/2021,02,04,23,33,44,64
3243,23/03/2021,[02],04,23,33,50,64
3244,25/03/2021,04,20,23,33,44,64
3245,27/03/2021,04,23,33,44,50,64
3246,30/03/2021,04,23,33,50,60,64
3247,02/04/2021,03,04,23,33,44,45
3248,03/04/2021,[04],15,23,33,50,65
3249,05/04/2021,20,23,33,44,50,64
3250,09/04/2021,15,23,33,50,64,65
3251,11/04/2021,23,33,44,45,50,64
3252,12/04/2021,23,33,44,45,50,64
3253,13/04/2021,12,23,33,44,50,64
3254,15/04/2021,15,23,[33],64,68,86
3255,17/04/2021,[20],23,34,50,64,65
3256,20/04/2021,08,23,24,34,50,64
3257,22/04/2021,15,21,23,50,64,68
3258,24/04/2021,18,23,[34],49,50,64
3259,27/04/2021,23,24,31,50,55,64
3260,29/04/2021,18,23,24,31,50,[64]
3261,01/05/2021,03,18,23,24,31,50
3262,06/05/2021,18,23,24,50,[53],59
3263,08/05/2021,09,18,23,24,31,50
3264,10/05/2021,03,18,23,24,31,50
3265,13/05/2021,03,18,23,24,31,50
3266,15/05/2021,09,18,23,24,31,50
3267,18/05/2021,09,18,23,24,31,50
3268,20/05/2021,09,18,23,24,[31],50
3269,22/05/2021,02,09,18,23,24,50
3270,25/05/2021,03,09,18,23,24,50
3271,27/05/2021,03,09,18,23,[24],50
3272,29/05/2021,02,03,09,18,[23],50
3273,02/06/2021,03,09,18,42,[50],90
3274,03/06/2021,02,03,09,18,42,54
3275,04/06/2021,02,03,09,18,42,54
3276,05/06/2021,03,09,18,42,54,90
3277,07/06/2021,02,03,09,18,42,54
3278,11/06/2021,02,03,09,18,54,60
3279,15/06/2021,02,03,09,18,26,[54]
3280,17/06/2021,02,03,09,15,18,[42]
3281,19/06/2021,02,[03],09,18,26,64
3282,22/06/2021,02,09,18,26,50,90
3283,24/06/2021,02,09,18,26,50,64
3284,26/06/2021,02,09,18,23,26,50
3285,29/06/2021,02,09,18,26,37,64
3286,01/07/2021,02,09,18,26,60,64
3287,08/07/2021,02,09,18,23,26,64
3288,09/07/2021,02,09,18,26,64,90
3289,10/07/2021,02,09,[18],[26],60,64
3290,12/07/2021,02,[09],[12],50,60,64
3291,13/07/2021,02,50,[58],60,64,90
3292,15/07/2021,[02],05,30,50,55,60
3293,17/07/2021,05,17,50,60,[64],90
3294,20/07/2021,05,29,50,60,85,[90]
3295,22/07/2021,13,16,17,50,60,85
3296,24/07/2021,13,16,17,[50],55,60
3297,27/07/2021,05,13,16,17,29,60
3298,29/07/2021,05,08,13,17,29,60
3299,31/07/2021,05,13,16,17,29,60
3300,04/08/2021,05,13,16,17,[29],60
3301,05/08/2021,05,13,15,16,17,[60]
3302,06/08/2021,05,16,17,27,32,46
3303,07/08/2021,05,08,13,17,68,72
3304,14/08/2021,05,08,13,16,17,27
3305,17/08/2021,05,13,16,17,32,46
3306,19/08/2021,05,08,13,16,17,46
3307,21/08/2021,05,13,16,17,27,72
3308,24/08/2021,05,13,15,16,23,37
3309,26/08/2021,05,13,16,[17],18,23
3310,28/08/2021,05,13,16,18,46,68
3311,31/08/2021,[05],13,16,18,46,69
3312,01/09/2021,13,[16],18,23,46,50
3313,02/09/2021,13,18,23,46,50,69
3314,03/09/2021,13,18,23,46,69,89
3315,09/09/2021,13,18,23,30,46,50
3316,10/09/2021,13,18,23,31,46,69
3317,11/09/2021,13,18,23,46,68,69
3318,12/09/2021,13,18,23,46,50,69
3319,14/09/2021,13,18,23,37,46,[69]
3320,16/09/2021,13,18,23,[46],50,65
3321,18/09/2021,13,18,23,30,34,50
3322,21/09/2021,13,18,23,30,34,50
3323,23/09/2021,13,18,23,30,34,50
3324,25/09/2021,13,18,23,37,50,86
3325,28/09/2021,13,[18],23,30,[34],50
3326,30/09/2021,13,23,30,50,67,85
3327,04/10/2021,13,23,30,41,50,[67]
3328,06/10/2021,13,23,26,30,50,53
3329,07/10/2021,[13],23,26,30,50,78
3330,08/10/2021,23,26,30,41,50,78
3331,14/10/2021,23,28,50,72,78,85
3332,16/10/2021,23,28,30,[50],78,85
3333,19/10/2021,02,23,24,26,30,78
3334,21/10/2021,02,23,[26],30,78,87
3335,23/10/2021,02,23,30,72,76,78
3336,26/10/2021,02,23,[24],30,31,78
3337,28/10/2021,[02],23,30,31,78,87
3338,30/10/2021,05,23,30,[31],78,84
3339,02/11/2021,[05],23,30,64,71,78
3340,03/11/2021,23,30,64,[68],71,78
3341,05/11/2021,15,18,[23],[30],64,78
3342,09/11/2021,04,18,46,58,64,78
3343,11/11/2021,[04],18,58,64,71,78
3344,12/11/2021,18,39,58,[64],71,78
3345,13/11/2021,[13],18,58,71,72,78
3346,16/11/2021,15,18,39,58,72,78
3347,18/11/2021,18,46,58,72,76,78
3348,20/11/2021,18,23,39,[58],72,78
3349,23/11/2021,05,18,[23],46,53,78
3350,25/11/2021,05,18,46,53,78,87
3351,27/11/2021,18,39,46,50,53,[78]
3352,30/11/2021,18,29,39,46,50,53
3353,01/12/2021,18,37,39,45,46,53
3354,06/12/2021,[02],18,39,46,53,68
3355,08/12/2021,18,29,39,46,50,53
3356,10/12/2021,18,23,39,[46],50,[53]
3357,14/12/2021,03,18,29,39,50,72
3358,16/12/2021,03,18,39,40,50,68
3359,18/12/2021,18,19,29,39,50,68
3360,21/12/2021,03,18,23,29,39,50
3361,23/12/2021,18,23,29,39,50,87
3362,27/12/2021,18,23,29,39,50,76
3363,28/12/2021,18,23,28,29,39,50
3364,30/12/2021,03,18,23,29,39,50
3365,02/01/2022,03,18,23,[29],39,50
3366,03/01/2022,03,18,23,28,39,50
3367,09/01/2022,03,18,21,23,39,50
3368,10/01/2022,[03],18,23,36,39,50
3369,12/01/2022,18,23,39,50,53,77
3370,13/01/2022,18,23,28,36,39,50
3371,15/01/2022,18,23,36,39,50,74
3372,18/01/2022,18,23,28,36,39,50
3373,20/01/2022,18,23,39,50,66,72
3374,22/01/2022,18,23,24,36,39,[50]
3375,25/01/2022,18,[23],24,28,36,39
3376,27/01/2022,18,24,28,36,37,39
3377,29/01/2022,09,18,28,36,39,68
3378,04/02/2022,08,18,[24],28,36,39
3379,07/02/2022,18,23,28,36,39,69
3380,08/02/2022,[09],18,23,28,36,39
3381,15/02/2022,18,23,28,36,39,64
3382,17/02/2022,06,18,23,28,[36],39
3383,19/02/2022,08,18,23,28,39,66
3384,22/02/2022,07,18,28,39,50,[64]
3385,24/02/2022,08,18,23,[28],39,42
3386,26/02/2022,07,08,18,23,39,50
3387,01/03/2022,08,18,23,39,[50],89
3388,02/03/2022,08,18,22,23,39,42
3389,03/03/2022,02,07,08,18,23,39
3390,05/03/2022,02,08,18,22,23,39
3391,09/03/2022,07,08,18,[22],23,39
3392,11/03/2022,02,07,08,18,23,39
3393,12/03/2022,02,07,18,23,39,87
3394,15/03/2022,02,07,[08],18,23,39
3395,17/03/2022,02,07,18,23,39,50
3396,19/03/2022,07,18,23,39,42,50
3397,22/03/2022,02,05,18,23,39,42
3398,24/03/2022,02,18,23,39,42,50
3399,26/03/2022,02,07,18,23,39,50
3400,29/03/2022,02,18,23,39,42,50
3401,31/03/2022,02,18,23,39,42,68
3402,01/04/2022,07,[18],23,37,39,42
3403,06/04/2022,[02],23,39,50,58,68
3404,08/04/2022,18,38,39,46,47,65
3405,10/04/2022,18,23,37,39,46,66
3406,14/04/2022,07,39,42,[50],58,68
3407,16/04/2022,[07],18,39,42,46,58
3408,19/04/2022,18,39,42,46,58,60
3409,21/04/2022,18,39,42,[46],58,60
3410,23/04/2022,[18],[23],39,42,58,60
3411,26/04/2022,03,36,39,42,58,60
3412,28/04/2022,04,09,39,42,58,60
3413,30/04/2022,06,18,39,42,58,60
3414,02/05/2022,18,[39],42,50,58,60
3415,03/05/2022,[03],12,42,[58],60,70
3416,04/05/2022,12,36,42,60,70,77
3417,05/05/2022,12,36,42,60,70,89
3418,07/05/2022,12,36,42,[49],60,70
3419,11/05/2022,12,36,42,60,70,77
3420,14/05/2022,12,29,36,[42],60,70
3421,17/05/2022,12,28,[29],36,60,70
3422,19/05/2022,23,36,60,68,70,87
3423,21/05/2022,12,28,36,53,60,70
3424,24/05/2022,12,28,36,60,68,70
3425,26/05/2022,12,23,28,36,60,70
3426,28/05/2022,12,28,36,53,60,70
3427,31/05/2022,12,23,36,53,60,70
3428,06/06/2022,12,28,36,[53],60,70
3429,08/06/2022,12,23,28,36,60,70
3430,09/06/2022,12,23,28,36,60,70
3431,10/06/2022,12,23,[28],36,60,[70]
3432,12/06/2022,[12],18,23,36,56,60
3433,14/06/2022,18,23,36,[50],56,60
3434,16/06/2022,05,18,23,36,[56],[60]
3435,18/06/2022,04,15,18,23,36,64
3436,21/06/2022,04,05,18,23,36,69
3437,23/06/2022,04,05,18,23,36,69
3438,25/06/2022,05,18,23,36,47,69
3439,28/06/2022,05,18,23,[36],64,68
3440,30/06/2022,18,23,44,47,57,69
3441,04/07/2022,05,18,23,44,64,69
3442,05/07/2022,05,18,23,47,64,69
3443,06/07/2022,05,18,23,57,64,[69]
3444,07/07/2022,05,18,23,44,47,64
3445,14/07/2022,05,18,23,47,64,87
3446,16/07/2022,05,18,23,[38],44,57
3447,19/07/2022,05,18,23,[44],64,87
3448,21/07/2022,05,18,23,47,57,64
3449,23/07/2022,05,18,23,49,64,87
3450,26/07/2022,18,23,47,49,57,64
3451,28/07/2022,05,18,23,50,64,77
3452,30/07/2022,05,18,23,47,64,77
3453,01/08/2022,05,18,23,47,64,67
3454,02/08/2022,05,18,23,50,[57],[64]
3455,03/08/2022,05,18,23,47,50,60
3456,09/08/2022,05,[18],23,[26],[50],53
3457,10/08/2022,05,12,23,47,49,60
3458,11/08/2022,05,23,47,53,58,60
3459,13/08/2022,05,23,47,53,58,60
3460,16/08/2022,05,18,23,47,58,60
3461,18/08/2022,[05],23,47,53,58,60
3462,20/08/2022,23,47,53,[58],60,[77]
3463,23/08/2022,18,23,[47],50,53,60
3464,25/08/2022,23,53,60,61,76,77
3465,27/08/2022,23,49,53,60,70,76
3466,30/08/2022,[23],30,53,60,61,70
3467,04/09/2022,30,53,60,61,70,76
3468,06/09/2022,18,53,60,61,65,76
3469,07/09/2022,18,30,53,60,61,76
3470,08/09/2022,18,30,53,60,61,76
3471,13/09/2022,18,30,53,60,61,76
3472,15/09/2022,18,30,36,53,60,61
3473,17/09/2022,[18],30,53,55,[60],61
3474,20/09/2022,30,36,[50],53,61,67
3475,22/09/2022,18,[30],36,53,61,67
3476,24/09/2022,18,23,36,53,61,67
3477,27/09/2022,18,23,36,53,61,67
3478,29/09/2022,18,24,36,53,61,67
3479,01/10/2022,18,23,36,53,61,67
3480,02/10/2022,18,23,36,53,61,67
3481,03/10/2022,[18],23,36,53,61,67
3482,05/10/2022,24,36,53,61,67,77
3483,09/10/2022,18,23,36,53,61,67
3484,11/10/2022,23,24,36,53,61,67
3485,12/10/2022,23,24,36,53,61,67
3486,13/10/2022,23,24,36,53,61,67
3487,15/10/2022,18,24,36,53,61,67
3488,18/10/2022,24,25,36,53,61,67
3489,20/10/2022,02,24,36,53,61,[67]
3490,22/10/2022,18,23,24,36,[53],61
3491,25/10/2022,02,23,24,36,60,61
3492,27/10/2022,24,25,36,61,65,66
3493,29/10/2022,18,23,24,36,60,61
3494,31/10/2022,02,18,23,24,36,61
3495,01/11/2022,18,23,[24],36,61,81
3496,06/11/2022,02,07,[18],23,36,61
3497,08/11/2022,02,07,23,36,60,61
3498,10/11/2022,02,23,36,60,61,66
3499,15/11/2022,02,[13],[23],32,36,61
3500,17/11/2022,02,07,18,36,60,61
3501,19/11/2022,02,07,36,39,60,61
3502,22/11/2022,02,07,36,50,60,61
3503,24/11/2022,02,07,36,50,60,61
3504,26/11/2022,02,07,36,38,60,[61]
3505,29/11/2022,02,07,36,50,54,[60]
3506,02/12/2022,02,07,09,36,50,54
3507,03/12/2022,02,07,36,50,54,82
3508,04/12/2022,02,07,36,50,53,54
3509,05/12/2022,02,07,32,36,50,77
3510,07/12/2022,02,07,36,50,53,82
3511,11/12/2022,02,07,36,48,50,53
3512,12/12/2022,02,07,09,36,50,53
3513,13/12/2022,02,07,29,36,66,86
3514,15/12/2022,02,07,09,36,50,[65]
3515,17/12/2022,02,07,09,36,50,53
3516,20/12/2022,02,[07],09,36,50,68
3517,22/12/2022,02,[09],18,36,50,53
3518,24/12/2022,02,[29],36,50,53,89
3519,27/12/2022,02,15,36,50,53,60
3520,29/12/2022,[02],18,36,50,60,66
3521,31/12/2022,18,36,50,53,57,89
3522,04/01/2023,18,[36],50,53,60,89
3523,06/01/2023,10,18,50,53,60,[89]
3524,07/01/2023,10,18,20,50,53,57
3525,08/01/2023,10,18,50,53,57,60
3526,09/01/2023,10,49,50,[53],60,68
3527,12/01/2023,10,20,32,50,59,60
3528,14/01/2023,10,20,31,50,59,60
3529,17/01/2023,[10],13,20,31,50,[60]
3530,19/01/2023,13,20,31,49,50,[59]
3531,21/01/2023,13,20,27,31,49,50
3532,24/01/2023,13,[20],23,31,50,84
3533,26/01/2023,13,23,27,31,50,84
3534,28/01/2023,13,[23],27,31,50,62
3535,31/01/2023,[13],27,28,31,50,84
3536,02/02/2023,27,[28],31,49,50,84
3537,03/02/2023,27,31,36,45,50,84
3538,05/02/2023,18,27,31,36,50,84
3539,09/02/2023,18,27,31,36,50,84
3540,11/02/2023,18,27,31,36,50,84
3541,12/02/2023,18,27,31,36,50,84
3542,14/02/2023,18,27,31,50,81,84
3543,16/02/2023,18,27,31,45,50,84
3544,18/02/2023,18,27,31,36,50,84
3545,21/02/2023,18,27,[31],36,50,84
3546,23/02/2023,02,18,27,36,50,84
3547,25/02/2023,18,27,36,50,62,84
3548,28/02/2023,05,18,27,36,[50],62
3549,01/03/2023,02,18,26,27,36,84
3550,06/03/2023,02,18,23,[27],36,84
3551,08/03/2023,05,18,26,36,69,84
3552,10/03/2023,02,05,18,36,62,[84]
3553,11/03/2023,05,18,36,60,62,66
3554,14/03/2023,02,05,18,26,36,60
3555,16/03/2023,02,05,18,26,[36],60
3556,18/03/2023,02,05,18,23,26,[69]
3557,21/03/2023,02,05,18,23,25,26
3558,23/03/2023,02,05,18,23,32,53
3559,25/03/2023,02,05,18,23,[26],60
3560,28/03/2023,02,05,18,23,60,[62]
3561,30/03/2023,02,05,18,19,50,65
3562,02/04/2023,02,05,18,23,32,60
3563,03/04/2023,02,05,18,23,53,60
3564,04/04/2023,02,05,18,23,25,60
3565,05/04/2023,02,05,18,[23],60,66
3566,07/04/2023,02,05,18,52,60,72
3567,08/04/2023,02,[05],18,53,59,60
3568,11/04/2023,02,18,53,[59],60,70
3569,13/04/2023,[02],18,53,60,70,78
3570,15/04/2023,14,18,[36],53,60,70
3571,18/04/2023,13,18,53,60,70,78
3572,20/04/2023,18,19,39,53,60,78
3573,22/04/2023,14,[18],53,60,70,78
3574,24/04/2023,13,50,53,60,70,78
3575,27/04/2023,13,29,53,60,70,78
3576,29/04/2023,14,53,60,68,70,78
3577,01/05/2023,[13],14,53,60,70,78
3578,08/05/2023,14,53,60,61,70,78
3579,09/05/2023,[14],53,60,70,78,80
3580,10/05/2023,32,53,60,68,70,78
3581,12/05/2023,40,53,60,61,70,78
3582,13/05/2023,40,53,60,61,70,78
3583,16/05/2023,40,53,60,61,70,78
3584,18/05/2023,40,53,60,61,70,78
3585,20/05/2023,40,53,60,61,[70],78
3586,23/05/2023,[23],40,53,60,61,78
3587,25/05/2023,28,52,53,60,61,68
3588,27/05/2023,30,53,60,61,74,[78]
3589,30/05/2023,24,28,32,53,60,61
3590,04/06/2023,[28],36,53,60,61,66
3591,05/06/2023,02,24,53,60,61,[74]
3592,06/06/2023,24,53,60,[61],66,68
3593,07/06/2023,02,24,34,36,[53],60
3594,10/06/2023,02,24,34,[36],58,60
3595,13/06/2023,02,24,29,34,59,60
3596,15/06/2023,02,[24],34,58,60,68
3597,17/06/2023,02,[18],34,58,59,60
3598,20/06/2023,02,29,32,34,59,60
3599,22/06/2023,02,34,58,60,66,81
3600,24/06/2023,02,34,52,58,60,66
3601,27/06/2023,02,18,23,50,60,[70]
3602,29/06/2023,02,13,18,23,50,60
3603,01/07/2023,02,13,18,23,50,[60]
3604,02/07/2023,02,18,23,34,36,50
3605,03/07/2023,[02],18,20,23,29,50
3606,07/07/2023,18,[23],36,50,53,60
3607,09/07/2023,18,29,36,50,53,60
3608,10/07/2023,14,18,36,50,53,60
3609,11/07/2023,18,29,[36],50,53,60
3610,12/07/2023,08,18,29,50,53,60
3611,13/07/2023,02,18,29,[50],[53],60
3612,14/07/2023,02,14,18,29,60,70
3613,15/07/2023,02,14,18,29,60,70
3614,18/07/2023,14,18,29,50,[60],70
3615,20/07/2023,02,[14],18,29,50,60
3616,21/07/2023,02,18,29,50,53,60
3617,22/07/2023,[02],18,28,29,[50],60
3618,25/07/2023,18,23,29,36,53,60
3619,27/07/2023,08,[18],29,53,60,70
3620,28/07/2023,02,08,29,36,53,60
3621,29/07/2023,03,08,29,36,[60],70
3622,04/08/2023,18,29,36,53,60,70
3623,06/08/2023,18,29,36,53,60,70
3624,07/08/2023,11,[18],29,36,53,60
3625,08/08/2023,29,36,53,60,70,90
3626,09/08/2023,02,29,36,53,60,70
3627,14/08/2023,02,29,36,53,60,70
3628,17/08/2023,02,29,36,[53],60,70
3629,18/08/2023,02,24,29,36,60,[70]
3630,19/08/2023,07,11,24,29,36,60
3631,22/08/2023,02,11,24,29,36,79
3632,24/08/2023,02,24,29,36,59,60
3633,25/08/2023,02,24,29,36,59,60
3634,26/08/2023,02,24,29,36,[59],60
3635,29/08/2023,02,24,29,31,36,60
3636,31/08/2023,02,24,29,36,50,60
3637,02/09/2023,02,24,29,31,36,60
3638,03/09/2023,15,24,29,36,50,60
3639,05/09/2023,02,24,29,31,36,[60]
3640,09/09/2023,02,24,29,31,36,50
3641,11/09/2023,02,24,29,36,50,73
3642,12/09/2023,02,24,29,36,50,60
3643,14/09/2023,02,24,[29],36,50,60
3644,15/09/2023,02,24,31,36,50,60
3645,16/09/2023,02,24,31,36,50,60
3646,19/09/2023,02,24,31,36,50,60
3647,21/09/2023,02,24,[31],36,50,60
3648,22/09/2023,02,07,24,36,50,60
3649,23/09/2023,02,07,24,36,50,60
3650,26/09/2023,02,07,16,24,36,50
3651,28/09/2023,02,07,24,26,36,50
3652,29/09/2023,02,16,18,24,36,50
3653,30/09/2023,02,07,16,24,36,50
3654,01/10/2023,02,07,16,[24],36,50
3655,06/10/2023,02,07,18,36,50,60
3656,08/10/2023,02,07,16,26,36,50
3657,10/10/2023,02,07,16,26,36,50
3658,11/10/2023,02,[07],16,26,36,50
3659,13/10/2023,02,13,18,26,36,50
3660,14/10/2023,02,16,18,36,50,60
3661,17/10/2023,02,18,26,36,50,60
3662,19/10/2023,02,13,26,36,50,60
3663,20/10/2023,02,13,26,36,50,60
3664,21/10/2023,02,13,26,36,50,60
3665,24/10/2023,02,13,26,36,50,60
3666,26/10/2023,02,13,26,36,50,60
3667,27/10/2023,02,13,26,36,50,60
3668,28/10/2023,02,13,26,36,50,60
3669,31/10/2023,02,13,26,36,50,60
3670,02/11/2023,02,13,26,36,50,60
3671,03/11/2023,02,13,26,36,50,60
3672,04/11/2023,02,13,26,36,50,[60]
3673,05/11/2023,02,13,26,36,50,59
3674,07/11/2023,02,13,26,36,50,60
3675,08/11/2023,02,13,26,36,50,59
3676,11/11/2023,02,13,26,36,50,60
3677,12/11/2023,02,13,26,36,[50],60
3678,14/11/2023,02,13,26,36,53,59
3679,16/11/2023,02,13,26,36,59,60
3680,17/11/2023,02,13,26,36,50,59
3681,18/11/2023,02,13,26,36,59,[60]
3682,21/11/2023,02,13,26,36,50,[59]
3683,23/11/2023,02,13,18,26,36,50
3684,24/11/2023,02,[13],18,26,36,50
3685,25/11/2023,02,18,26,36,53,60
3686,28/11/2023,02,18,26,36,50,60
3687,30/11/2023,02,18,26,36,44,50
3688,01/12/2023,02,18,26,36,50,60
3689,08/12/2023,[02],18,26,36,50,53
3690,09/12/2023,18,[26],36,50,53,60
3691,10/12/2023,02,18,[36],50,53,60
3692,12/12/2023,02,18,29,50,53,60
3693,14/12/2023,02,18,29,50,[53],72
3694,15/12/2023,02,12,18,29,50,60
3695,16/12/2023,02,18,29,36,50,60
3696,18/12/2023,02,12,18,36,50,60
3697,19/12/2023,12,18,25,36,50,60
3698,21/12/2023,18,29,34,36,50,60
3699,22/12/2023,02,12,18,36,50,60
3700,23/12/2023,02,18,29,36,50,60
3701,28/12/2023,02,12,18,[36],50,60
3702,29/12/2023,02,12,18,24,50,60
3703,30/12/2023,02,12,18,36,50,60
3704,02/01/2024,02,12,18,36,50,60
3705,03/01/2024,02,18,29,36,50,60
3706,06/01/2024,02,18,29,36,50,60
3707,08/01/2024,02,18,29,50,60,72
3708,10/01/2024,02,18,29,36,50,[60]
3709,13/01/2024,02,18,29,34,36,50
3710,16/01/2024,02,12,18,24,50,72
3711,18/01/2024,02,12,18,24,29,50
3712,19/01/2024,12,18,24,29,34,[50]
3713,20/01/2024,[02],12,18,29,34,36
3714,23/01/2024,12,18,24,29,31,50
3715,25/01/2024,02,12,18,24,[29],31
3716,26/01/2024,02,12,18,[24],34,[50]
3717,27/01/2024,12,18,31,34,60,76
3718,30/01/2024,02,12,18,31,34,36
3719,01/02/2024,[02],12,18,31,34,50
3720,02/02/2024,07,12,18,31,34,36
3721,03/02/2024,07,12,18,31,34,36
3722,04/02/2024,02,12,18,31,34,36
3723,05/02/2024,07,12,18,31,34,60
3724,07/02/2024,02,12,18,31,34,36
3725,08/02/2024,12,18,31,[34],36,60
3726,11/02/2024,02,12,18,31,36,60
3727,13/02/2024,02,12,18,31,36,60
3728,15/02/2024,12,18,24,31,36,60
3729,16/02/2024,02,12,18,31,36,60
3730,17/02/2024,12,18,29,31,36,60
3731,20/02/2024,02,12,18,31,[36],60
3732,22/02/2024,02,12,18,24,31,60
3733,23/02/2024,02,12,18,31,50,60
3734,24/02/2024,02,12,18,31,50,60
3735,27/02/2024,02,12,18,24,31,60
3736,29/02/2024,02,12,18,31,50,60
3737,02/03/2024,02,[12],18,31,50,60
3738,05/03/2024,02,18,24,31,50,60
3739,08/03/2024,02,18,24,31,50,60
3740,09/03/2024,02,18,24,31,50,60
3741,10/03/2024,02,18,31,50,59,60
3742,12/03/2024,02,18,24,31,50,60
3743,14/03/2024,02,18,31,50,60,70
3744,15/03/2024,02,18,24,31,[50],60
3745,16/03/2024,02,18,24,31,60,[70]
3746,19/03/2024,02,18,24,31,59,[60]
3747,21/03/2024,[02],18,24,31,50,59
3748,22/03/2024,18,24,29,31,36,[59]
3749,23/03/2024,18,24,31,36,53,60
3750,26/03/2024,[02],18,[24],31,50,60
3751,28/03/2024,18,31,36,50,53,60
3752,29/03/2024,18,29,31,36,50,60
3753,30/03/2024,18,29,31,36,50,60
3754,01/04/2024,18,[29],31,36,50,[60]
3755,04/04/2024,02,18,31,[36],50,53
3756,05/04/2024,02,[18],31,50,53,60
3757,06/04/2024,02,[18],24,31,50,53
3758,07/04/2024,02,18,31,36,50,[53]
3759,10/04/2024,02,18,31,36,50,60
3760,11/04/2024,02,18,24,31,50,[60]
3761,13/04/2024,02,18,24,31,36,50
3762,16/04/2024,02,18,24,31,36,50
3763,18/04/2024,02,18,24,31,36,50
3764,19/04/2024,02,05,[18],31,36,50
3765,20/04/2024,02,18,24,31,36,50
3766,23/04/2024,02,[24],31,36,50,64
3767,26/04/2024,02,18,29,31,36,50
3768,27/04/2024,02,18,31,36,50,59
3769,29/04/2024,02,20,31,36,[50],59
3770,30/04/2024,02,18,31,36,50,59
3771,03/05/2024,02,18,31,36,50,59
3772,04/05/2024,02,18,31,36,50,64
3773,07/05/2024,02,18,31,36,[50],59
3774,09/05/2024,02,18,31,36,59,64
3775,10/05/2024,02,18,31,36,64,78
3776,11/05/2024,02,18,31,36,50,59
3777,12/05/2024,02,18,31,36,50,59
3778,14/05/2024,02,18,31,36,50,64
3779,16/05/2024,02,18,[31],36,59,64
3780,17/05/2024,02,18,36,50,59,64
3781,18/05/2024,[02],18,36,[59],64,78
3782,21/05/2024,18,24,36,50,64,76
3783,23/05/2024,18,36,46,[50],64,78
3784,24/05/2024,[02],18,[36],46,[64],78
3785,25/05/2024,18,24,29,46,70,78
3786,28/05/2024,18,24,29,36,46,78
3787,30/05/2024,18,24,30,36,46,78
3788,31/05/2024,18,[24],31,36,46,78
3789,02/06/2024,18,29,31,36,[46],78
3790,04/06/2024,07,18,29,31,36,[78]
3791,06/06/2024,07,18,29,31,36,70
3792,07/06/2024,12,[18],29,31,36,70
3793,08/06/2024,07,12,29,31,36,70
3794,09/06/2024,12,18,29,31,36,70
3795,12/06/2024,07,18,29,31,36,70
3796,13/06/2024,07,12,18,29,31,36
3797,14/06/2024,12,18,29,30,36,70
3798,15/06/2024,12,18,27,29,70,74
3799,18/06/2024,07,18,29,30,36,70
3800,20/06/2024,07,18,29,[31],36,70
3801,21/06/2024,07,12,29,36,42,70
3802,22/06/2024,07,12,18,29,36,70
3803,25/06/2024,07,12,[18],29,36,70
3804,27/06/2024,07,12,18,29,30,36
3805,28/06/2024,07,12,29,30,36,70
3806,29/06/2024,07,12,[18],29,36,70
3807,03/07/2024,07,12,29,30,36,[70]
3808,05/07/2024,02,07,12,29,[30],36
3809,06/07/2024,02,07,12,18,29,36
3810,09/07/2024,07,12,18,29,31,36
3811,11/07/2024,02,07,12,18,29,36
3812,12/07/2024,07,12,18,29,31,36
3813,13/07/2024,02,07,12,18,29,36
3814,16/07/2024,07,12,[18],29,31,36
3815,18/07/2024,02,07,12,29,[36],74
3816,19/07/2024,02,07,12,18,29,[74]
3817,20/07/2024,07,12,18,29,31,36
3818,23/07/2024,02,07,12,29,31,36
3819,25/07/2024,[02],07,08,12,29,31
3820,26/07/2024,07,08,12,18,29,31
3821,27/07/2024,07,12,17,18,29,31
3822,30/07/2024,07,08,12,29,31,36
3823,01/08/2024,07,08,12,29,31,36
3824,02/08/2024,07,08,12,18,29,36
3825,03/08/2024,07,08,12,18,29,31
3826,06/08/2024,07,12,18,29,31,36
3827,08/08/2024,07,12,[17],18,29,31
3828,10/08/2024,07,12,18,29,31,36
3829,11/08/2024,07,12,18,27,29,31
3830,13/08/2024,07,12,18,29,31,36
3831,16/08/2024,05,07,12,18,29,31
3832,17/08/2024,07,12,18,29,31,36
3833,19/08/2024,[07],12,18,29,31,[36]
3834,20/08/2024,12,18,29,31,44,46
3835,22/08/2024,12,[18],29,31,44,46
3836,23/08/2024,12,29,31,44,46,77
3837,24/08/2024,12,29,31,36,44,46
3838,27/08/2024,[12],29,31,[36],44,46
3839,29/08/2024,18,27,29,31,44,[46]
3840,30/08/2024,02,18,27,29,31,44
3841,31/08/2024,02,10,18,29,31,44
3842,01/09/2024,02,18,29,31,44,67
3843,02/09/2024,02,18,[29],31,36,44
3844,03/09/2024,02,18,21,31,[36],44
3845,04/09/2024,02,18,29,[31],44,67
3846,05/09/2024,02,12,18,29,44,67
3847,07/09/2024,02,18,29,31,44,67
3848,08/09/2024,02,18,29,31,44,67
3849,11/09/2024,02,18,29,31,44,67
3850,13/09/2024,[02],[18],29,31,44,67
3851,14/09/2024,18,29,[31],44,67,[76]
3852,17/09/2024,07,18,29,31,44,67
3853,19/09/2024,07,18,29,31,[44],67
3854,20/09/2024,07,18,29,31,46,67
3855,21/09/2024,02,09,18,29,37,67
3856,24/09/2024,07,09,18,29,31,67
3857,26/09/2024,07,18,29,31,46,67
3858,27/09/2024,07,12,18,29,31,67
3859,28/09/2024,07,12,18,29,67,69
3860,02/10/2024,07,12,18,29,31,67
3861,05/10/2024,07,12,18,29,31,67
3862,08/10/2024,09,18,24,29,31,67
3863,09/10/2024,07,[09],18,29,67,69
3864,10/10/2024,07,18,29,67,69,70
3865,12/10/2024,07,18,29,31,67,[69]
3866,15/10/2024,07,12,18,29,31,67
3867,17/10/2024,07,12,18,29,31,67
3868,18/10/2024,07,12,18,29,31,67
3869,19/10/2024,07,18,29,37,[67],70
3870,22/10/2024,07,12,18,29,31,36
3871,24/10/2024,[07],18,[21],[29],[31],70
3872,25/10/2024,10,12,18,30,36,70
3873,26/10/2024,12,18,29,30,36,70
3874,29/10/2024,12,18,29,30,36,70
3875,31/10/2024,12,[18],29,30,36,70
3876,01/11/2024,10,12,29,30,36,70
3877,04/11/2024,12,18,29,30,36,70
3878,05/11/2024,12,18,[29],30,[36],70
3879,06/11/2024,10,12,18,30,50,70
3880,07/11/2024,[10],12,15,30,50,70
3881,10/11/2024,12,15,18,30,50,70
3882,14/11/2024,12,18,30,50,[70],[82]
3883,15/11/2024,12,18,30,44,50,74
3884,16/11/2024,07,12,18,29,30,50
3885,19/11/2024,07,12,16,18,30,50
3886,21/11/2024,09,12,18,29,30,50
3887,22/11/2024,09,12,18,29,30,50
3888,23/11/2024,12,[15],18,30,50,76
3889,26/11/2024,09,12,18,30,50,76
3890,28/11/2024,09,12,18,30,44,50
3891,29/11/2024,09,12,18,30,50,76
3892,30/11/2024,12,16,18,30,[50],76
3893,01/12/2024,09,12,16,18,29,30
3894,03/12/2024,09,12,18,29,30,76
3895,04/12/2024,09,12,16,18,30,76
3896,07/12/2024,09,12,18,29,30,76
3897,09/12/2024,09,12,16,18,30,76
3898,10/12/2024,09,12,[16],18,30,76
3899,11/12/2024,09,12,18,30,36,76
3900,12/12/2024,09,12,18,30,36,[76]
3901,13/12/2024,02,09,12,18,30,36
3902,14/12/2024,02,09,12,18,30,36
3903,17/12/2024,02,09,12,18,30,36
3904,19/12/2024,[02],09,12,18,30,36
3905,20/12/2024,09,12,18,30,31,36
3906,21/12/2024,07,09,12,18,30,36
3907,24/12/2024,09,12,[18],[30],36,38
3908,27/12/2024,07,[09],12,18,24,36
3909,28/12/2024,07,12,18,24,36,44
3910,30/12/2024,05,12,[18],24,36,44
3911,31/12/2024,[05],07,12,24,36,38
3912,02/01/2025,07,12,18,24,30,36
3913,03/01/2025,07,[12],24,36,38,44
3914,04/01/2025,07,18,24,30,36,44
3915,07/01/2025,07,18,30,36,44,57
3916,08/01/2025,07,12,18,24,[36],44
3917,14/01/2025,07,18,24,31,44,53
3918,16/01/2025,07,12,18,24,[31],44
3919,17/01/2025,07,[12],18,24,44,50
3920,18/01/2025,07,18,24,44,50,57
3921,21/01/2025,07,[18],24,30,44,50
3922,23/01/2025,[07],18,24,30,44,50
3923,24/01/2025,12,18,24,30,44,50
3924,25/01/2025,18,[24],30,[44],50,57
3925,28/01/2025,18,30,50,57,60,[72]
3926,30/01/2025,12,18,30,36,50,60
3927,31/01/2025,12,[18],[30],36,50,60
3928,01/02/2025,02,12,36,50,57,60
3929,05/02/2025,12,18,36,50,57,60
3930,08/02/2025,18,36,50,57,60,[78]
3931,09/02/2025,12,18,36,50,57,[60]
3932,10/02/2025,02,18,36,37,50,57
3933,12/02/2025,12,18,30,36,50,57
3934,13/02/2025,12,18,30,36,50,57
3935,14/02/2025,12,[18],[30],36,50,57
3936,15/02/2025,02,12,23,36,50,57
3937,18/02/2025,09,12,24,36,50,57
3938,20/02/2025,02,12,24,36,50,57
3939,21/02/2025,02,18,36,50,53,57
3940,22/02/2025,02,12,18,36,50,57
3941,25/02/2025,11,18,24,36,50,57
3942,27/02/2025,12,18,24,36,50,57
3943,28/02/2025,02,[12],18,36,50,57
3944,01/03/2025,09,18,24,36,50,57
3945,04/03/2025,02,18,24,36,50,[57]
3946,05/03/2025,02,09,11,36,50,53
3947,06/03/2025,02,09,24,36,50,53
3948,07/03/2025,02,09,36,50,[53],61
3949,10/03/2025,[02],09,18,24,36,50
3950,11/03/2025,09,11,18,24,36,50
3951,13/03/2025,09,11,18,24,36,50
3952,14/03/2025,09,18,24,[36],50,61
3953,15/03/2025,09,11,12,18,24,[50]
3954,18/03/2025,09,11,12,18,24,61
3955,20/03/2025,09,11,12,18,24,61
3956,21/03/2025,09,11,12,18,24,61
3957,22/03/2025,09,11,12,18,24,61
3958,25/03/2025,09,11,18,24,26,61
3959,27/03/2025,09,11,12,18,24,61
3960,28/03/2025,09,11,12,18,24,61
3961,29/03/2025,[09],11,12,18,24,61
3962,01/04/2025,11,12,18,24,50,61
3963,02/04/2025,11,12,18,24,50,61
3964,03/04/2025,05,11,18,24,50,61
3965,04/04/2025,11,12,18,24,50,61
3966,07/04/2025,11,12,18,24,50,61
3967,09/04/2025,11,12,18,24,50,61
3968,10/04/2025,11,12,14,18,24,50
3969,11/04/2025,11,12,14,[18],24,50
3970,12/04/2025,11,[12],14,24,36,53
3971,15/04/2025,11,24,36,50,53,67
3972,17/04/2025,11,24,36,50,53,67
3973,18/04/2025,[11],12,24,36,50,53
3974,19/04/2025,14,24,36,50,53,67
3975,22/04/2025,02,24,50,53,67,78
3976,24/04/2025,24,36,50,53,67,78
3977,26/04/2025,02,[24],36,50,53,[67]
3978,28/04/2025,02,12,36,50,53,78
3979,29/04/2025,02,12,36,50,53,78
3980,04/05/2025,02,36,50,53,78,84
3981,05/05/2025,02,12,36,50,53,78
3982,06/05/2025,02,36,50,51,53,78
3983,07/05/2025,02,36,50,53,78,84
3984,08/05/2025,12,34,36,50,53,78
3985,09/05/2025,02,12,36,50,53,78
3986,12/05/2025,02,12,36,50,53,78
3987,13/05/2025,[02],34,36,50,53,78
3988,15/05/2025,12,24,36,50,53,78
3989,16/05/2025,24,36,50,53,78,84
3990,17/05/2025,12,24,36,50,53,78
3991,20/05/2025,12,24,36,50,53,78
3992,22/05/2025,12,24,36,50,53,78
3993,23/05/2025,12,24,36,50,53,78
3994,24/05/2025,12,24,36,50,[53],78
3995,27/05/2025,[07],12,24,36,50,78
3996,29/05/2025,24,[27],36,50,78,84
3997,30/05/2025,12,24,36,50,78,84
3998,31/05/2025,12,24,36,50,78,84
3999,02/06/2025,24,36,50,78,84,89
4000,03/06/2025,12,24,[36],50,78,84
4001,05/06/2025,[02],07,09,18,53,59
4002,06/06/2025,05,07,18,30,44,60
4003,09/06/2025,03,09,11,15,53,67
4004,11/06/2025,[09],18,28,36,57,67
4005,12/06/2025,03,18,24,36,44,76
4006,13/06/2025,02,07,09,18,29,79
4007,14/06/2025,07,[18],27,29,67,83
4008,17/06/2025,07,31,36,[48],78,84
4009,19/06/2025,24,36,44,49,76,78
4010,20/06/2025,09,18,30,36,44,83
4011,21/06/2025,02,09,18,23,[36],78
4012,24/06/2025,03,09,18,30,58,67
4013,26/06/2025,07,11,18,44,53,67
4014,27/06/2025,50,53,67,79,80,86
4015,28/06/2025,02,12,29,44,50,67
4016,01/07/2025,25,50,59,64,76,78
4017,02/07/2025,02,50,59,79,80,81
4018,03/07/2025,02,36,50,53,64,76
4019,06/07/2025,02,24,36,50,70,[76]
4020,08/07/2025,11,12,24,27,50,64
4021,10/07/2025,07,18,24,29,36,83
4022,11/07/2025,[05],07,11,[24],36,50
4023,15/07/2025,09,17,18,50,64,[83]
4024,17/07/2025,09,[16],24,44,46,49
4025,18/07/2025,05,07,18,24,[50],83
4026,19/07/2025,[05],16,24,50,64,67
4027,22/07/2025,09,18,24,36,50,78
4028,24/07/2025,07,24,36,50,53,79
4029,25/07/2025,07,[16],18,24,44,50
4030,26/07/2025,07,18,29,44,67,69
4031,29/07/2025,17,18,24,36,44,50
4032,31/07/2025,05,07,24,36,49,50
4033,02/08/2025,07,09,24,[29],36,50
4034,03/08/2025,09,13,24,50,53,88
4035,04/08/2025,08,24,36,44,50,67
4036,05/08/2025,09,36,44,50,53,60
4037,07/08/2025,15,18,24,56,58,59
4038,08/08/2025,09,24,29,36,50,67
4039,11/08/2025,24,50,60,64,83,85
4040,14/08/2025,09,13,50,53,59,69
4041,16/08/2025,09,50,64,67,69,88
4042,18/08/2025,24,36,44,50,61,[83]
4043,19/08/2025,09,24,36,49,50,53
4044,21/08/2025,18,24,53,[57],64,78
4045,22/08/2025,[07],09,24,50,53,78
4046,23/08/2025,18,24,30,50,60,88
4047,26/08/2025,18,24,36,50,53,85
4048,28/08/2025,29,30,44,50,61,70
4049,29/08/2025,09,12,[18],29,50,53
4050,30/08/2025,06,07,12,36,50,64
4051,01/09/2025,07,09,12,18,50,78
4052,05/09/2025,11,12,18,22,46,59
4053,08/09/2025,07,12,[18],57,60,64
4054,09/09/2025,07,36,46,49,50,67
4055,10/09/2025,07,12,29,36,[50],64
4056,12/09/2025,07,12,18,29,50,60
4057,13/09/2025,05,12,18,24,49,50
4058,16/09/2025,05,07,[12],18,24,50
4059,18/09/2025,07,29,57,74,78,83
4060,19/09/2025,12,18,33,50,64,[78]
4061,20/09/2025,[12],18,26,44,50,67
4062,23/09/2025,03,07,18,44,49,50
4063,25/09/2025,02,18,23,26,50,88
4064,26/09/2025,[02],12,24,36,44,50
4065,27/09/2025,07,12,29,30,44,60
4066,30/09/2025,12,20,36,44,58,78
4067,01/10/2025,12,23,26,36,64,83
4068,04/10/2025,02,09,12,16,36,50
4069,05/10/2025,02,06,12,36,57,59
4070,06/10/2025,09,12,24,27,29,83
4071,07/10/2025,02,12,24,36,49,85
4072,10/10/2025,09,12,23,26,[82],83
4073,14/10/2025,[09],12,14,26,[44],64
4074,16/10/2025,05,14,24,36,[44],57
4075,17/10/2025,12,24,36,49,61,80
4076,18/10/2025,06,07,24,[26],60,78
4077,21/10/2025,05,07,[09],12,19,27
4078,23/10/2025,[07],12,19,26,44,58
4079,24/10/2025,[12],13,26,44,50,58
4080,25/10/2025,07,09,24,36,61,70
4081,28/10/2025,12,24,29,31,36,50
4082,30/10/2025,07,13,29,36,44,70
4083,31/10/2025,09,12,14,16,24,53
4084,01/11/2025,07,09,12,36,53,70
4085,02/11/2025,02,[09],12,14,36,53
4086,03/11/2025,05,12,18,24,29,82
4087,04/11/2025,07,[09],12,24,29,36
4088,07/11/2025,07,12,18,26,27,67
4089,09/11/2025,[09],16,18,53,67,70
4090,10/11/2025,02,12,14,24,58,67
4091,11/11/2025,09,11,12,18,24,53
4092,12/11/2025,07,09,29,33,67,69
4093,13/11/2025,02,[09],12,36,53,62
4094,14/11/2025,12,13,14,30,31,44
4095,15/11/2025,03,09,14,27,[40],50
4096,18/11/2025,03,07,09,[18],57,59
4097,20/11/2025,07,[09],29,46,57,59
4098,21/11/2025,[12],[18],44,67,82,85
4099,22/11/2025,07,28,[29],36,85,86
4100,25/11/2025,07,09,[18],44,53,89
4101,27/11/2025,07,[09],12,18,29,53
4102,28/11/2025,07,08,[12],14,18,50
4103,29/11/2025,09,18,28,[29],50,58
4104,04/12/2025,18,24,49,50,64,[85]
4105,06/12/2025,07,12,26,29,36,50
4106,07/12/2025,12,18,36,53,58,60
4107,08/12/2025,05,12,18,29,50,60
4108,09/12/2025,14,[44],50,57,64,79
4109,12/12/2025,20,23,24,50,53,[64]
4110,13/12/2025,12,18,24,27,50,82
4111,16/12/2025,12,27,44,50,60,83
4112,18/12/2025,[07],09,44,50,60,[69]
4113,19/12/2025,18,24,49,50,53,[60]
4114,20/12/2025,07,12,[24],26,36,64
4115,22/12/2025,09,18,29,50,60,69
4116,23/12/2025,07,12,[18],[24],26,60
4117,27/12/2025,02,09,28,36,50,69
4118,29/12/2025,07,09,44,49,50,[83]
4119,30/12/2025,18,22,24,29,36,74
4120,02/01/2026,02,12,29,36,50,69
4121,03/01/2026,14,18,24,36,53,78
4122,05/01/2026,09,24,36,50,64,[78]
4123,08/01/2026,05,[07],18,24,36,50
4124,09/01/2026,09,12,[18],[24],50,80
4125,10/01/2026,07,36,50,[60],70,85
4126,12/01/2026,07,18,24,26,[36],64
4127,13/01/2026,07,18,30,60,70,81
4128,15/01/2026,07,36,50,64,70,80
4129,16/01/2026,[24],29,36,50,64,74
4130,17/01/2026,12,24,36,50,69,74
4131,20/01/2026,09,24,36,44,50,83
4132,22/01/2026,[02],07,24,35,36,50
4133,23/01/2026,03,07,12,13,50,67
4134,24/01/2026,07,13,44,57,70,85
4135,27/01/2026,02,07,24,[27],36,44
4136,29/01/2026,19,36,44,57,70,85
4137,30/01/2026,02,09,24,36,50,53
4138,31/01/2026,03,13,24,27,36,50
4139,03/02/2026,03,13,27,50,61,79
4140,05/02/2026,07,44,49,50,79,83
4141,06/02/2026,07,16,24,29,[36],50
4142,07/02/2026,[07],24,36,44,50,53
4143,10/02/2026,09,13,24,26,64,85
4144,12/02/2026,18,24,26,50,57,69
4145,13/02/2026,12,26,27,36,50,61
4146,14/02/2026,07,12,13,24,26,36
4147,17/02/2026,12,27,36,50,[52],85
4148,19/02/2026,08,12,13,27,36,85
4149,20/02/2026,07,27,29,36,53,69
4150,21/02/2026,09,44,52,64,69,85
4151,24/02/2026,02,07,11,24,[26],36
4152,26/02/2026,09,27,29,60,64,74
4153,27/02/2026,12,26,27,36,50,69
4154,28/02/2026,07,12,18,24,49,79
4155,03/03/2026,18,27,30,50,60,69
4156,05/03/2026,26,27,36,64,67,80
4157,06/03/2026,18,26,27,60,61,67
4158,07/03/2026,[12],49,60,67,80,83
4159,10/03/2026,27,29,36,50,67,78
4160,12/03/2026,07,12,18,50,[64],80
4161,13/03/2026,12,26,29,50,52,60
4162,14/03/2026,08,24,36,50,65,67
4163,17/03/2026,12,24,30,36,50,67
4164,19/03/2026,07,26,36,50,67,76
4165,20/03/2026,02,12,24,34,50,53
4166,21/03/2026,07,12,24,50,53,60
4167,24/03/2026,12,24,50,52,[60],69
4168,26/03/2026,02,12,18,[24],50,53
4169,27/03/2026,24,26,36,50,53,85
4170,28/03/2026,24,50,53,69,80,83
4171,31/03/2026,02,12,13,22,24,83
4172,02/04/2026,22,[24],27,[36],50,67
4173,03/04/2026,13,46,50,[53],60,61
4174,04/04/2026,12,24,27,49,50,53
4175,07/04/2026,09,[18],24,36,[50],53
4176,09/04/2026,13,26,46,50,64,67
4177,10/04/2026,22,26,50,53,60,67
4178,11/04/2026,06,24,50,60,69,78
4179,14/04/2026,12,18,24,50,53,85
4180,16/04/2026,24,26,27,30,36,50
4181,17/04/2026,02,24,29,50,58,64
4182,18/04/2026,07,24,36,50,67,69
4183,21/04/2026,12,30,50,53,60,83
4184,23/04/2026,06,36,50,53,60,67
4185,24/04/2026,12,[13],27,50,53,60
4186,27/04/2026,12,24,46,50,67,83
4187,28/04/2026,12,13,24,27,50,53
4188,30/04/2026,12,18,24,36,50,53
4189,02/05/2026,13,24,50,53,61,83
4190,04/05/2026,13,24,26,36,50,60
4191,05/05/2026,18,[24],49,50,53,57
4192,07/05/2026,12,13,27,49,50,53
4193,08/05/2026,02,13,18,49,50,85
4194,09/05/2026,07,36,49,50,69,80
4195,12/05/2026,07,12,24,44,50,69
4196,14/05/2026,24,44,50,53,54,67
4197,15/05/2026,08,12,24,36,50,53
4198,16/05/2026,[12],18,24,27,50,[69]
4199,19/05/2026,02,09,24,36,50,53
4200,21/05/2026,05,12,24,27,50,85
4201,23/05/2026,09,11,13,24,50,89
4202,26/05/2026,13,18,24,49,50,64
4203,28/05/2026,13,27,50,57,60,89
4204,29/05/2026,12,13,24,49,59,60
4205,30/05/2026,[13],18,36,50,52,64
4206,04/06/2026,07,36,44,50,57,59
4207,05/06/2026,07,24,29,50,52,67
4208,06/06/2026,05,[29],50,57,60,85
4209,08/06/2026,03,12,24,27,44,50
4210,09/06/2026,24,27,30,53,60,85
4211,11/06/2026,27,36,50,53,55,63
4212,12/06/2026,02,13,27,36,50,53
4213,13/06/2026,[13],27,57,64,69,74
4214,16/06/2026,18,24,36,38,44,50
4215,18/06/2026,12,13,23,27,50,60
4216,20/06/2026,02,03,18,27,36,84
4217,26/06/2026,[22],23,24,36,49,64
4218,30/06/2026,24,36,49,50,63,70
4219,07/07/2026,13,18,24,50,60,70
4220,09/07/2026,24,26,36,50,59,70
4221,10/07/2026,07,22,24,26,29,30
4222,11/07/2026,16,22,27,53,60,70
4223,14/07/2026,06,24,50,53,63,70
4224,16/07/2026,06,12,27,36,53,70
4225,25/07/2026,06,13,[18],50,53,59
4226,28/07/2026,13,15,26,53,60,70
4227,30/07/2026,02,13,24,29,49,50
4228,31/07/2026,12,24,26,49,53,70
4229,04/08/2026,12,34,44,50,53,67
4230,06/08/2026,09,12,13,24,53,67
4231,07/08/2026,26,44,53,67,70,85
4232,08/08/2026,18,26,50,53,70,76
4233,11/08/2026,24,29,49,[53],64,70
